solid OpenSCAD_Model
  facet normal 1 -0 0
    outer loop
      vertex 21.6 -96.35 38
      vertex 21.6 -90.35 19.4641
      vertex 21.6 -90.35 38
    endloop
  endfacet
  facet normal 1 0 0
    outer loop
      vertex 21.6 -90.35 19.4641
      vertex 21.6 -96.35 38
      vertex 21.6 -96.35 19.4641
    endloop
  endfacet
  facet normal -0 0 1
    outer loop
      vertex 0 -90.35 38
      vertex 21.6 -96.35 38
      vertex 21.6 -90.35 38
    endloop
  endfacet
  facet normal 0 0 1
    outer loop
      vertex 21.6 -96.35 38
      vertex 0 -90.35 38
      vertex 0 -96.35 38
    endloop
  endfacet
  facet normal -1 0 0
    outer loop
      vertex 0 -4.5 3.01227
      vertex 0 -10 9
      vertex 0 -4.5 9
    endloop
  endfacet
  facet normal -1 0 0
    outer loop
      vertex 0 -10 9
      vertex 0 -90.35 25
      vertex 0 -10 25
    endloop
  endfacet
  facet normal -1 0 0
    outer loop
      vertex 0 -96.35 3.01227
      vertex 0 -10 9
      vertex 0 -4.5 3.01227
    endloop
  endfacet
  facet normal -1 -0 0
    outer loop
      vertex 0 -10 9
      vertex 0 -96.35 3.01227
      vertex 0 -90.35 25
    endloop
  endfacet
  facet normal -1 0 0
    outer loop
      vertex 0 -96.35 38
      vertex 0 -90.35 25
      vertex 0 -96.35 3.01227
    endloop
  endfacet
  facet normal -1 0 0
    outer loop
      vertex 0 -90.35 25
      vertex 0 -96.35 38
      vertex 0 -90.35 38
    endloop
  endfacet
  facet normal -1 0 0
    outer loop
      vertex 0 96.35 3.01227
      vertex 0 90.35 25
      vertex 0 96.35 38
    endloop
  endfacet
  facet normal -1 0 0
    outer loop
      vertex 0 96.35 3.01227
      vertex 0 10 9
      vertex 0 90.35 25
    endloop
  endfacet
  facet normal -1 0 0
    outer loop
      vertex 0 4.5 3.01227
      vertex 0 10 9
      vertex 0 96.35 3.01227
    endloop
  endfacet
  facet normal -1 -0 0
    outer loop
      vertex 0 10 9
      vertex 0 4.5 3.01227
      vertex 0 4.5 9
    endloop
  endfacet
  facet normal -1 -0 0
    outer loop
      vertex 0 96.35 38
      vertex 0 90.35 25
      vertex 0 90.35 38
    endloop
  endfacet
  facet normal -1 -0 0
    outer loop
      vertex 0 90.35 25
      vertex 0 10 9
      vertex 0 10 25
    endloop
  endfacet
  facet normal 0 1 0
    outer loop
      vertex 21.6 -90.35 38
      vertex 7 -90.35 25
      vertex 0 -90.35 38
    endloop
  endfacet
  facet normal 0 1 -0
    outer loop
      vertex 21.6 -90.35 19.4641
      vertex 7 -90.35 25
      vertex 21.6 -90.35 38
    endloop
  endfacet
  facet normal 0 1 -0
    outer loop
      vertex 19.6 -90.35 16
      vertex 7 -90.35 25
      vertex 21.6 -90.35 19.4641
    endloop
  endfacet
  facet normal 0 1 0
    outer loop
      vertex 7 -90.35 25
      vertex 19.6 -90.35 16
      vertex 7 -90.35 16
    endloop
  endfacet
  facet normal 0 1 0
    outer loop
      vertex 0 -90.35 38
      vertex 7 -90.35 25
      vertex 0 -90.35 25
    endloop
  endfacet
  facet normal 0 -1 0
    outer loop
      vertex 0 -96.35 38
      vertex 21.6 -96.35 19.4641
      vertex 21.6 -96.35 38
    endloop
  endfacet
  facet normal 0 -1 0
    outer loop
      vertex 0 -96.35 3.01227
      vertex 21.6 -96.35 19.4641
      vertex 0 -96.35 38
    endloop
  endfacet
  facet normal 0 -1 0
    outer loop
      vertex 3.01227 -96.35 0
      vertex 21.6 -96.35 19.4641
      vertex 0 -96.35 3.01227
    endloop
  endfacet
  facet normal 0 -1 -0
    outer loop
      vertex 21.6 -96.35 19.4641
      vertex 3.01227 -96.35 0
      vertex 28.6 -96.35 16
    endloop
  endfacet
  facet normal 0 -1 0
    outer loop
      vertex 126.988 -96.35 0
      vertex 28.6 -96.35 16
      vertex 3.01227 -96.35 0
    endloop
  endfacet
  facet normal 0 -1 0
    outer loop
      vertex 28.6 -96.35 16
      vertex 126.988 -96.35 0
      vertex 130 -96.35 16
    endloop
  endfacet
  facet normal 0 -1 -0
    outer loop
      vertex 130 -96.35 16
      vertex 126.988 -96.35 0
      vertex 130 -96.35 3.01227
    endloop
  endfacet
  facet normal 0 -1 0
    outer loop
      vertex 28.6 -96.35 16
      vertex 81.75 -96.35 123.647
      vertex 21.6 -96.35 19.4641
    endloop
  endfacet
  facet normal 0 -1 -0
    outer loop
      vertex 81.75 -96.35 123.647
      vertex 28.6 -96.35 16
      vertex 90.75 -96.35 123.647
    endloop
  endfacet
  facet normal 1 -0 0
    outer loop
      vertex 21.6 90.35 38
      vertex 21.6 96.35 19.4641
      vertex 21.6 96.35 38
    endloop
  endfacet
  facet normal 1 0 0
    outer loop
      vertex 21.6 96.35 19.4641
      vertex 21.6 90.35 38
      vertex 21.6 90.35 19.4641
    endloop
  endfacet
  facet normal -0 0 1
    outer loop
      vertex 0 96.35 38
      vertex 21.6 90.35 38
      vertex 21.6 96.35 38
    endloop
  endfacet
  facet normal 0 0 1
    outer loop
      vertex 21.6 90.35 38
      vertex 0 96.35 38
      vertex 0 90.35 38
    endloop
  endfacet
  facet normal 0 1 0
    outer loop
      vertex 126.988 96.35 0
      vertex 130 96.35 16
      vertex 130 96.35 3.01227
    endloop
  endfacet
  facet normal 0 1 0
    outer loop
      vertex 28.6 96.35 16
      vertex 81.75 96.35 123.647
      vertex 90.75 96.35 123.647
    endloop
  endfacet
  facet normal 0 1 0
    outer loop
      vertex 81.75 96.35 123.647
      vertex 28.6 96.35 16
      vertex 21.6 96.35 19.4641
    endloop
  endfacet
  facet normal 0 1 -0
    outer loop
      vertex 21.6 96.35 19.4641
      vertex 0 96.35 38
      vertex 21.6 96.35 38
    endloop
  endfacet
  facet normal 0 1 0
    outer loop
      vertex 21.6 96.35 19.4641
      vertex 0 96.35 3.01227
      vertex 0 96.35 38
    endloop
  endfacet
  facet normal 0 1 0
    outer loop
      vertex 3.01227 96.35 0
      vertex 21.6 96.35 19.4641
      vertex 28.6 96.35 16
    endloop
  endfacet
  facet normal 0 1 0
    outer loop
      vertex 130 96.35 16
      vertex 126.988 96.35 0
      vertex 28.6 96.35 16
    endloop
  endfacet
  facet normal 0 1 0
    outer loop
      vertex 3.01227 96.35 0
      vertex 28.6 96.35 16
      vertex 126.988 96.35 0
    endloop
  endfacet
  facet normal 0 1 0
    outer loop
      vertex 21.6 96.35 19.4641
      vertex 3.01227 96.35 0
      vertex 0 96.35 3.01227
    endloop
  endfacet
  facet normal 0 -1 0
    outer loop
      vertex 7 90.35 25
      vertex 0 90.35 38
      vertex 0 90.35 25
    endloop
  endfacet
  facet normal 0 -1 0
    outer loop
      vertex 0 90.35 38
      vertex 7 90.35 25
      vertex 21.6 90.35 38
    endloop
  endfacet
  facet normal 0 -1 0
    outer loop
      vertex 7 90.35 25
      vertex 21.6 90.35 19.4641
      vertex 21.6 90.35 38
    endloop
  endfacet
  facet normal 0 -1 0
    outer loop
      vertex 19.6 90.35 16
      vertex 7 90.35 25
      vertex 7 90.35 16
    endloop
  endfacet
  facet normal 0 -1 0
    outer loop
      vertex 7 90.35 25
      vertex 19.6 90.35 16
      vertex 21.6 90.35 19.4641
    endloop
  endfacet
  facet normal 0 0 1
    outer loop
      vertex 119.347 80.1853 16
      vertex 130 96.35 16
      vertex 119.432 80.5686 16
    endloop
  endfacet
  facet normal 0 0 1
    outer loop
      vertex 130 -96.35 16
      vertex 119.483 -80.9578 16
      vertex 119.5 -81.35 16
    endloop
  endfacet
  facet normal 0 0 1
    outer loop
      vertex 119.229 79.8109 16
      vertex 130 96.35 16
      vertex 119.347 80.1853 16
    endloop
  endfacet
  facet normal 0 0 1
    outer loop
      vertex 130 -96.35 16
      vertex 119.432 -80.5686 16
      vertex 119.483 -80.9578 16
    endloop
  endfacet
  facet normal 0 0 1
    outer loop
      vertex 119.078 79.4482 16
      vertex 130 96.35 16
      vertex 119.229 79.8109 16
    endloop
  endfacet
  facet normal 0 0 1
    outer loop
      vertex 130 -96.35 16
      vertex 119.347 -80.1853 16
      vertex 119.432 -80.5686 16
    endloop
  endfacet
  facet normal 0 0 1
    outer loop
      vertex 118.897 79.1 16
      vertex 130 96.35 16
      vertex 119.078 79.4482 16
    endloop
  endfacet
  facet normal 0 0 1
    outer loop
      vertex 130 -96.35 16
      vertex 119.229 -79.8109 16
      vertex 119.347 -80.1853 16
    endloop
  endfacet
  facet normal 0 0 1
    outer loop
      vertex 130 96.35 16
      vertex 118.897 79.1 16
      vertex 130 -96.35 16
    endloop
  endfacet
  facet normal 0 0 1
    outer loop
      vertex 130 -96.35 16
      vertex 119.078 -79.4482 16
      vertex 119.229 -79.8109 16
    endloop
  endfacet
  facet normal -0 0 1
    outer loop
      vertex 118.897 -79.1 16
      vertex 130 -96.35 16
      vertex 118.897 79.1 16
    endloop
  endfacet
  facet normal 0 0 1
    outer loop
      vertex 130 -96.35 16
      vertex 118.897 -79.1 16
      vertex 119.078 -79.4482 16
    endloop
  endfacet
  facet normal -0 0 1
    outer loop
      vertex 118.686 78.7689 16
      vertex 118.897 -79.1 16
      vertex 118.897 79.1 16
    endloop
  endfacet
  facet normal 0 0 1
    outer loop
      vertex 118.686 78.7689 16
      vertex 118.686 -78.7689 16
      vertex 118.897 -79.1 16
    endloop
  endfacet
  facet normal -0 0 1
    outer loop
      vertex 118.447 78.4575 16
      vertex 118.686 -78.7689 16
      vertex 118.686 78.7689 16
    endloop
  endfacet
  facet normal 0 0 1
    outer loop
      vertex 118.447 78.4575 16
      vertex 118.447 -78.4575 16
      vertex 118.686 -78.7689 16
    endloop
  endfacet
  facet normal -0 0 1
    outer loop
      vertex 118.182 78.168 16
      vertex 118.447 -78.4575 16
      vertex 118.447 78.4575 16
    endloop
  endfacet
  facet normal 0 0 1
    outer loop
      vertex 118.182 78.168 16
      vertex 118.182 -78.168 16
      vertex 118.447 -78.4575 16
    endloop
  endfacet
  facet normal -0 0 1
    outer loop
      vertex 117.893 77.9028 16
      vertex 118.182 -78.168 16
      vertex 118.182 78.168 16
    endloop
  endfacet
  facet normal 0 0 1
    outer loop
      vertex 117.893 77.9028 16
      vertex 117.893 -77.9028 16
      vertex 118.182 -78.168 16
    endloop
  endfacet
  facet normal 0 0 1
    outer loop
      vertex 83.097 -17.8742 16
      vertex 117.893 77.9028 16
      vertex 117.581 77.6638 16
    endloop
  endfacet
  facet normal 0 0 1
    outer loop
      vertex 117.893 77.9028 16
      vertex 83.097 -17.8742 16
      vertex 117.893 -77.9028 16
    endloop
  endfacet
  facet normal 0 0 1
    outer loop
      vertex 83.097 -17.8742 16
      vertex 117.581 77.6638 16
      vertex 117.25 77.4529 16
    endloop
  endfacet
  facet normal 0 0 1
    outer loop
      vertex 117.893 -77.9028 16
      vertex 83.097 -17.8742 16
      vertex 117.581 -77.6638 16
    endloop
  endfacet
  facet normal 0 0 1
    outer loop
      vertex 83.097 -17.8742 16
      vertex 117.25 77.4529 16
      vertex 116.902 77.2716 16
    endloop
  endfacet
  facet normal 0 0 1
    outer loop
      vertex 117.581 -77.6638 16
      vertex 83.097 -17.8742 16
      vertex 117.25 -77.4529 16
    endloop
  endfacet
  facet normal 0 0 1
    outer loop
      vertex 83.097 -17.8742 16
      vertex 116.902 77.2716 16
      vertex 116.539 77.1214 16
    endloop
  endfacet
  facet normal -0 0 1
    outer loop
      vertex 83.097 -23 16
      vertex 117.25 -77.4529 16
      vertex 83.097 -17.8742 16
    endloop
  endfacet
  facet normal 0 0 1
    outer loop
      vertex 83.097 -17.8742 16
      vertex 116.539 77.1214 16
      vertex 116.165 77.0033 16
    endloop
  endfacet
  facet normal 0 0 1
    outer loop
      vertex 117.25 -77.4529 16
      vertex 83.097 -23 16
      vertex 116.902 -77.2716 16
    endloop
  endfacet
  facet normal 0 0 1
    outer loop
      vertex 83.097 -17.8742 16
      vertex 116.165 77.0033 16
      vertex 115.781 76.9184 16
    endloop
  endfacet
  facet normal 0 0 1
    outer loop
      vertex 116.902 -77.2716 16
      vertex 83.097 -23 16
      vertex 116.539 -77.1214 16
    endloop
  endfacet
  facet normal 0 0 1
    outer loop
      vertex 83.097 -17.8742 16
      vertex 115.781 76.9184 16
      vertex 115.392 76.8671 16
    endloop
  endfacet
  facet normal 0 0 1
    outer loop
      vertex 116.539 -77.1214 16
      vertex 83.097 -23 16
      vertex 116.165 -77.0033 16
    endloop
  endfacet
  facet normal 0 0 1
    outer loop
      vertex 83.097 -17.8742 16
      vertex 115.392 76.8671 16
      vertex 115 76.85 16
    endloop
  endfacet
  facet normal 0 0 1
    outer loop
      vertex 116.165 -77.0033 16
      vertex 83.097 -23 16
      vertex 115.781 -76.9184 16
    endloop
  endfacet
  facet normal 0 0 1
    outer loop
      vertex 83.097 -17.8742 16
      vertex 115 76.85 16
      vertex 114.608 76.8671 16
    endloop
  endfacet
  facet normal 0 0 1
    outer loop
      vertex 115.781 -76.9184 16
      vertex 83.097 -23 16
      vertex 115.392 -76.8671 16
    endloop
  endfacet
  facet normal 0 0 1
    outer loop
      vertex 83.097 -17.8742 16
      vertex 114.608 76.8671 16
      vertex 114.219 76.9184 16
    endloop
  endfacet
  facet normal 0 0 1
    outer loop
      vertex 115.392 -76.8671 16
      vertex 83.097 -23 16
      vertex 115 -76.85 16
    endloop
  endfacet
  facet normal 0 0 1
    outer loop
      vertex 83.097 -17.8742 16
      vertex 114.219 76.9184 16
      vertex 113.835 77.0033 16
    endloop
  endfacet
  facet normal 0 0 1
    outer loop
      vertex 115 -76.85 16
      vertex 83.097 -23 16
      vertex 114.608 -76.8671 16
    endloop
  endfacet
  facet normal 0 0 1
    outer loop
      vertex 83.097 -17.8742 16
      vertex 113.835 77.0033 16
      vertex 113.461 77.1214 16
    endloop
  endfacet
  facet normal 0 0 1
    outer loop
      vertex 114.608 -76.8671 16
      vertex 83.097 -23 16
      vertex 114.219 -76.9184 16
    endloop
  endfacet
  facet normal 0 0 1
    outer loop
      vertex 83.097 -17.8742 16
      vertex 113.461 77.1214 16
      vertex 113.098 77.2716 16
    endloop
  endfacet
  facet normal 0 0 1
    outer loop
      vertex 114.219 -76.9184 16
      vertex 83.097 -23 16
      vertex 113.835 -77.0033 16
    endloop
  endfacet
  facet normal 0 0 1
    outer loop
      vertex 83.097 -17.8742 16
      vertex 113.098 77.2716 16
      vertex 112.75 77.4529 16
    endloop
  endfacet
  facet normal 0 0 1
    outer loop
      vertex 113.835 -77.0033 16
      vertex 83.097 -23 16
      vertex 113.461 -77.1214 16
    endloop
  endfacet
  facet normal 0 0 1
    outer loop
      vertex 83.097 -17.8742 16
      vertex 112.75 77.4529 16
      vertex 112.419 77.6638 16
    endloop
  endfacet
  facet normal 0 0 1
    outer loop
      vertex 113.461 -77.1214 16
      vertex 83.097 -23 16
      vertex 113.098 -77.2716 16
    endloop
  endfacet
  facet normal 0 0 1
    outer loop
      vertex 54.8692 -10.8173 16
      vertex 112.419 77.6638 16
      vertex 112.107 77.9028 16
    endloop
  endfacet
  facet normal 0 0 1
    outer loop
      vertex 113.098 -77.2716 16
      vertex 83.097 -23 16
      vertex 112.75 -77.4529 16
    endloop
  endfacet
  facet normal 0 0 1
    outer loop
      vertex 54.8692 -10.8173 16
      vertex 112.107 77.9028 16
      vertex 111.818 78.168 16
    endloop
  endfacet
  facet normal 0 0 1
    outer loop
      vertex 112.75 -77.4529 16
      vertex 83.097 -23 16
      vertex 112.419 -77.6638 16
    endloop
  endfacet
  facet normal 0 0 1
    outer loop
      vertex 54.8692 -10.8173 16
      vertex 111.818 78.168 16
      vertex 111.553 78.4575 16
    endloop
  endfacet
  facet normal 0 0 1
    outer loop
      vertex 112.419 -77.6638 16
      vertex 83.097 -23 16
      vertex 112.107 -77.9028 16
    endloop
  endfacet
  facet normal 0 0 1
    outer loop
      vertex 54.8692 -10.8173 16
      vertex 111.553 78.4575 16
      vertex 111.314 78.7689 16
    endloop
  endfacet
  facet normal 0 0 1
    outer loop
      vertex 112.107 -77.9028 16
      vertex 83.097 -23 16
      vertex 111.818 -78.168 16
    endloop
  endfacet
  facet normal 0 0 1
    outer loop
      vertex 54.8692 -10.8173 16
      vertex 111.314 78.7689 16
      vertex 111.103 79.1 16
    endloop
  endfacet
  facet normal 0 0 1
    outer loop
      vertex 111.818 -78.168 16
      vertex 83.097 -23 16
      vertex 111.553 -78.4575 16
    endloop
  endfacet
  facet normal 0 0 1
    outer loop
      vertex 28.6 96.35 16
      vertex 111.103 79.1 16
      vertex 110.922 79.4482 16
    endloop
  endfacet
  facet normal 0 0 1
    outer loop
      vertex 111.553 -78.4575 16
      vertex 83.097 -23 16
      vertex 111.314 -78.7689 16
    endloop
  endfacet
  facet normal 0 0 1
    outer loop
      vertex 28.6 96.35 16
      vertex 110.922 79.4482 16
      vertex 110.771 79.8109 16
    endloop
  endfacet
  facet normal 0 0 1
    outer loop
      vertex 111.314 -78.7689 16
      vertex 83.097 -23 16
      vertex 111.103 -79.1 16
    endloop
  endfacet
  facet normal 0 0 1
    outer loop
      vertex 28.6 96.35 16
      vertex 110.771 79.8109 16
      vertex 110.653 80.1853 16
    endloop
  endfacet
  facet normal 0 0 1
    outer loop
      vertex 111.103 -79.1 16
      vertex 83.097 -23 16
      vertex 110.922 -79.4482 16
    endloop
  endfacet
  facet normal 0 0 1
    outer loop
      vertex 28.6 96.35 16
      vertex 110.653 80.1853 16
      vertex 110.568 80.5686 16
    endloop
  endfacet
  facet normal 0 0 1
    outer loop
      vertex 110.922 -79.4482 16
      vertex 83.097 -23 16
      vertex 110.771 -79.8109 16
    endloop
  endfacet
  facet normal 0 0 1
    outer loop
      vertex 28.6 96.35 16
      vertex 110.568 80.5686 16
      vertex 110.517 80.9578 16
    endloop
  endfacet
  facet normal 0 0 1
    outer loop
      vertex 110.771 -79.8109 16
      vertex 83.097 -23 16
      vertex 110.653 -80.1853 16
    endloop
  endfacet
  facet normal 0 0 1
    outer loop
      vertex 28.6 96.35 16
      vertex 110.517 80.9578 16
      vertex 110.5 81.35 16
    endloop
  endfacet
  facet normal 0 0 1
    outer loop
      vertex 28.6 -96.35 16
      vertex 110.653 -80.1853 16
      vertex 83.097 -23 16
    endloop
  endfacet
  facet normal 0 0 1
    outer loop
      vertex 119.483 80.9578 16
      vertex 130 96.35 16
      vertex 119.5 81.35 16
    endloop
  endfacet
  facet normal 0 0 1
    outer loop
      vertex 130 96.35 16
      vertex 119.483 81.7422 16
      vertex 119.5 81.35 16
    endloop
  endfacet
  facet normal 0 0 1
    outer loop
      vertex 130 96.35 16
      vertex 119.432 82.1314 16
      vertex 119.483 81.7422 16
    endloop
  endfacet
  facet normal 0 0 1
    outer loop
      vertex 130 96.35 16
      vertex 119.347 82.5147 16
      vertex 119.432 82.1314 16
    endloop
  endfacet
  facet normal 0 0 1
    outer loop
      vertex 130 96.35 16
      vertex 119.229 82.8891 16
      vertex 119.347 82.5147 16
    endloop
  endfacet
  facet normal 0 0 1
    outer loop
      vertex 130 96.35 16
      vertex 119.078 83.2518 16
      vertex 119.229 82.8891 16
    endloop
  endfacet
  facet normal 0 0 1
    outer loop
      vertex 130 96.35 16
      vertex 118.897 83.6 16
      vertex 119.078 83.2518 16
    endloop
  endfacet
  facet normal 0 0 1
    outer loop
      vertex 130 96.35 16
      vertex 118.686 83.9311 16
      vertex 118.897 83.6 16
    endloop
  endfacet
  facet normal 0 0 1
    outer loop
      vertex 130 96.35 16
      vertex 118.447 84.2425 16
      vertex 118.686 83.9311 16
    endloop
  endfacet
  facet normal 0 0 1
    outer loop
      vertex 130 96.35 16
      vertex 118.182 84.532 16
      vertex 118.447 84.2425 16
    endloop
  endfacet
  facet normal 0 0 1
    outer loop
      vertex 130 96.35 16
      vertex 117.893 84.7972 16
      vertex 118.182 84.532 16
    endloop
  endfacet
  facet normal 0 0 1
    outer loop
      vertex 130 96.35 16
      vertex 117.581 85.0362 16
      vertex 117.893 84.7972 16
    endloop
  endfacet
  facet normal 0 0 1
    outer loop
      vertex 130 96.35 16
      vertex 117.25 85.2471 16
      vertex 117.581 85.0362 16
    endloop
  endfacet
  facet normal 0 0 1
    outer loop
      vertex 130 96.35 16
      vertex 116.902 85.4284 16
      vertex 117.25 85.2471 16
    endloop
  endfacet
  facet normal 0 0 1
    outer loop
      vertex 130 96.35 16
      vertex 116.539 85.5786 16
      vertex 116.902 85.4284 16
    endloop
  endfacet
  facet normal 0 0 1
    outer loop
      vertex 130 96.35 16
      vertex 116.165 85.6967 16
      vertex 116.539 85.5786 16
    endloop
  endfacet
  facet normal 0 0 1
    outer loop
      vertex 130 96.35 16
      vertex 115.781 85.7816 16
      vertex 116.165 85.6967 16
    endloop
  endfacet
  facet normal 0 0 1
    outer loop
      vertex 130 96.35 16
      vertex 115.392 85.8329 16
      vertex 115.781 85.7816 16
    endloop
  endfacet
  facet normal 0 0 1
    outer loop
      vertex 130 96.35 16
      vertex 115 85.85 16
      vertex 115.392 85.8329 16
    endloop
  endfacet
  facet normal 0 0 1
    outer loop
      vertex 130 96.35 16
      vertex 114.608 85.8329 16
      vertex 115 85.85 16
    endloop
  endfacet
  facet normal 0 0 1
    outer loop
      vertex 130 96.35 16
      vertex 114.219 85.7816 16
      vertex 114.608 85.8329 16
    endloop
  endfacet
  facet normal 0 0 1
    outer loop
      vertex 130 96.35 16
      vertex 113.835 85.6967 16
      vertex 114.219 85.7816 16
    endloop
  endfacet
  facet normal 0 0 1
    outer loop
      vertex 130 96.35 16
      vertex 113.461 85.5786 16
      vertex 113.835 85.6967 16
    endloop
  endfacet
  facet normal 0 0 1
    outer loop
      vertex 130 96.35 16
      vertex 113.098 85.4284 16
      vertex 113.461 85.5786 16
    endloop
  endfacet
  facet normal -0 0 1
    outer loop
      vertex 28.6 96.35 16
      vertex 113.098 85.4284 16
      vertex 130 96.35 16
    endloop
  endfacet
  facet normal 0 0 1
    outer loop
      vertex 113.098 85.4284 16
      vertex 28.6 96.35 16
      vertex 112.75 85.2471 16
    endloop
  endfacet
  facet normal 0 0 1
    outer loop
      vertex 110.653 -80.1853 16
      vertex 28.6 -96.35 16
      vertex 110.568 -80.5686 16
    endloop
  endfacet
  facet normal 0 0 1
    outer loop
      vertex 28.6 96.35 16
      vertex 110.5 81.35 16
      vertex 110.517 81.7422 16
    endloop
  endfacet
  facet normal 0 0 1
    outer loop
      vertex 28.6 96.35 16
      vertex 110.517 81.7422 16
      vertex 110.568 82.1314 16
    endloop
  endfacet
  facet normal 0 0 1
    outer loop
      vertex 28.6 96.35 16
      vertex 110.568 82.1314 16
      vertex 110.653 82.5147 16
    endloop
  endfacet
  facet normal 0 0 1
    outer loop
      vertex 112.419 77.6638 16
      vertex 54.8692 -10.8173 16
      vertex 83.097 -17.8742 16
    endloop
  endfacet
  facet normal 0 0 1
    outer loop
      vertex 28.6 96.35 16
      vertex 110.653 82.5147 16
      vertex 110.771 82.8891 16
    endloop
  endfacet
  facet normal 0 0 1
    outer loop
      vertex 28.6 96.35 16
      vertex 110.771 82.8891 16
      vertex 110.922 83.2518 16
    endloop
  endfacet
  facet normal 0 0 1
    outer loop
      vertex 28.6 96.35 16
      vertex 110.922 83.2518 16
      vertex 111.103 83.6 16
    endloop
  endfacet
  facet normal 0 0 1
    outer loop
      vertex 111.103 79.1 16
      vertex 28.6 96.35 16
      vertex 54.8692 -10.8173 16
    endloop
  endfacet
  facet normal 0 0 1
    outer loop
      vertex 28.6 96.35 16
      vertex 111.103 83.6 16
      vertex 111.314 83.9311 16
    endloop
  endfacet
  facet normal 0 0 1
    outer loop
      vertex 28.6 96.35 16
      vertex 111.314 83.9311 16
      vertex 111.553 84.2425 16
    endloop
  endfacet
  facet normal 0 0 1
    outer loop
      vertex 28.6 96.35 16
      vertex 111.553 84.2425 16
      vertex 111.818 84.532 16
    endloop
  endfacet
  facet normal 0 0 1
    outer loop
      vertex 29.9808 -4.59519 16
      vertex 28.6 96.35 16
      vertex 29.9808 -23 16
    endloop
  endfacet
  facet normal 0 0 1
    outer loop
      vertex 54.8692 -10.8173 16
      vertex 28.6 96.35 16
      vertex 29.9808 -4.59519 16
    endloop
  endfacet
  facet normal 0 0 1
    outer loop
      vertex 112.107 84.7972 16
      vertex 28.6 96.35 16
      vertex 111.818 84.532 16
    endloop
  endfacet
  facet normal 0 0 1
    outer loop
      vertex 112.419 85.0362 16
      vertex 28.6 96.35 16
      vertex 112.107 84.7972 16
    endloop
  endfacet
  facet normal 0 0 1
    outer loop
      vertex 112.75 85.2471 16
      vertex 28.6 96.35 16
      vertex 112.419 85.0362 16
    endloop
  endfacet
  facet normal 0 0 1
    outer loop
      vertex 119.432 80.5686 16
      vertex 130 96.35 16
      vertex 119.483 80.9578 16
    endloop
  endfacet
  facet normal -0 0 1
    outer loop
      vertex 119.483 -81.7422 16
      vertex 130 -96.35 16
      vertex 119.5 -81.35 16
    endloop
  endfacet
  facet normal -0 0 1
    outer loop
      vertex 119.432 -82.1314 16
      vertex 130 -96.35 16
      vertex 119.483 -81.7422 16
    endloop
  endfacet
  facet normal -0 0 1
    outer loop
      vertex 119.347 -82.5147 16
      vertex 130 -96.35 16
      vertex 119.432 -82.1314 16
    endloop
  endfacet
  facet normal -0 0 1
    outer loop
      vertex 119.229 -82.8891 16
      vertex 130 -96.35 16
      vertex 119.347 -82.5147 16
    endloop
  endfacet
  facet normal -0 0 1
    outer loop
      vertex 119.078 -83.2518 16
      vertex 130 -96.35 16
      vertex 119.229 -82.8891 16
    endloop
  endfacet
  facet normal -0 0 1
    outer loop
      vertex 118.897 -83.6 16
      vertex 130 -96.35 16
      vertex 119.078 -83.2518 16
    endloop
  endfacet
  facet normal -0 0 1
    outer loop
      vertex 118.686 -83.9311 16
      vertex 130 -96.35 16
      vertex 118.897 -83.6 16
    endloop
  endfacet
  facet normal -0 0 1
    outer loop
      vertex 118.447 -84.2425 16
      vertex 130 -96.35 16
      vertex 118.686 -83.9311 16
    endloop
  endfacet
  facet normal -0 0 1
    outer loop
      vertex 118.182 -84.532 16
      vertex 130 -96.35 16
      vertex 118.447 -84.2425 16
    endloop
  endfacet
  facet normal -0 0 1
    outer loop
      vertex 117.893 -84.7972 16
      vertex 130 -96.35 16
      vertex 118.182 -84.532 16
    endloop
  endfacet
  facet normal -0 0 1
    outer loop
      vertex 117.581 -85.0362 16
      vertex 130 -96.35 16
      vertex 117.893 -84.7972 16
    endloop
  endfacet
  facet normal -0 0 1
    outer loop
      vertex 117.25 -85.2471 16
      vertex 130 -96.35 16
      vertex 117.581 -85.0362 16
    endloop
  endfacet
  facet normal -0 0 1
    outer loop
      vertex 116.902 -85.4284 16
      vertex 130 -96.35 16
      vertex 117.25 -85.2471 16
    endloop
  endfacet
  facet normal -0 0 1
    outer loop
      vertex 116.539 -85.5786 16
      vertex 130 -96.35 16
      vertex 116.902 -85.4284 16
    endloop
  endfacet
  facet normal -0 0 1
    outer loop
      vertex 116.165 -85.6967 16
      vertex 130 -96.35 16
      vertex 116.539 -85.5786 16
    endloop
  endfacet
  facet normal -0 0 1
    outer loop
      vertex 115.781 -85.7816 16
      vertex 130 -96.35 16
      vertex 116.165 -85.6967 16
    endloop
  endfacet
  facet normal -0 0 1
    outer loop
      vertex 115.392 -85.8329 16
      vertex 130 -96.35 16
      vertex 115.781 -85.7816 16
    endloop
  endfacet
  facet normal -0 0 1
    outer loop
      vertex 115 -85.85 16
      vertex 130 -96.35 16
      vertex 115.392 -85.8329 16
    endloop
  endfacet
  facet normal 0 0 1
    outer loop
      vertex 114.608 -85.8329 16
      vertex 130 -96.35 16
      vertex 115 -85.85 16
    endloop
  endfacet
  facet normal 0 0 1
    outer loop
      vertex 114.219 -85.7816 16
      vertex 130 -96.35 16
      vertex 114.608 -85.8329 16
    endloop
  endfacet
  facet normal 0 0 1
    outer loop
      vertex 113.835 -85.6967 16
      vertex 130 -96.35 16
      vertex 114.219 -85.7816 16
    endloop
  endfacet
  facet normal 0 0 1
    outer loop
      vertex 113.461 -85.5786 16
      vertex 130 -96.35 16
      vertex 113.835 -85.6967 16
    endloop
  endfacet
  facet normal 0 0 1
    outer loop
      vertex 113.098 -85.4284 16
      vertex 130 -96.35 16
      vertex 113.461 -85.5786 16
    endloop
  endfacet
  facet normal 0 0 1
    outer loop
      vertex 28.6 -96.35 16
      vertex 113.098 -85.4284 16
      vertex 112.75 -85.2471 16
    endloop
  endfacet
  facet normal 0 0 1
    outer loop
      vertex 28.6 -96.35 16
      vertex 112.75 -85.2471 16
      vertex 112.419 -85.0362 16
    endloop
  endfacet
  facet normal 0 0 1
    outer loop
      vertex 110.568 -80.5686 16
      vertex 28.6 -96.35 16
      vertex 110.517 -80.9578 16
    endloop
  endfacet
  facet normal 0 0 1
    outer loop
      vertex 110.517 -80.9578 16
      vertex 28.6 -96.35 16
      vertex 110.5 -81.35 16
    endloop
  endfacet
  facet normal 0 0 1
    outer loop
      vertex 110.5 -81.35 16
      vertex 28.6 -96.35 16
      vertex 110.517 -81.7422 16
    endloop
  endfacet
  facet normal 0 0 1
    outer loop
      vertex 110.517 -81.7422 16
      vertex 28.6 -96.35 16
      vertex 110.568 -82.1314 16
    endloop
  endfacet
  facet normal 0 0 1
    outer loop
      vertex 110.568 -82.1314 16
      vertex 28.6 -96.35 16
      vertex 110.653 -82.5147 16
    endloop
  endfacet
  facet normal 0 0 1
    outer loop
      vertex 110.653 -82.5147 16
      vertex 28.6 -96.35 16
      vertex 110.771 -82.8891 16
    endloop
  endfacet
  facet normal 0 0 1
    outer loop
      vertex 28.6 -96.35 16
      vertex 83.097 -23 16
      vertex 29.9808 -23 16
    endloop
  endfacet
  facet normal 0 0 1
    outer loop
      vertex 110.771 -82.8891 16
      vertex 28.6 -96.35 16
      vertex 110.922 -83.2518 16
    endloop
  endfacet
  facet normal 0 0 1
    outer loop
      vertex 110.922 -83.2518 16
      vertex 28.6 -96.35 16
      vertex 111.103 -83.6 16
    endloop
  endfacet
  facet normal 0 0 1
    outer loop
      vertex 111.103 -83.6 16
      vertex 28.6 -96.35 16
      vertex 111.314 -83.9311 16
    endloop
  endfacet
  facet normal 0 0 1
    outer loop
      vertex 111.314 -83.9311 16
      vertex 28.6 -96.35 16
      vertex 111.553 -84.2425 16
    endloop
  endfacet
  facet normal 0 0 1
    outer loop
      vertex 111.553 -84.2425 16
      vertex 28.6 -96.35 16
      vertex 111.818 -84.532 16
    endloop
  endfacet
  facet normal 0 0 1
    outer loop
      vertex 111.818 -84.532 16
      vertex 28.6 -96.35 16
      vertex 112.107 -84.7972 16
    endloop
  endfacet
  facet normal 0 0 1
    outer loop
      vertex 113.098 -85.4284 16
      vertex 28.6 -96.35 16
      vertex 130 -96.35 16
    endloop
  endfacet
  facet normal 0 0 1
    outer loop
      vertex 112.107 -84.7972 16
      vertex 28.6 -96.35 16
      vertex 112.419 -85.0362 16
    endloop
  endfacet
  facet normal 0 0 1
    outer loop
      vertex 28.6 -96.35 16
      vertex 29.9808 -23 16
      vertex 28.6 96.35 16
    endloop
  endfacet
  facet normal 0.866025 1.09797e-05 -0.5
    outer loop
      vertex 90.75 96.35 123.647
      vertex 81.5 72.5 107.625
      vertex 28.6 96.35 16
    endloop
  endfacet
  facet normal 0.866033 0 -0.499988
    outer loop
      vertex 90.75 96.35 123.647
      vertex 81.5 59.5 107.625
      vertex 81.5 72.5 107.625
    endloop
  endfacet
  facet normal 0.866024 0 -0.500002
    outer loop
      vertex 81.5 59.5 107.625
      vertex 81.5 50.5 107.625
      vertex 35.35 59.5 27.6913
    endloop
  endfacet
  facet normal 0.866033 0 -0.499988
    outer loop
      vertex 90.75 96.35 123.647
      vertex 81.5 50.5 107.625
      vertex 81.5 59.5 107.625
    endloop
  endfacet
  facet normal 0.866033 0 -0.499988
    outer loop
      vertex 90.75 96.35 123.647
      vertex 81.5 37.5 107.625
      vertex 81.5 50.5 107.625
    endloop
  endfacet
  facet normal 0.866024 0 -0.500002
    outer loop
      vertex 81.5 37.5 107.625
      vertex 81.5 28.5 107.625
      vertex 35.35 37.5 27.6913
    endloop
  endfacet
  facet normal 0.866033 0 -0.499988
    outer loop
      vertex 90.75 96.35 123.647
      vertex 81.5 28.5 107.625
      vertex 81.5 37.5 107.625
    endloop
  endfacet
  facet normal 0.866033 0 -0.499988
    outer loop
      vertex 90.75 96.35 123.647
      vertex 81.5 15.5 107.625
      vertex 81.5 28.5 107.625
    endloop
  endfacet
  facet normal 0.866024 0 -0.500002
    outer loop
      vertex 81.5 15.5 107.625
      vertex 81.5 6.5 107.625
      vertex 35.35 15.5 27.6913
    endloop
  endfacet
  facet normal 0.866033 0 -0.499988
    outer loop
      vertex 90.75 96.35 123.647
      vertex 81.5 6.5 107.625
      vertex 81.5 15.5 107.625
    endloop
  endfacet
  facet normal 0.866033 0 -0.499988
    outer loop
      vertex 90.75 96.35 123.647
      vertex 81.5 -6.5 107.625
      vertex 81.5 6.5 107.625
    endloop
  endfacet
  facet normal 0.866024 0 -0.500002
    outer loop
      vertex 81.5 -6.5 107.625
      vertex 81.5 -15.5 107.625
      vertex 35.35 -6.5 27.6913
    endloop
  endfacet
  facet normal 0.866033 0 -0.499988
    outer loop
      vertex 90.75 -96.35 123.647
      vertex 81.5 -6.5 107.625
      vertex 90.75 96.35 123.647
    endloop
  endfacet
  facet normal 0.866033 0 -0.499988
    outer loop
      vertex 81.5 -6.5 107.625
      vertex 90.75 -96.35 123.647
      vertex 81.5 -15.5 107.625
    endloop
  endfacet
  facet normal 0.866024 0 -0.500002
    outer loop
      vertex 81.5 -28.5 107.625
      vertex 81.5 -37.5 107.625
      vertex 35.35 -28.5 27.6913
    endloop
  endfacet
  facet normal 0.866033 0 -0.499988
    outer loop
      vertex 81.5 -15.5 107.625
      vertex 90.75 -96.35 123.647
      vertex 81.5 -28.5 107.625
    endloop
  endfacet
  facet normal 0.866033 0 -0.499988
    outer loop
      vertex 81.5 -28.5 107.625
      vertex 90.75 -96.35 123.647
      vertex 81.5 -37.5 107.625
    endloop
  endfacet
  facet normal 0.866024 0 -0.500002
    outer loop
      vertex 81.5 -50.5 107.625
      vertex 81.5 -59.5 107.625
      vertex 35.35 -50.5 27.6913
    endloop
  endfacet
  facet normal 0.866033 0 -0.499988
    outer loop
      vertex 81.5 -37.5 107.625
      vertex 90.75 -96.35 123.647
      vertex 81.5 -50.5 107.625
    endloop
  endfacet
  facet normal 0.866033 0 -0.499988
    outer loop
      vertex 81.5 -50.5 107.625
      vertex 90.75 -96.35 123.647
      vertex 81.5 -59.5 107.625
    endloop
  endfacet
  facet normal 0.866025 -1.09797e-05 -0.5
    outer loop
      vertex 28.6 -96.35 16
      vertex 81.5 -72.5 107.625
      vertex 90.75 -96.35 123.647
    endloop
  endfacet
  facet normal 0.866033 0 -0.499988
    outer loop
      vertex 81.5 -59.5 107.625
      vertex 90.75 -96.35 123.647
      vertex 81.5 -72.5 107.625
    endloop
  endfacet
  facet normal 0.866024 -4.63353e-07 -0.500002
    outer loop
      vertex 35.35 72.5 27.6913
      vertex 28.6 96.35 16
      vertex 81.5 72.5 107.625
    endloop
  endfacet
  facet normal 0.866025 0 -0.500001
    outer loop
      vertex 35.35 59.5 27.6913
      vertex 28.6 96.35 16
      vertex 35.35 72.5 27.6913
    endloop
  endfacet
  facet normal 0.866024 0 -0.500002
    outer loop
      vertex 35.35 50.5 27.6913
      vertex 35.35 59.5 27.6913
      vertex 81.5 50.5 107.625
    endloop
  endfacet
  facet normal 0.866025 0 -0.500001
    outer loop
      vertex 35.35 50.5 27.6913
      vertex 28.6 96.35 16
      vertex 35.35 59.5 27.6913
    endloop
  endfacet
  facet normal 0.866025 0 -0.500001
    outer loop
      vertex 35.35 37.5 27.6913
      vertex 28.6 96.35 16
      vertex 35.35 50.5 27.6913
    endloop
  endfacet
  facet normal 0.866024 0 -0.500002
    outer loop
      vertex 35.35 28.5 27.6913
      vertex 35.35 37.5 27.6913
      vertex 81.5 28.5 107.625
    endloop
  endfacet
  facet normal 0.866025 0 -0.500001
    outer loop
      vertex 35.35 28.5 27.6913
      vertex 28.6 96.35 16
      vertex 35.35 37.5 27.6913
    endloop
  endfacet
  facet normal 0.866025 0 -0.500001
    outer loop
      vertex 35.35 15.5 27.6913
      vertex 28.6 96.35 16
      vertex 35.35 28.5 27.6913
    endloop
  endfacet
  facet normal 0.866024 0 -0.500002
    outer loop
      vertex 35.35 6.5 27.6913
      vertex 35.35 15.5 27.6913
      vertex 81.5 6.5 107.625
    endloop
  endfacet
  facet normal 0.866025 0 -0.500001
    outer loop
      vertex 35.35 6.5 27.6913
      vertex 28.6 96.35 16
      vertex 35.35 15.5 27.6913
    endloop
  endfacet
  facet normal 0.866025 0 -0.500001
    outer loop
      vertex 35.35 -6.5 27.6913
      vertex 28.6 96.35 16
      vertex 35.35 6.5 27.6913
    endloop
  endfacet
  facet normal 0.866024 0 -0.500002
    outer loop
      vertex 35.35 -15.5 27.6913
      vertex 35.35 -6.5 27.6913
      vertex 81.5 -15.5 107.625
    endloop
  endfacet
  facet normal 0.866025 0 -0.500001
    outer loop
      vertex 28.6 -96.35 16
      vertex 35.35 -6.5 27.6913
      vertex 35.35 -15.5 27.6913
    endloop
  endfacet
  facet normal 0.866025 0 -0.500001
    outer loop
      vertex 28.6 -96.35 16
      vertex 35.35 -15.5 27.6913
      vertex 35.35 -28.5 27.6913
    endloop
  endfacet
  facet normal 0.866024 0 -0.500002
    outer loop
      vertex 35.35 -37.5 27.6913
      vertex 35.35 -28.5 27.6913
      vertex 81.5 -37.5 107.625
    endloop
  endfacet
  facet normal 0.866025 0 -0.500001
    outer loop
      vertex 28.6 -96.35 16
      vertex 35.35 -28.5 27.6913
      vertex 35.35 -37.5 27.6913
    endloop
  endfacet
  facet normal 0.866025 0 -0.500001
    outer loop
      vertex 28.6 -96.35 16
      vertex 35.35 -37.5 27.6913
      vertex 35.35 -50.5 27.6913
    endloop
  endfacet
  facet normal 0.866024 0 -0.500002
    outer loop
      vertex 35.35 -59.5 27.6913
      vertex 35.35 -50.5 27.6913
      vertex 81.5 -59.5 107.625
    endloop
  endfacet
  facet normal 0.866025 0 -0.500001
    outer loop
      vertex 28.6 -96.35 16
      vertex 35.35 -50.5 27.6913
      vertex 35.35 -59.5 27.6913
    endloop
  endfacet
  facet normal 0.866025 0 -0.500001
    outer loop
      vertex 28.6 -96.35 16
      vertex 35.35 -59.5 27.6913
      vertex 35.35 -72.5 27.6913
    endloop
  endfacet
  facet normal 0.866025 0 -0.500001
    outer loop
      vertex 35.35 -6.5 27.6913
      vertex 28.6 -96.35 16
      vertex 28.6 96.35 16
    endloop
  endfacet
  facet normal 0.866024 4.63353e-07 -0.500002
    outer loop
      vertex 81.5 -72.5 107.625
      vertex 28.6 -96.35 16
      vertex 35.35 -72.5 27.6913
    endloop
  endfacet
  facet normal -0 0 1
    outer loop
      vertex 81.75 96.35 123.647
      vertex 90.75 -96.35 123.647
      vertex 90.75 96.35 123.647
    endloop
  endfacet
  facet normal 0 0 1
    outer loop
      vertex 90.75 -96.35 123.647
      vertex 81.75 96.35 123.647
      vertex 81.75 -96.35 123.647
    endloop
  endfacet
  facet normal -0.866197 6.42115e-05 0.499702
    outer loop
      vertex 20.1075 -84.7972 16.879
      vertex 19.6 -90.35 16
      vertex 20.1773 -84.8508 17
    endloop
  endfacet
  facet normal -0.866014 -2.87018e-06 0.50002
    outer loop
      vertex 19.818 -84.532 16.3776
      vertex 19.6 -90.35 16
      vertex 20.1075 -84.7972 16.879
    endloop
  endfacet
  facet normal -0.866033 0 0.499987
    outer loop
      vertex 19.6 -90.35 16
      vertex 19.818 -84.532 16.3776
      vertex 19.6 -84.294 16
    endloop
  endfacet
  facet normal -0.866027 -1.08108e-06 0.499998
    outer loop
      vertex 28.6 -28.5 31.5885
      vertex 24.6 -10 24.6603
      vertex 19.6 -10 16
    endloop
  endfacet
  facet normal -0.866025 0 0.5
    outer loop
      vertex 24.6 -10 24.6603
      vertex 28.6 -28.5 31.5885
      vertex 28.6 -15.5 31.5885
    endloop
  endfacet
  facet normal -0.866026 0 0.499998
    outer loop
      vertex 28.6 -28.5 31.5885
      vertex 28.6 -37.5 31.5885
      vertex 74.75 -28.5 111.523
    endloop
  endfacet
  facet normal -0.866026 0 0.499999
    outer loop
      vertex 19.6 -10 16
      vertex 28.6 -37.5 31.5885
      vertex 28.6 -28.5 31.5885
    endloop
  endfacet
  facet normal -0.866026 0 0.499999
    outer loop
      vertex 19.6 -10 16
      vertex 28.6 -50.5 31.5885
      vertex 28.6 -37.5 31.5885
    endloop
  endfacet
  facet normal -0.866026 0 0.499998
    outer loop
      vertex 28.6 -50.5 31.5885
      vertex 28.6 -59.5 31.5885
      vertex 74.75 -50.5 111.523
    endloop
  endfacet
  facet normal -0.866026 0 0.499999
    outer loop
      vertex 19.6 -78.406 16
      vertex 28.6 -50.5 31.5885
      vertex 19.6 -10 16
    endloop
  endfacet
  facet normal -0.866037 1.3573e-05 0.499981
    outer loop
      vertex 19.818 -78.168 16.3776
      vertex 28.6 -50.5 31.5885
      vertex 19.6 -78.406 16
    endloop
  endfacet
  facet normal -0.866025 0 0.500001
    outer loop
      vertex 20.1773 -84.8508 17
      vertex 28.6 -72.5 31.5885
      vertex 20.1773 -77.8492 17
    endloop
  endfacet
  facet normal -0.866025 0 0.500001
    outer loop
      vertex 28.6 -59.5 31.5885
      vertex 20.1773 -77.8492 17
      vertex 28.6 -72.5 31.5885
    endloop
  endfacet
  facet normal -0.866025 0 0.500001
    outer loop
      vertex 28.6 -50.5 31.5885
      vertex 20.1773 -77.8492 17
      vertex 28.6 -59.5 31.5885
    endloop
  endfacet
  facet normal -0.866267 0.000297998 0.499582
    outer loop
      vertex 20.1773 -77.8492 17
      vertex 28.6 -50.5 31.5885
      vertex 20.1075 -77.9028 16.879
    endloop
  endfacet
  facet normal -0.866008 -2.29511e-05 0.500031
    outer loop
      vertex 20.1075 -77.9028 16.879
      vertex 28.6 -50.5 31.5885
      vertex 19.818 -78.168 16.3776
    endloop
  endfacet
  facet normal -0.866025 7.95889e-06 0.5
    outer loop
      vertex 19.6 90.35 16
      vertex 20.1773 84.8508 17
      vertex 21.6 90.35 19.4641
    endloop
  endfacet
  facet normal -0.866197 -6.42115e-05 0.499702
    outer loop
      vertex 19.6 90.35 16
      vertex 20.1075 84.7972 16.879
      vertex 20.1773 84.8508 17
    endloop
  endfacet
  facet normal -0.866014 2.87018e-06 0.50002
    outer loop
      vertex 19.6 90.35 16
      vertex 19.818 84.532 16.3776
      vertex 20.1075 84.7972 16.879
    endloop
  endfacet
  facet normal -0.866033 0 0.499987
    outer loop
      vertex 19.818 84.532 16.3776
      vertex 19.6 90.35 16
      vertex 19.6 84.294 16
    endloop
  endfacet
  facet normal -0.866026 0 0.499999
    outer loop
      vertex 28.6 72.5 31.5885
      vertex 21.6 96.35 19.4641
      vertex 21.6 90.35 19.4641
    endloop
  endfacet
  facet normal -0.866023 5.35209e-06 0.500005
    outer loop
      vertex 28.6 72.5 31.5885
      vertex 21.6 90.35 19.4641
      vertex 20.1773 84.8508 17
    endloop
  endfacet
  facet normal -0.866025 0 0.500001
    outer loop
      vertex 28.6 72.5 31.5885
      vertex 20.1773 84.8508 17
      vertex 20.1773 77.8492 17
    endloop
  endfacet
  facet normal -0.866025 8.22542e-07 0.5
    outer loop
      vertex 21.6 96.35 19.4641
      vertex 28.6 72.5 31.5885
      vertex 81.75 96.35 123.647
    endloop
  endfacet
  facet normal -0.866026 8.58559e-06 0.499998
    outer loop
      vertex 74.75 72.5 111.523
      vertex 81.75 96.35 123.647
      vertex 28.6 72.5 31.5885
    endloop
  endfacet
  facet normal -0.866019 0 0.500011
    outer loop
      vertex 74.75 59.5 111.523
      vertex 81.75 96.35 123.647
      vertex 74.75 72.5 111.523
    endloop
  endfacet
  facet normal -0.866026 0 0.499998
    outer loop
      vertex 74.75 50.5 111.523
      vertex 74.75 59.5 111.523
      vertex 28.6 50.5 31.5885
    endloop
  endfacet
  facet normal -0.866019 0 0.500011
    outer loop
      vertex 74.75 50.5 111.523
      vertex 81.75 96.35 123.647
      vertex 74.75 59.5 111.523
    endloop
  endfacet
  facet normal -0.866019 0 0.500011
    outer loop
      vertex 74.75 37.5 111.523
      vertex 81.75 96.35 123.647
      vertex 74.75 50.5 111.523
    endloop
  endfacet
  facet normal -0.866026 0 0.499998
    outer loop
      vertex 74.75 28.5 111.523
      vertex 74.75 37.5 111.523
      vertex 28.6 28.5 31.5885
    endloop
  endfacet
  facet normal -0.866019 0 0.500011
    outer loop
      vertex 74.75 28.5 111.523
      vertex 81.75 96.35 123.647
      vertex 74.75 37.5 111.523
    endloop
  endfacet
  facet normal -0.866019 0 0.500011
    outer loop
      vertex 74.75 15.5 111.523
      vertex 81.75 96.35 123.647
      vertex 74.75 28.5 111.523
    endloop
  endfacet
  facet normal -0.866025 0 0.5
    outer loop
      vertex 28.6 6.5 31.5885
      vertex 28.6 15.5 31.5885
      vertex 24.6 10 24.6603
    endloop
  endfacet
  facet normal -0.866026 0 0.499998
    outer loop
      vertex 28.6 15.5 31.5885
      vertex 28.6 6.5 31.5885
      vertex 74.75 15.5 111.523
    endloop
  endfacet
  facet normal -0.866026 0 0.499998
    outer loop
      vertex 74.75 6.5 111.523
      vertex 74.75 15.5 111.523
      vertex 28.6 6.5 31.5885
    endloop
  endfacet
  facet normal -0.866019 0 0.500011
    outer loop
      vertex 74.75 6.5 111.523
      vertex 81.75 96.35 123.647
      vertex 74.75 15.5 111.523
    endloop
  endfacet
  facet normal -0.866019 0 0.500011
    outer loop
      vertex 74.75 -6.5 111.523
      vertex 81.75 96.35 123.647
      vertex 74.75 6.5 111.523
    endloop
  endfacet
  facet normal -0.866026 0 0.499998
    outer loop
      vertex 28.6 -6.5 31.5885
      vertex 28.6 -15.5 31.5885
      vertex 74.75 -6.5 111.523
    endloop
  endfacet
  facet normal -0.866026 0 0.499998
    outer loop
      vertex 74.75 -15.5 111.523
      vertex 74.75 -6.5 111.523
      vertex 28.6 -15.5 31.5885
    endloop
  endfacet
  facet normal -0.866019 0 0.500011
    outer loop
      vertex 81.75 -96.35 123.647
      vertex 74.75 -6.5 111.523
      vertex 74.75 -15.5 111.523
    endloop
  endfacet
  facet normal -0.866019 0 0.500011
    outer loop
      vertex 81.75 -96.35 123.647
      vertex 74.75 -15.5 111.523
      vertex 74.75 -28.5 111.523
    endloop
  endfacet
  facet normal -0.866026 0 0.499998
    outer loop
      vertex 74.75 -37.5 111.523
      vertex 74.75 -28.5 111.523
      vertex 28.6 -37.5 31.5885
    endloop
  endfacet
  facet normal -0.866019 0 0.500011
    outer loop
      vertex 81.75 -96.35 123.647
      vertex 74.75 -28.5 111.523
      vertex 74.75 -37.5 111.523
    endloop
  endfacet
  facet normal -0.866019 0 0.500011
    outer loop
      vertex 81.75 -96.35 123.647
      vertex 74.75 -37.5 111.523
      vertex 74.75 -50.5 111.523
    endloop
  endfacet
  facet normal -0.866026 0 0.499998
    outer loop
      vertex 74.75 -59.5 111.523
      vertex 74.75 -50.5 111.523
      vertex 28.6 -59.5 31.5885
    endloop
  endfacet
  facet normal -0.866019 0 0.500011
    outer loop
      vertex 81.75 -96.35 123.647
      vertex 74.75 -50.5 111.523
      vertex 74.75 -59.5 111.523
    endloop
  endfacet
  facet normal -0.866019 0 0.500011
    outer loop
      vertex 81.75 -96.35 123.647
      vertex 74.75 -59.5 111.523
      vertex 74.75 -72.5 111.523
    endloop
  endfacet
  facet normal -0.866023 -5.35209e-06 0.500005
    outer loop
      vertex 28.6 -72.5 31.5885
      vertex 20.1773 -84.8508 17
      vertex 21.6 -90.35 19.4641
    endloop
  endfacet
  facet normal -0.866025 -7.95889e-06 0.5
    outer loop
      vertex 21.6 -90.35 19.4641
      vertex 20.1773 -84.8508 17
      vertex 19.6 -90.35 16
    endloop
  endfacet
  facet normal -0.866026 0 0.499999
    outer loop
      vertex 21.6 -96.35 19.4641
      vertex 28.6 -72.5 31.5885
      vertex 21.6 -90.35 19.4641
    endloop
  endfacet
  facet normal -0.866026 1.99876e-07 0.499998
    outer loop
      vertex 28.6 -72.5 31.5885
      vertex 21.6 -96.35 19.4641
      vertex 74.75 -72.5 111.523
    endloop
  endfacet
  facet normal -0.866019 0 0.500011
    outer loop
      vertex 74.75 -6.5 111.523
      vertex 81.75 -96.35 123.647
      vertex 81.75 96.35 123.647
    endloop
  endfacet
  facet normal -0.866025 -7.5632e-06 0.5
    outer loop
      vertex 81.75 -96.35 123.647
      vertex 74.75 -72.5 111.523
      vertex 21.6 -96.35 19.4641
    endloop
  endfacet
  facet normal -0.866025 0 0.5
    outer loop
      vertex 24.6 10 24.6603
      vertex 28.6 -6.5 31.5885
      vertex 28.6 6.5 31.5885
    endloop
  endfacet
  facet normal -0.866025 0 0.5
    outer loop
      vertex 28.6 -15.5 31.5885
      vertex 28.6 -6.5 31.5885
      vertex 24.6 -10 24.6603
    endloop
  endfacet
  facet normal -0.866025 0 0.5
    outer loop
      vertex 24.6 -10 24.6603
      vertex 28.6 -6.5 31.5885
      vertex 24.6 10 24.6603
    endloop
  endfacet
  facet normal -0.866025 0 0.500001
    outer loop
      vertex 20.1773 77.8492 17
      vertex 28.6 59.5 31.5885
      vertex 28.6 72.5 31.5885
    endloop
  endfacet
  facet normal -0.866267 -0.000297998 0.499582
    outer loop
      vertex 28.6 50.5 31.5885
      vertex 20.1773 77.8492 17
      vertex 20.1075 77.9028 16.879
    endloop
  endfacet
  facet normal -0.866008 2.29511e-05 0.500031
    outer loop
      vertex 28.6 50.5 31.5885
      vertex 20.1075 77.9028 16.879
      vertex 19.818 78.168 16.3776
    endloop
  endfacet
  facet normal -0.866037 -1.3573e-05 0.499981
    outer loop
      vertex 28.6 50.5 31.5885
      vertex 19.818 78.168 16.3776
      vertex 19.6 78.406 16
    endloop
  endfacet
  facet normal -0.866026 0 0.499998
    outer loop
      vertex 28.6 59.5 31.5885
      vertex 28.6 50.5 31.5885
      vertex 74.75 59.5 111.523
    endloop
  endfacet
  facet normal -0.866025 0 0.500001
    outer loop
      vertex 20.1773 77.8492 17
      vertex 28.6 50.5 31.5885
      vertex 28.6 59.5 31.5885
    endloop
  endfacet
  facet normal -0.866026 0 0.499999
    outer loop
      vertex 19.6 78.406 16
      vertex 28.6 37.5 31.5885
      vertex 28.6 50.5 31.5885
    endloop
  endfacet
  facet normal -0.866026 0 0.499998
    outer loop
      vertex 28.6 37.5 31.5885
      vertex 28.6 28.5 31.5885
      vertex 74.75 37.5 111.523
    endloop
  endfacet
  facet normal -0.866026 0 0.499999
    outer loop
      vertex 19.6 10 16
      vertex 28.6 37.5 31.5885
      vertex 19.6 78.406 16
    endloop
  endfacet
  facet normal -0.866026 0 0.499999
    outer loop
      vertex 28.6 37.5 31.5885
      vertex 19.6 10 16
      vertex 28.6 28.5 31.5885
    endloop
  endfacet
  facet normal -0.866025 0 0.5
    outer loop
      vertex 28.6 28.5 31.5885
      vertex 24.6 10 24.6603
      vertex 28.6 15.5 31.5885
    endloop
  endfacet
  facet normal -0.866027 1.08108e-06 0.499998
    outer loop
      vertex 24.6 10 24.6603
      vertex 28.6 28.5 31.5885
      vertex 19.6 10 16
    endloop
  endfacet
  facet normal -0 0 1
    outer loop
      vertex 7 -10 16
      vertex 19.6 -78.406 16
      vertex 19.6 -10 16
    endloop
  endfacet
  facet normal 0 0 1
    outer loop
      vertex 19.6 -78.406 16
      vertex 7 -10 16
      vertex 19.5528 -78.4575 16
    endloop
  endfacet
  facet normal 0 0 1
    outer loop
      vertex 19.5528 -78.4575 16
      vertex 7 -10 16
      vertex 19.3138 -78.7689 16
    endloop
  endfacet
  facet normal 0 0 1
    outer loop
      vertex 7 -90.35 16
      vertex 19.3138 -78.7689 16
      vertex 7 -10 16
    endloop
  endfacet
  facet normal 0 0 1
    outer loop
      vertex 19.3138 -78.7689 16
      vertex 7 -90.35 16
      vertex 19.1029 -79.1 16
    endloop
  endfacet
  facet normal 0 0 1
    outer loop
      vertex 19.1029 -79.1 16
      vertex 7 -90.35 16
      vertex 18.9216 -79.4482 16
    endloop
  endfacet
  facet normal 0 0 1
    outer loop
      vertex 18.9216 -79.4482 16
      vertex 7 -90.35 16
      vertex 18.7714 -79.8109 16
    endloop
  endfacet
  facet normal 0 0 1
    outer loop
      vertex 18.7714 -79.8109 16
      vertex 7 -90.35 16
      vertex 18.6533 -80.1853 16
    endloop
  endfacet
  facet normal 0 0 1
    outer loop
      vertex 18.6533 -80.1853 16
      vertex 7 -90.35 16
      vertex 18.5684 -80.5686 16
    endloop
  endfacet
  facet normal 0 0 1
    outer loop
      vertex 18.5684 -80.5686 16
      vertex 7 -90.35 16
      vertex 18.5171 -80.9578 16
    endloop
  endfacet
  facet normal 0 0 1
    outer loop
      vertex 19.5528 -84.2425 16
      vertex 19.6 -90.35 16
      vertex 19.6 -84.294 16
    endloop
  endfacet
  facet normal 0 0 1
    outer loop
      vertex 19.3138 -83.9311 16
      vertex 19.6 -90.35 16
      vertex 19.5528 -84.2425 16
    endloop
  endfacet
  facet normal 0 0 1
    outer loop
      vertex 19.1029 -83.6 16
      vertex 19.6 -90.35 16
      vertex 19.3138 -83.9311 16
    endloop
  endfacet
  facet normal 0 0 1
    outer loop
      vertex 7 -90.35 16
      vertex 19.1029 -83.6 16
      vertex 18.9216 -83.2518 16
    endloop
  endfacet
  facet normal 0 0 1
    outer loop
      vertex 7 -90.35 16
      vertex 18.9216 -83.2518 16
      vertex 18.7714 -82.8891 16
    endloop
  endfacet
  facet normal 0 0 1
    outer loop
      vertex 7 -90.35 16
      vertex 18.7714 -82.8891 16
      vertex 18.6533 -82.5147 16
    endloop
  endfacet
  facet normal 0 0 1
    outer loop
      vertex 7 -90.35 16
      vertex 18.6533 -82.5147 16
      vertex 18.5684 -82.1314 16
    endloop
  endfacet
  facet normal 0 0 1
    outer loop
      vertex 7 -90.35 16
      vertex 18.5684 -82.1314 16
      vertex 18.5171 -81.7422 16
    endloop
  endfacet
  facet normal 0 0 1
    outer loop
      vertex 18.5171 -80.9578 16
      vertex 7 -90.35 16
      vertex 18.5 -81.35 16
    endloop
  endfacet
  facet normal 0 0 1
    outer loop
      vertex 18.5 -81.35 16
      vertex 7 -90.35 16
      vertex 18.5171 -81.7422 16
    endloop
  endfacet
  facet normal 0 0 1
    outer loop
      vertex 19.1029 -83.6 16
      vertex 7 -90.35 16
      vertex 19.6 -90.35 16
    endloop
  endfacet
  facet normal 0 0 1
    outer loop
      vertex 19.6 90.35 16
      vertex 19.5528 84.2425 16
      vertex 19.6 84.294 16
    endloop
  endfacet
  facet normal 0 0 1
    outer loop
      vertex 19.6 90.35 16
      vertex 19.3138 83.9311 16
      vertex 19.5528 84.2425 16
    endloop
  endfacet
  facet normal 0 0 1
    outer loop
      vertex 19.6 90.35 16
      vertex 19.1029 83.6 16
      vertex 19.3138 83.9311 16
    endloop
  endfacet
  facet normal -0 0 1
    outer loop
      vertex 7 90.35 16
      vertex 19.1029 83.6 16
      vertex 19.6 90.35 16
    endloop
  endfacet
  facet normal 0 0 1
    outer loop
      vertex 19.1029 83.6 16
      vertex 7 90.35 16
      vertex 18.9216 83.2518 16
    endloop
  endfacet
  facet normal 0 0 1
    outer loop
      vertex 18.9216 83.2518 16
      vertex 7 90.35 16
      vertex 18.7714 82.8891 16
    endloop
  endfacet
  facet normal 0 0 1
    outer loop
      vertex 18.7714 82.8891 16
      vertex 7 90.35 16
      vertex 18.6533 82.5147 16
    endloop
  endfacet
  facet normal 0 0 1
    outer loop
      vertex 18.6533 82.5147 16
      vertex 7 90.35 16
      vertex 18.5684 82.1314 16
    endloop
  endfacet
  facet normal 0 0 1
    outer loop
      vertex 18.5171 81.7422 16
      vertex 7 90.35 16
      vertex 18.5 81.35 16
    endloop
  endfacet
  facet normal 0 0 1
    outer loop
      vertex 18.5684 82.1314 16
      vertex 7 90.35 16
      vertex 18.5171 81.7422 16
    endloop
  endfacet
  facet normal 0 0 1
    outer loop
      vertex 7 10 16
      vertex 19.6 78.406 16
      vertex 19.5528 78.4575 16
    endloop
  endfacet
  facet normal 0 0 1
    outer loop
      vertex 7 10 16
      vertex 19.5528 78.4575 16
      vertex 19.3138 78.7689 16
    endloop
  endfacet
  facet normal 0 0 1
    outer loop
      vertex 7 90.35 16
      vertex 19.3138 78.7689 16
      vertex 19.1029 79.1 16
    endloop
  endfacet
  facet normal 0 0 1
    outer loop
      vertex 7 90.35 16
      vertex 19.1029 79.1 16
      vertex 18.9216 79.4482 16
    endloop
  endfacet
  facet normal 0 0 1
    outer loop
      vertex 7 90.35 16
      vertex 18.9216 79.4482 16
      vertex 18.7714 79.8109 16
    endloop
  endfacet
  facet normal 0 0 1
    outer loop
      vertex 7 90.35 16
      vertex 18.7714 79.8109 16
      vertex 18.6533 80.1853 16
    endloop
  endfacet
  facet normal 0 0 1
    outer loop
      vertex 7 90.35 16
      vertex 18.6533 80.1853 16
      vertex 18.5684 80.5686 16
    endloop
  endfacet
  facet normal 0 0 1
    outer loop
      vertex 7 90.35 16
      vertex 18.5684 80.5686 16
      vertex 18.5171 80.9578 16
    endloop
  endfacet
  facet normal 0 0 1
    outer loop
      vertex 7 90.35 16
      vertex 18.5171 80.9578 16
      vertex 18.5 81.35 16
    endloop
  endfacet
  facet normal 0 0 1
    outer loop
      vertex 19.3138 78.7689 16
      vertex 7 90.35 16
      vertex 7 10 16
    endloop
  endfacet
  facet normal 0 0 1
    outer loop
      vertex 19.6 78.406 16
      vertex 7 10 16
      vertex 19.6 10 16
    endloop
  endfacet
  facet normal 1 -0 0
    outer loop
      vertex 7 -90.35 25
      vertex 7 -10 16
      vertex 7 -10 25
    endloop
  endfacet
  facet normal 1 0 0
    outer loop
      vertex 7 -10 16
      vertex 7 -90.35 25
      vertex 7 -90.35 16
    endloop
  endfacet
  facet normal 1 -0 0
    outer loop
      vertex 7 10 25
      vertex 7 90.35 16
      vertex 7 90.35 25
    endloop
  endfacet
  facet normal 1 0 0
    outer loop
      vertex 7 90.35 16
      vertex 7 10 25
      vertex 7 10 16
    endloop
  endfacet
  facet normal -0 0 1
    outer loop
      vertex 0 -10 25
      vertex 7 -90.35 25
      vertex 7 -10 25
    endloop
  endfacet
  facet normal 0 0 1
    outer loop
      vertex 7 -90.35 25
      vertex 0 -10 25
      vertex 0 -90.35 25
    endloop
  endfacet
  facet normal -0 0 1
    outer loop
      vertex 0 90.35 25
      vertex 7 10 25
      vertex 7 90.35 25
    endloop
  endfacet
  facet normal 0 0 1
    outer loop
      vertex 7 10 25
      vertex 0 90.35 25
      vertex 0 10 25
    endloop
  endfacet
  facet normal 0 0 -1
    outer loop
      vertex 120.977 -80.8271 0
      vertex 126.988 -96.35 0
      vertex 121 -81.35 0
    endloop
  endfacet
  facet normal 0 0 -1
    outer loop
      vertex 126.988 -96.35 0
      vertex 120.977 -81.8729 0
      vertex 121 -81.35 0
    endloop
  endfacet
  facet normal 0 0 -1
    outer loop
      vertex 126.988 -96.35 0
      vertex 120.909 -82.3919 0
      vertex 120.977 -81.8729 0
    endloop
  endfacet
  facet normal 0 0 -1
    outer loop
      vertex 126.988 -96.35 0
      vertex 120.796 -82.9029 0
      vertex 120.909 -82.3919 0
    endloop
  endfacet
  facet normal 0 0 -1
    outer loop
      vertex 126.988 -96.35 0
      vertex 120.638 -83.4021 0
      vertex 120.796 -82.9029 0
    endloop
  endfacet
  facet normal 0 0 -1
    outer loop
      vertex 126.988 -96.35 0
      vertex 120.438 -83.8857 0
      vertex 120.638 -83.4021 0
    endloop
  endfacet
  facet normal 0 0 -1
    outer loop
      vertex 126.988 -96.35 0
      vertex 120.196 -84.35 0
      vertex 120.438 -83.8857 0
    endloop
  endfacet
  facet normal 0 0 -1
    outer loop
      vertex 126.988 -96.35 0
      vertex 119.915 -84.7915 0
      vertex 120.196 -84.35 0
    endloop
  endfacet
  facet normal 0 0 -1
    outer loop
      vertex 126.988 -96.35 0
      vertex 119.596 -85.2067 0
      vertex 119.915 -84.7915 0
    endloop
  endfacet
  facet normal 0 0 -1
    outer loop
      vertex 126.988 -96.35 0
      vertex 119.243 -85.5926 0
      vertex 119.596 -85.2067 0
    endloop
  endfacet
  facet normal 0 0 -1
    outer loop
      vertex 126.988 -96.35 0
      vertex 118.857 -85.9463 0
      vertex 119.243 -85.5926 0
    endloop
  endfacet
  facet normal 0 0 -1
    outer loop
      vertex 126.988 -96.35 0
      vertex 118.441 -86.2649 0
      vertex 118.857 -85.9463 0
    endloop
  endfacet
  facet normal 0 0 -1
    outer loop
      vertex 126.988 -96.35 0
      vertex 118 -86.5462 0
      vertex 118.441 -86.2649 0
    endloop
  endfacet
  facet normal 0 0 -1
    outer loop
      vertex 126.988 -96.35 0
      vertex 117.536 -86.7878 0
      vertex 118 -86.5462 0
    endloop
  endfacet
  facet normal 0 0 -1
    outer loop
      vertex 126.988 -96.35 0
      vertex 117.052 -86.9882 0
      vertex 117.536 -86.7878 0
    endloop
  endfacet
  facet normal 0 0 -1
    outer loop
      vertex 126.988 -96.35 0
      vertex 116.553 -87.1456 0
      vertex 117.052 -86.9882 0
    endloop
  endfacet
  facet normal 0 0 -1
    outer loop
      vertex 126.988 -96.35 0
      vertex 116.042 -87.2589 0
      vertex 116.553 -87.1456 0
    endloop
  endfacet
  facet normal 0 0 -1
    outer loop
      vertex 126.988 -96.35 0
      vertex 115.523 -87.3272 0
      vertex 116.042 -87.2589 0
    endloop
  endfacet
  facet normal 0 0 -1
    outer loop
      vertex 126.988 -96.35 0
      vertex 115 -87.35 0
      vertex 115.523 -87.3272 0
    endloop
  endfacet
  facet normal 0 0 -1
    outer loop
      vertex 126.988 -96.35 0
      vertex 114.477 -87.3272 0
      vertex 115 -87.35 0
    endloop
  endfacet
  facet normal 0 0 -1
    outer loop
      vertex 126.988 -96.35 0
      vertex 113.958 -87.2589 0
      vertex 114.477 -87.3272 0
    endloop
  endfacet
  facet normal 0 0 -1
    outer loop
      vertex 126.988 -96.35 0
      vertex 113.447 -87.1456 0
      vertex 113.958 -87.2589 0
    endloop
  endfacet
  facet normal 0 0 -1
    outer loop
      vertex 126.988 -96.35 0
      vertex 112.948 -86.9882 0
      vertex 113.447 -87.1456 0
    endloop
  endfacet
  facet normal 0 0 -1
    outer loop
      vertex 126.988 -96.35 0
      vertex 112.464 -86.7878 0
      vertex 112.948 -86.9882 0
    endloop
  endfacet
  facet normal 0 0 -1
    outer loop
      vertex 126.988 -96.35 0
      vertex 112 -86.5462 0
      vertex 112.464 -86.7878 0
    endloop
  endfacet
  facet normal 0 0 -1
    outer loop
      vertex 18 -86.5462 0
      vertex 112 -86.5462 0
      vertex 126.988 -96.35 0
    endloop
  endfacet
  facet normal 0 0 -1
    outer loop
      vertex 25.25 -81.35 0
      vertex 109 -81.35 0
      vertex 109.023 -81.8729 0
    endloop
  endfacet
  facet normal 0 0 -1
    outer loop
      vertex 25.2158 -81.7407 0
      vertex 109.023 -81.8729 0
      vertex 109.091 -82.3919 0
    endloop
  endfacet
  facet normal 0 0 -1
    outer loop
      vertex 97 -4.5 0
      vertex 88 -4.5 0
      vertex 97 -2 0
    endloop
  endfacet
  facet normal 0 0 -1
    outer loop
      vertex 109 -81.35 0
      vertex 73.8594 -23 0
      vertex 97 -4.5 0
    endloop
  endfacet
  facet normal 0 0 -1
    outer loop
      vertex 25.1733 -81.9323 0
      vertex 109.091 -82.3919 0
      vertex 109.204 -82.9029 0
    endloop
  endfacet
  facet normal -0 0 -1
    outer loop
      vertex 97 -4.5 0
      vertex 73.8594 -23 0
      vertex 88 -4.5 0
    endloop
  endfacet
  facet normal 0 0 -1
    outer loop
      vertex 25.1143 -82.1195 0
      vertex 109.204 -82.9029 0
      vertex 109.362 -83.4021 0
    endloop
  endfacet
  facet normal 0 0 -1
    outer loop
      vertex 25.0392 -82.3009 0
      vertex 109.362 -83.4021 0
      vertex 109.562 -83.8857 0
    endloop
  endfacet
  facet normal 0 0 -1
    outer loop
      vertex 24.9486 -82.475 0
      vertex 109.562 -83.8857 0
      vertex 109.804 -84.35 0
    endloop
  endfacet
  facet normal 0 0 -1
    outer loop
      vertex 109 -81.35 0
      vertex 25.1143 -80.5805 0
      vertex 73.8594 -23 0
    endloop
  endfacet
  facet normal 0 0 -1
    outer loop
      vertex 24.8431 -82.6405 0
      vertex 109.804 -84.35 0
      vertex 110.085 -84.7915 0
    endloop
  endfacet
  facet normal 0 0 -1
    outer loop
      vertex 24.7236 -82.7963 0
      vertex 110.085 -84.7915 0
      vertex 110.404 -85.2067 0
    endloop
  endfacet
  facet normal 0 0 -1
    outer loop
      vertex 24.591 -82.941 0
      vertex 110.404 -85.2067 0
      vertex 110.757 -85.5926 0
    endloop
  endfacet
  facet normal 0 0 -1
    outer loop
      vertex 24.4463 -83.0736 0
      vertex 110.757 -85.5926 0
      vertex 111.143 -85.9463 0
    endloop
  endfacet
  facet normal 0 0 -1
    outer loop
      vertex 24.2905 -83.1931 0
      vertex 111.143 -85.9463 0
      vertex 111.559 -86.2649 0
    endloop
  endfacet
  facet normal 0 0 -1
    outer loop
      vertex 109 -81.35 0
      vertex 25.2414 -81.1539 0
      vertex 25.2158 -80.9593 0
    endloop
  endfacet
  facet normal 0 0 -1
    outer loop
      vertex 109 -81.35 0
      vertex 25.25 -81.35 0
      vertex 25.2414 -81.1539 0
    endloop
  endfacet
  facet normal 0 -0 -1
    outer loop
      vertex 23.9509 -83.3892 0
      vertex 112 -86.5462 0
      vertex 18 -86.5462 0
    endloop
  endfacet
  facet normal 0 0 -1
    outer loop
      vertex 109.023 -81.8729 0
      vertex 25.2414 -81.5461 0
      vertex 25.25 -81.35 0
    endloop
  endfacet
  facet normal 0 0 -1
    outer loop
      vertex 109.023 -81.8729 0
      vertex 25.2158 -81.7407 0
      vertex 25.2414 -81.5461 0
    endloop
  endfacet
  facet normal 0 0 -1
    outer loop
      vertex 109.091 -82.3919 0
      vertex 25.1733 -81.9323 0
      vertex 25.2158 -81.7407 0
    endloop
  endfacet
  facet normal 0 0 -1
    outer loop
      vertex 109.204 -82.9029 0
      vertex 25.1143 -82.1195 0
      vertex 25.1733 -81.9323 0
    endloop
  endfacet
  facet normal 0 0 -1
    outer loop
      vertex 109.362 -83.4021 0
      vertex 25.0392 -82.3009 0
      vertex 25.1143 -82.1195 0
    endloop
  endfacet
  facet normal 0 0 -1
    outer loop
      vertex 109.562 -83.8857 0
      vertex 24.9486 -82.475 0
      vertex 25.0392 -82.3009 0
    endloop
  endfacet
  facet normal 0 0 -1
    outer loop
      vertex 109.804 -84.35 0
      vertex 24.8431 -82.6405 0
      vertex 24.9486 -82.475 0
    endloop
  endfacet
  facet normal 0 0 -1
    outer loop
      vertex 110.085 -84.7915 0
      vertex 24.7236 -82.7963 0
      vertex 24.8431 -82.6405 0
    endloop
  endfacet
  facet normal 0 0 -1
    outer loop
      vertex 110.404 -85.2067 0
      vertex 24.591 -82.941 0
      vertex 24.7236 -82.7963 0
    endloop
  endfacet
  facet normal 0 0 -1
    outer loop
      vertex 110.757 -85.5926 0
      vertex 24.4463 -83.0736 0
      vertex 24.591 -82.941 0
    endloop
  endfacet
  facet normal 0 0 -1
    outer loop
      vertex 111.143 -85.9463 0
      vertex 24.2905 -83.1931 0
      vertex 24.4463 -83.0736 0
    endloop
  endfacet
  facet normal 0 0 -1
    outer loop
      vertex 111.559 -86.2649 0
      vertex 24.125 -83.2986 0
      vertex 24.2905 -83.1931 0
    endloop
  endfacet
  facet normal 0 0 -1
    outer loop
      vertex 112 -86.5462 0
      vertex 24.125 -83.2986 0
      vertex 111.559 -86.2649 0
    endloop
  endfacet
  facet normal 0 -0 -1
    outer loop
      vertex 24.125 -83.2986 0
      vertex 112 -86.5462 0
      vertex 23.9509 -83.3892 0
    endloop
  endfacet
  facet normal 0 -0 -1
    outer loop
      vertex 18.4415 -86.2649 0
      vertex 23.9509 -83.3892 0
      vertex 18 -86.5462 0
    endloop
  endfacet
  facet normal 0 0 -1
    outer loop
      vertex 23.9509 -83.3892 0
      vertex 18.4415 -86.2649 0
      vertex 23.7695 -83.4643 0
    endloop
  endfacet
  facet normal 0 0 -1
    outer loop
      vertex 23.7695 -83.4643 0
      vertex 18.4415 -86.2649 0
      vertex 23.5823 -83.5233 0
    endloop
  endfacet
  facet normal 0 -0 -1
    outer loop
      vertex 18.8567 -85.9463 0
      vertex 23.5823 -83.5233 0
      vertex 18.4415 -86.2649 0
    endloop
  endfacet
  facet normal 0 -0 -1
    outer loop
      vertex 19.2426 -85.5926 0
      vertex 23.3907 -83.5658 0
      vertex 18.8567 -85.9463 0
    endloop
  endfacet
  facet normal -0 0 -1
    outer loop
      vertex 20.9608 -82.3009 0
      vertex 20.9088 -82.3919 0
      vertex 20.9305 -82.2276 0
    endloop
  endfacet
  facet normal 0 0 -1
    outer loop
      vertex 21.0514 -82.475 0
      vertex 20.9088 -82.3919 0
      vertex 20.9608 -82.3009 0
    endloop
  endfacet
  facet normal 0 0 -1
    outer loop
      vertex 20.7956 -82.9029 0
      vertex 21.0514 -82.475 0
      vertex 21.1569 -82.6405 0
    endloop
  endfacet
  facet normal 0 0 -1
    outer loop
      vertex 20.7956 -82.9029 0
      vertex 21.1569 -82.6405 0
      vertex 21.2764 -82.7963 0
    endloop
  endfacet
  facet normal -0 0 -1
    outer loop
      vertex 21.0514 -82.475 0
      vertex 20.7956 -82.9029 0
      vertex 20.9088 -82.3919 0
    endloop
  endfacet
  facet normal 0 0 -1
    outer loop
      vertex 21.409 -82.941 0
      vertex 20.7956 -82.9029 0
      vertex 21.2764 -82.7963 0
    endloop
  endfacet
  facet normal 0 0 -1
    outer loop
      vertex 20.6382 -83.4021 0
      vertex 21.409 -82.941 0
      vertex 21.5537 -83.0736 0
    endloop
  endfacet
  facet normal 0 0 -1
    outer loop
      vertex 20.6382 -83.4021 0
      vertex 21.5537 -83.0736 0
      vertex 21.7095 -83.1931 0
    endloop
  endfacet
  facet normal 0 0 -1
    outer loop
      vertex 20.4378 -83.8857 0
      vertex 21.7095 -83.1931 0
      vertex 21.875 -83.2986 0
    endloop
  endfacet
  facet normal 0 0 -1
    outer loop
      vertex 20.4378 -83.8857 0
      vertex 21.875 -83.2986 0
      vertex 22.0491 -83.3892 0
    endloop
  endfacet
  facet normal 0 0 -1
    outer loop
      vertex 20.4378 -83.8857 0
      vertex 22.0491 -83.3892 0
      vertex 22.2305 -83.4643 0
    endloop
  endfacet
  facet normal -0 0 -1
    outer loop
      vertex 21.409 -82.941 0
      vertex 20.6382 -83.4021 0
      vertex 20.7956 -82.9029 0
    endloop
  endfacet
  facet normal 0 0 -1
    outer loop
      vertex 20.1962 -84.35 0
      vertex 22.2305 -83.4643 0
      vertex 22.4177 -83.5233 0
    endloop
  endfacet
  facet normal 0 0 -1
    outer loop
      vertex 20.1962 -84.35 0
      vertex 22.4177 -83.5233 0
      vertex 22.6093 -83.5658 0
    endloop
  endfacet
  facet normal 0 0 -1
    outer loop
      vertex 19.9149 -84.7915 0
      vertex 22.6093 -83.5658 0
      vertex 22.8039 -83.5914 0
    endloop
  endfacet
  facet normal 0 0 -1
    outer loop
      vertex 23.3907 -83.5658 0
      vertex 19.2426 -85.5926 0
      vertex 23.1961 -83.5914 0
    endloop
  endfacet
  facet normal 0 0 -1
    outer loop
      vertex 21.7095 -83.1931 0
      vertex 20.4378 -83.8857 0
      vertex 20.6382 -83.4021 0
    endloop
  endfacet
  facet normal 0 0 -1
    outer loop
      vertex 22.2305 -83.4643 0
      vertex 20.1962 -84.35 0
      vertex 20.4378 -83.8857 0
    endloop
  endfacet
  facet normal 0 0 -1
    outer loop
      vertex 22.6093 -83.5658 0
      vertex 19.9149 -84.7915 0
      vertex 20.1962 -84.35 0
    endloop
  endfacet
  facet normal 0 0 -1
    outer loop
      vertex 22.8039 -83.5914 0
      vertex 19.5963 -85.2067 0
      vertex 19.9149 -84.7915 0
    endloop
  endfacet
  facet normal -0 0 -1
    outer loop
      vertex 23 -83.6 0
      vertex 19.5963 -85.2067 0
      vertex 22.8039 -83.5914 0
    endloop
  endfacet
  facet normal 0 0 -1
    outer loop
      vertex 23.1961 -83.5914 0
      vertex 19.5963 -85.2067 0
      vertex 23 -83.6 0
    endloop
  endfacet
  facet normal 0 -0 -1
    outer loop
      vertex 19.5963 -85.2067 0
      vertex 23.1961 -83.5914 0
      vertex 19.2426 -85.5926 0
    endloop
  endfacet
  facet normal 0 0 -1
    outer loop
      vertex 23.5823 -83.5233 0
      vertex 18.8567 -85.9463 0
      vertex 23.3907 -83.5658 0
    endloop
  endfacet
  facet normal 0 0 -1
    outer loop
      vertex 3.01227 -96.35 0
      vertex 18 -86.5462 0
      vertex 126.988 -96.35 0
    endloop
  endfacet
  facet normal 0 0 -1
    outer loop
      vertex 18 -86.5462 0
      vertex 3.01227 -96.35 0
      vertex 17.5357 -86.7878 0
    endloop
  endfacet
  facet normal 0 0 -1
    outer loop
      vertex 17.5357 -86.7878 0
      vertex 3.01227 -96.35 0
      vertex 17.0521 -86.9882 0
    endloop
  endfacet
  facet normal 0 0 -1
    outer loop
      vertex 17.0521 -86.9882 0
      vertex 3.01227 -96.35 0
      vertex 16.5529 -87.1456 0
    endloop
  endfacet
  facet normal 0 0 -1
    outer loop
      vertex 16.5529 -87.1456 0
      vertex 3.01227 -96.35 0
      vertex 16.0419 -87.2589 0
    endloop
  endfacet
  facet normal 0 0 -1
    outer loop
      vertex 16.0419 -87.2589 0
      vertex 3.01227 -96.35 0
      vertex 15.5229 -87.3272 0
    endloop
  endfacet
  facet normal 0 0 -1
    outer loop
      vertex 15.5229 -87.3272 0
      vertex 3.01227 -96.35 0
      vertex 15 -87.35 0
    endloop
  endfacet
  facet normal -0 0 -1
    outer loop
      vertex 9.02283 -81.8729 0
      vertex 3.01227 -96.35 0
      vertex 9 -81.35 0
    endloop
  endfacet
  facet normal -0 0 -1
    outer loop
      vertex 9.09115 -82.3919 0
      vertex 3.01227 -96.35 0
      vertex 9.02283 -81.8729 0
    endloop
  endfacet
  facet normal -0 0 -1
    outer loop
      vertex 9.20444 -82.9029 0
      vertex 3.01227 -96.35 0
      vertex 9.09115 -82.3919 0
    endloop
  endfacet
  facet normal -0 0 -1
    outer loop
      vertex 9.36184 -83.4021 0
      vertex 3.01227 -96.35 0
      vertex 9.20444 -82.9029 0
    endloop
  endfacet
  facet normal -0 0 -1
    outer loop
      vertex 9.56215 -83.8857 0
      vertex 3.01227 -96.35 0
      vertex 9.36184 -83.4021 0
    endloop
  endfacet
  facet normal -0 0 -1
    outer loop
      vertex 9.80385 -84.35 0
      vertex 3.01227 -96.35 0
      vertex 9.56215 -83.8857 0
    endloop
  endfacet
  facet normal -0 0 -1
    outer loop
      vertex 10.0851 -84.7915 0
      vertex 3.01227 -96.35 0
      vertex 9.80385 -84.35 0
    endloop
  endfacet
  facet normal -0 0 -1
    outer loop
      vertex 10.4037 -85.2067 0
      vertex 3.01227 -96.35 0
      vertex 10.0851 -84.7915 0
    endloop
  endfacet
  facet normal -0 0 -1
    outer loop
      vertex 10.7574 -85.5926 0
      vertex 3.01227 -96.35 0
      vertex 10.4037 -85.2067 0
    endloop
  endfacet
  facet normal -0 0 -1
    outer loop
      vertex 11.1433 -85.9463 0
      vertex 3.01227 -96.35 0
      vertex 10.7574 -85.5926 0
    endloop
  endfacet
  facet normal -0 0 -1
    outer loop
      vertex 11.5585 -86.2649 0
      vertex 3.01227 -96.35 0
      vertex 11.1433 -85.9463 0
    endloop
  endfacet
  facet normal -0 0 -1
    outer loop
      vertex 12 -86.5462 0
      vertex 3.01227 -96.35 0
      vertex 11.5585 -86.2649 0
    endloop
  endfacet
  facet normal -0 0 -1
    outer loop
      vertex 12.4643 -86.7878 0
      vertex 3.01227 -96.35 0
      vertex 12 -86.5462 0
    endloop
  endfacet
  facet normal -0 0 -1
    outer loop
      vertex 12.9479 -86.9882 0
      vertex 3.01227 -96.35 0
      vertex 12.4643 -86.7878 0
    endloop
  endfacet
  facet normal -0 0 -1
    outer loop
      vertex 13.4471 -87.1456 0
      vertex 3.01227 -96.35 0
      vertex 12.9479 -86.9882 0
    endloop
  endfacet
  facet normal -0 0 -1
    outer loop
      vertex 13.9581 -87.2589 0
      vertex 3.01227 -96.35 0
      vertex 13.4471 -87.1456 0
    endloop
  endfacet
  facet normal -0 0 -1
    outer loop
      vertex 14.4771 -87.3272 0
      vertex 3.01227 -96.35 0
      vertex 13.9581 -87.2589 0
    endloop
  endfacet
  facet normal -0 0 -1
    outer loop
      vertex 15 -87.35 0
      vertex 3.01227 -96.35 0
      vertex 14.4771 -87.3272 0
    endloop
  endfacet
  facet normal 0 0 -1
    outer loop
      vertex 120.909 -80.3081 0
      vertex 126.988 -96.35 0
      vertex 120.977 -80.8271 0
    endloop
  endfacet
  facet normal 0 0 -1
    outer loop
      vertex 120.796 -79.7971 0
      vertex 126.988 -96.35 0
      vertex 120.909 -80.3081 0
    endloop
  endfacet
  facet normal 0 0 -1
    outer loop
      vertex 126.988 -96.35 0
      vertex 120.796 -79.7971 0
      vertex 126.988 -4.5 0
    endloop
  endfacet
  facet normal 0 0 -1
    outer loop
      vertex 120.638 -79.2979 0
      vertex 126.988 -4.5 0
      vertex 120.796 -79.7971 0
    endloop
  endfacet
  facet normal 0 0 -1
    outer loop
      vertex 120.438 -78.8143 0
      vertex 126.988 -4.5 0
      vertex 120.638 -79.2979 0
    endloop
  endfacet
  facet normal 0 0 -1
    outer loop
      vertex 120.196 -78.35 0
      vertex 126.988 -4.5 0
      vertex 120.438 -78.8143 0
    endloop
  endfacet
  facet normal 0 0 -1
    outer loop
      vertex 119.915 -77.9085 0
      vertex 126.988 -4.5 0
      vertex 120.196 -78.35 0
    endloop
  endfacet
  facet normal 0 0 -1
    outer loop
      vertex 119.596 -77.4933 0
      vertex 126.988 -4.5 0
      vertex 119.915 -77.9085 0
    endloop
  endfacet
  facet normal 0 0 -1
    outer loop
      vertex 119.243 -77.1074 0
      vertex 126.988 -4.5 0
      vertex 119.596 -77.4933 0
    endloop
  endfacet
  facet normal 0 0 -1
    outer loop
      vertex 118.857 -76.7537 0
      vertex 126.988 -4.5 0
      vertex 119.243 -77.1074 0
    endloop
  endfacet
  facet normal 0 0 -1
    outer loop
      vertex 118.441 -76.4351 0
      vertex 126.988 -4.5 0
      vertex 118.857 -76.7537 0
    endloop
  endfacet
  facet normal 0 0 -1
    outer loop
      vertex 118 -76.1538 0
      vertex 126.988 -4.5 0
      vertex 118.441 -76.4351 0
    endloop
  endfacet
  facet normal 0 0 -1
    outer loop
      vertex 117.536 -75.9122 0
      vertex 126.988 -4.5 0
      vertex 118 -76.1538 0
    endloop
  endfacet
  facet normal 0 0 -1
    outer loop
      vertex 117.052 -75.7118 0
      vertex 126.988 -4.5 0
      vertex 117.536 -75.9122 0
    endloop
  endfacet
  facet normal 0 0 -1
    outer loop
      vertex 116.553 -75.5544 0
      vertex 126.988 -4.5 0
      vertex 117.052 -75.7118 0
    endloop
  endfacet
  facet normal 0 0 -1
    outer loop
      vertex 116.042 -75.4412 0
      vertex 126.988 -4.5 0
      vertex 116.553 -75.5544 0
    endloop
  endfacet
  facet normal 0 0 -1
    outer loop
      vertex 115.523 -75.3728 0
      vertex 126.988 -4.5 0
      vertex 116.042 -75.4412 0
    endloop
  endfacet
  facet normal 0 0 -1
    outer loop
      vertex 115 -75.35 0
      vertex 126.988 -4.5 0
      vertex 115.523 -75.3728 0
    endloop
  endfacet
  facet normal 0 0 -1
    outer loop
      vertex 114.477 -75.3728 0
      vertex 126.988 -4.5 0
      vertex 115 -75.35 0
    endloop
  endfacet
  facet normal 0 0 -1
    outer loop
      vertex 97 -4.5 0
      vertex 114.477 -75.3728 0
      vertex 113.958 -75.4412 0
    endloop
  endfacet
  facet normal 0 0 -1
    outer loop
      vertex 97 -4.5 0
      vertex 113.958 -75.4412 0
      vertex 113.447 -75.5544 0
    endloop
  endfacet
  facet normal 0 0 -1
    outer loop
      vertex 97 -4.5 0
      vertex 113.447 -75.5544 0
      vertex 112.948 -75.7118 0
    endloop
  endfacet
  facet normal 0 0 -1
    outer loop
      vertex 97 -4.5 0
      vertex 112.948 -75.7118 0
      vertex 112.464 -75.9122 0
    endloop
  endfacet
  facet normal 0 0 -1
    outer loop
      vertex 97 -4.5 0
      vertex 112.464 -75.9122 0
      vertex 112 -76.1538 0
    endloop
  endfacet
  facet normal 0 0 -1
    outer loop
      vertex 97 -4.5 0
      vertex 112 -76.1538 0
      vertex 111.559 -76.4351 0
    endloop
  endfacet
  facet normal 0 0 -1
    outer loop
      vertex 97 -4.5 0
      vertex 111.559 -76.4351 0
      vertex 111.143 -76.7537 0
    endloop
  endfacet
  facet normal 0 0 -1
    outer loop
      vertex 97 -4.5 0
      vertex 111.143 -76.7537 0
      vertex 110.757 -77.1074 0
    endloop
  endfacet
  facet normal 0 0 -1
    outer loop
      vertex 97 -4.5 0
      vertex 110.757 -77.1074 0
      vertex 110.404 -77.4933 0
    endloop
  endfacet
  facet normal 0 0 -1
    outer loop
      vertex 97 -4.5 0
      vertex 110.404 -77.4933 0
      vertex 110.085 -77.9085 0
    endloop
  endfacet
  facet normal 0 0 -1
    outer loop
      vertex 97 -4.5 0
      vertex 110.085 -77.9085 0
      vertex 109.804 -78.35 0
    endloop
  endfacet
  facet normal 0 0 -1
    outer loop
      vertex 97 -4.5 0
      vertex 109.804 -78.35 0
      vertex 109.562 -78.8143 0
    endloop
  endfacet
  facet normal 0 0 -1
    outer loop
      vertex 97 -4.5 0
      vertex 109.562 -78.8143 0
      vertex 109.362 -79.2979 0
    endloop
  endfacet
  facet normal 0 0 -1
    outer loop
      vertex 97 -4.5 0
      vertex 109.362 -79.2979 0
      vertex 109.204 -79.7971 0
    endloop
  endfacet
  facet normal 0 0 -1
    outer loop
      vertex 114.477 -75.3728 0
      vertex 97 -4.5 0
      vertex 126.988 -4.5 0
    endloop
  endfacet
  facet normal 0 0 -1
    outer loop
      vertex 109.091 -80.3081 0
      vertex 97 -4.5 0
      vertex 109.204 -79.7971 0
    endloop
  endfacet
  facet normal 0 0 -1
    outer loop
      vertex 109.023 -80.8271 0
      vertex 97 -4.5 0
      vertex 109.091 -80.3081 0
    endloop
  endfacet
  facet normal 0 0 -1
    outer loop
      vertex 97 -4.5 0
      vertex 109.023 -80.8271 0
      vertex 109 -81.35 0
    endloop
  endfacet
  facet normal -0 0 -1
    outer loop
      vertex 97 -2 0
      vertex 88 -4.5 0
      vertex 88 -2 0
    endloop
  endfacet
  facet normal 0 0 -1
    outer loop
      vertex 73.8594 -8.63664 0
      vertex 88 -4.5 0
      vertex 73.8594 -23 0
    endloop
  endfacet
  facet normal 0 0 -1
    outer loop
      vertex 58.1234 -4.70265 0
      vertex 88 -4.5 0
      vertex 73.8594 -8.63664 0
    endloop
  endfacet
  facet normal -0 0 -1
    outer loop
      vertex 88 -4.5 0
      vertex 58.1234 -4.70265 0
      vertex 57.3128 -4.5 0
    endloop
  endfacet
  facet normal 0 0 -1
    outer loop
      vertex 109 -81.35 0
      vertex 25.2158 -80.9593 0
      vertex 25.1733 -80.7677 0
    endloop
  endfacet
  facet normal 0 0 -1
    outer loop
      vertex 109 -81.35 0
      vertex 25.1733 -80.7677 0
      vertex 25.1143 -80.5805 0
    endloop
  endfacet
  facet normal 0 0 -1
    outer loop
      vertex 73.8594 -23 0
      vertex 25.1143 -80.5805 0
      vertex 25.0392 -80.3991 0
    endloop
  endfacet
  facet normal 0 0 -1
    outer loop
      vertex 73.8594 -23 0
      vertex 25.0392 -80.3991 0
      vertex 24.9486 -80.225 0
    endloop
  endfacet
  facet normal 0 0 -1
    outer loop
      vertex 24.8431 -80.0595 0
      vertex 73.8594 -23 0
      vertex 24.9486 -80.225 0
    endloop
  endfacet
  facet normal 0 0 -1
    outer loop
      vertex 24.7236 -79.9037 0
      vertex 73.8594 -23 0
      vertex 24.8431 -80.0595 0
    endloop
  endfacet
  facet normal 0 0 -1
    outer loop
      vertex 24.591 -79.759 0
      vertex 73.8594 -23 0
      vertex 24.7236 -79.9037 0
    endloop
  endfacet
  facet normal -0 0 -1
    outer loop
      vertex 73.8594 -23 0
      vertex 24.591 -79.759 0
      vertex 27.3128 -23 0
    endloop
  endfacet
  facet normal 0 0 -1
    outer loop
      vertex 24.4463 -79.6264 0
      vertex 27.3128 -23 0
      vertex 24.591 -79.759 0
    endloop
  endfacet
  facet normal 0 0 -1
    outer loop
      vertex 24.2905 -79.5069 0
      vertex 27.3128 -23 0
      vertex 24.4463 -79.6264 0
    endloop
  endfacet
  facet normal 0 0 -1
    outer loop
      vertex 24.125 -79.4014 0
      vertex 27.3128 -23 0
      vertex 24.2905 -79.5069 0
    endloop
  endfacet
  facet normal 0 0 -1
    outer loop
      vertex 23.9509 -79.3108 0
      vertex 27.3128 -23 0
      vertex 24.125 -79.4014 0
    endloop
  endfacet
  facet normal 0 0 -1
    outer loop
      vertex 23.7695 -79.2357 0
      vertex 27.3128 -23 0
      vertex 23.9509 -79.3108 0
    endloop
  endfacet
  facet normal 0 0 -1
    outer loop
      vertex 27.3128 -23 0
      vertex 23.7695 -79.2357 0
      vertex 18.4415 -76.4351 0
    endloop
  endfacet
  facet normal 0 0 -1
    outer loop
      vertex 18.4415 -76.4351 0
      vertex 23.7695 -79.2357 0
      vertex 23.5823 -79.1767 0
    endloop
  endfacet
  facet normal 0 0 -1
    outer loop
      vertex 18.8567 -76.7537 0
      vertex 23.5823 -79.1767 0
      vertex 23.3907 -79.1342 0
    endloop
  endfacet
  facet normal 0 0 -1
    outer loop
      vertex 19.2426 -77.1074 0
      vertex 23.3907 -79.1342 0
      vertex 23.1961 -79.1086 0
    endloop
  endfacet
  facet normal 0 0 -1
    outer loop
      vertex 19.5963 -77.4933 0
      vertex 23.1961 -79.1086 0
      vertex 23 -79.1 0
    endloop
  endfacet
  facet normal 0 0 -1
    outer loop
      vertex 19.5963 -77.4933 0
      vertex 23 -79.1 0
      vertex 22.8039 -79.1086 0
    endloop
  endfacet
  facet normal 0 0 -1
    outer loop
      vertex 19.9149 -77.9085 0
      vertex 22.8039 -79.1086 0
      vertex 22.6093 -79.1342 0
    endloop
  endfacet
  facet normal 0 0 -1
    outer loop
      vertex 19.9149 -77.9085 0
      vertex 22.6093 -79.1342 0
      vertex 22.4177 -79.1767 0
    endloop
  endfacet
  facet normal 0 0 -1
    outer loop
      vertex 20.1962 -78.35 0
      vertex 22.4177 -79.1767 0
      vertex 22.2305 -79.2357 0
    endloop
  endfacet
  facet normal 0 0 -1
    outer loop
      vertex 20.4378 -78.8143 0
      vertex 22.2305 -79.2357 0
      vertex 22.0491 -79.3108 0
    endloop
  endfacet
  facet normal 0 0 -1
    outer loop
      vertex 20.4378 -78.8143 0
      vertex 22.0491 -79.3108 0
      vertex 21.875 -79.4014 0
    endloop
  endfacet
  facet normal 0 0 -1
    outer loop
      vertex 20.4378 -78.8143 0
      vertex 21.875 -79.4014 0
      vertex 21.7095 -79.5069 0
    endloop
  endfacet
  facet normal 0 0 -1
    outer loop
      vertex 20.6382 -79.2979 0
      vertex 21.7095 -79.5069 0
      vertex 21.5537 -79.6264 0
    endloop
  endfacet
  facet normal 0 0 -1
    outer loop
      vertex 20.6382 -79.2979 0
      vertex 21.5537 -79.6264 0
      vertex 21.409 -79.759 0
    endloop
  endfacet
  facet normal 0 0 -1
    outer loop
      vertex 20.7956 -79.7971 0
      vertex 21.409 -79.759 0
      vertex 21.2764 -79.9037 0
    endloop
  endfacet
  facet normal 0 0 -1
    outer loop
      vertex 20.7956 -79.7971 0
      vertex 21.2764 -79.9037 0
      vertex 21.1569 -80.0595 0
    endloop
  endfacet
  facet normal 0 0 -1
    outer loop
      vertex 20.7956 -79.7971 0
      vertex 21.1569 -80.0595 0
      vertex 21.0514 -80.225 0
    endloop
  endfacet
  facet normal 0 0 -1
    outer loop
      vertex 20.9088 -80.3081 0
      vertex 21.0514 -80.225 0
      vertex 20.9608 -80.3991 0
    endloop
  endfacet
  facet normal 0 0 -1
    outer loop
      vertex 20.9088 -80.3081 0
      vertex 20.9608 -80.3991 0
      vertex 20.9305 -80.4724 0
    endloop
  endfacet
  facet normal -0 0 -1
    outer loop
      vertex 21.0514 -80.225 0
      vertex 20.9088 -80.3081 0
      vertex 20.7956 -79.7971 0
    endloop
  endfacet
  facet normal -0 0 -1
    outer loop
      vertex 21.409 -79.759 0
      vertex 20.7956 -79.7971 0
      vertex 20.6382 -79.2979 0
    endloop
  endfacet
  facet normal 0 0 -1
    outer loop
      vertex 21.7095 -79.5069 0
      vertex 20.6382 -79.2979 0
      vertex 20.4378 -78.8143 0
    endloop
  endfacet
  facet normal 0 0 -1
    outer loop
      vertex 22.2305 -79.2357 0
      vertex 20.4378 -78.8143 0
      vertex 20.1962 -78.35 0
    endloop
  endfacet
  facet normal 0 0 -1
    outer loop
      vertex 22.4177 -79.1767 0
      vertex 20.1962 -78.35 0
      vertex 19.9149 -77.9085 0
    endloop
  endfacet
  facet normal 0 0 -1
    outer loop
      vertex 22.8039 -79.1086 0
      vertex 19.9149 -77.9085 0
      vertex 19.5963 -77.4933 0
    endloop
  endfacet
  facet normal 0 0 -1
    outer loop
      vertex 23.1961 -79.1086 0
      vertex 19.5963 -77.4933 0
      vertex 19.2426 -77.1074 0
    endloop
  endfacet
  facet normal 0 0 -1
    outer loop
      vertex 23.3907 -79.1342 0
      vertex 19.2426 -77.1074 0
      vertex 18.8567 -76.7537 0
    endloop
  endfacet
  facet normal 0 0 -1
    outer loop
      vertex 23.5823 -79.1767 0
      vertex 18.8567 -76.7537 0
      vertex 18.4415 -76.4351 0
    endloop
  endfacet
  facet normal 0 0 -1
    outer loop
      vertex 18 -76.1538 0
      vertex 27.3128 -23 0
      vertex 18.4415 -76.4351 0
    endloop
  endfacet
  facet normal 0 0 -1
    outer loop
      vertex 17.5357 -75.9122 0
      vertex 27.3128 -23 0
      vertex 18 -76.1538 0
    endloop
  endfacet
  facet normal 0 0 -1
    outer loop
      vertex 17.0521 -75.7118 0
      vertex 27.3128 -23 0
      vertex 17.5357 -75.9122 0
    endloop
  endfacet
  facet normal 0 0 -1
    outer loop
      vertex 16.5529 -75.5544 0
      vertex 27.3128 -23 0
      vertex 17.0521 -75.7118 0
    endloop
  endfacet
  facet normal 0 0 -1
    outer loop
      vertex 16.0419 -75.4412 0
      vertex 27.3128 -23 0
      vertex 16.5529 -75.5544 0
    endloop
  endfacet
  facet normal 0 0 -1
    outer loop
      vertex 15.5229 -75.3728 0
      vertex 27.3128 -23 0
      vertex 16.0419 -75.4412 0
    endloop
  endfacet
  facet normal 0 0 -1
    outer loop
      vertex 15 -75.35 0
      vertex 27.3128 -23 0
      vertex 15.5229 -75.3728 0
    endloop
  endfacet
  facet normal 0 0 -1
    outer loop
      vertex 14.4771 -75.3728 0
      vertex 27.3128 -23 0
      vertex 15 -75.35 0
    endloop
  endfacet
  facet normal 0 0 -1
    outer loop
      vertex 13.9581 -75.4412 0
      vertex 27.3128 -23 0
      vertex 14.4771 -75.3728 0
    endloop
  endfacet
  facet normal 0 0 -1
    outer loop
      vertex 13.4471 -75.5544 0
      vertex 27.3128 -23 0
      vertex 13.9581 -75.4412 0
    endloop
  endfacet
  facet normal 0 0 -1
    outer loop
      vertex 12.9479 -75.7118 0
      vertex 27.3128 -23 0
      vertex 13.4471 -75.5544 0
    endloop
  endfacet
  facet normal 0 0 -1
    outer loop
      vertex 12.4643 -75.9122 0
      vertex 27.3128 -23 0
      vertex 12.9479 -75.7118 0
    endloop
  endfacet
  facet normal 0 0 -1
    outer loop
      vertex 12 -76.1538 0
      vertex 27.3128 -23 0
      vertex 12.4643 -75.9122 0
    endloop
  endfacet
  facet normal -0 0 -1
    outer loop
      vertex 27.3128 -23 0
      vertex 12 -76.1538 0
      vertex 3.01227 -4.5 0
    endloop
  endfacet
  facet normal 0 0 -1
    outer loop
      vertex 3.01227 -4.5 0
      vertex 12 -76.1538 0
      vertex 11.5585 -76.4351 0
    endloop
  endfacet
  facet normal 0 0 -1
    outer loop
      vertex 3.01227 -4.5 0
      vertex 11.5585 -76.4351 0
      vertex 11.1433 -76.7537 0
    endloop
  endfacet
  facet normal 0 0 -1
    outer loop
      vertex 3.01227 -4.5 0
      vertex 11.1433 -76.7537 0
      vertex 10.7574 -77.1074 0
    endloop
  endfacet
  facet normal 0 0 -1
    outer loop
      vertex 3.01227 -4.5 0
      vertex 10.7574 -77.1074 0
      vertex 10.4037 -77.4933 0
    endloop
  endfacet
  facet normal 0 0 -1
    outer loop
      vertex 3.01227 -4.5 0
      vertex 10.4037 -77.4933 0
      vertex 10.0851 -77.9085 0
    endloop
  endfacet
  facet normal 0 0 -1
    outer loop
      vertex 3.01227 -4.5 0
      vertex 10.0851 -77.9085 0
      vertex 9.80385 -78.35 0
    endloop
  endfacet
  facet normal 0 0 -1
    outer loop
      vertex 3.01227 -4.5 0
      vertex 9.80385 -78.35 0
      vertex 9.56215 -78.8143 0
    endloop
  endfacet
  facet normal 0 0 -1
    outer loop
      vertex 3.01227 -4.5 0
      vertex 9.56215 -78.8143 0
      vertex 9.36184 -79.2979 0
    endloop
  endfacet
  facet normal 0 0 -1
    outer loop
      vertex 3.01227 -4.5 0
      vertex 9.36184 -79.2979 0
      vertex 9.20444 -79.7971 0
    endloop
  endfacet
  facet normal 0 0 -1
    outer loop
      vertex 3.01227 -96.35 0
      vertex 9.02283 -80.8271 0
      vertex 9 -81.35 0
    endloop
  endfacet
  facet normal 0 0 -1
    outer loop
      vertex 3.01227 -96.35 0
      vertex 9.09115 -80.3081 0
      vertex 9.02283 -80.8271 0
    endloop
  endfacet
  facet normal 0 0 -1
    outer loop
      vertex 3.01227 -96.35 0
      vertex 9.20444 -79.7971 0
      vertex 9.09115 -80.3081 0
    endloop
  endfacet
  facet normal 0 0 -1
    outer loop
      vertex 3.01227 -4.5 0
      vertex 9.20444 -79.7971 0
      vertex 3.01227 -96.35 0
    endloop
  endfacet
  facet normal 0 0 -1
    outer loop
      vertex 27.3128 -23 0
      vertex 3.01227 -4.5 0
      vertex 27.3128 -4.5 0
    endloop
  endfacet
  facet normal 0 0 -1
    outer loop
      vertex 97 2 0
      vertex 88 2 0
      vertex 97 4.5 0
    endloop
  endfacet
  facet normal 0 0 -1
    outer loop
      vertex 109.023 80.8271 0
      vertex 25.2414 81.1539 0
      vertex 25.25 81.35 0
    endloop
  endfacet
  facet normal 0 0 -1
    outer loop
      vertex 109.804 78.35 0
      vertex 25.2158 80.9593 0
      vertex 25.2414 81.1539 0
    endloop
  endfacet
  facet normal 0 0 -1
    outer loop
      vertex 109.804 78.35 0
      vertex 25.1733 80.7677 0
      vertex 25.2158 80.9593 0
    endloop
  endfacet
  facet normal 0 0 -1
    outer loop
      vertex 109.804 78.35 0
      vertex 25.1143 80.5805 0
      vertex 25.1733 80.7677 0
    endloop
  endfacet
  facet normal 0 0 -1
    outer loop
      vertex 109.804 78.35 0
      vertex 25.0392 80.3991 0
      vertex 25.1143 80.5805 0
    endloop
  endfacet
  facet normal 0 0 -1
    outer loop
      vertex 109.804 78.35 0
      vertex 24.9486 80.225 0
      vertex 25.0392 80.3991 0
    endloop
  endfacet
  facet normal 0 0 -1
    outer loop
      vertex 109.804 78.35 0
      vertex 24.8431 80.0595 0
      vertex 24.9486 80.225 0
    endloop
  endfacet
  facet normal 0 0 -1
    outer loop
      vertex 88 4.5 0
      vertex 24.7236 79.9037 0
      vertex 24.8431 80.0595 0
    endloop
  endfacet
  facet normal 0 0 -1
    outer loop
      vertex 88 4.5 0
      vertex 24.591 79.759 0
      vertex 24.7236 79.9037 0
    endloop
  endfacet
  facet normal 0 0 -1
    outer loop
      vertex 88 4.5 0
      vertex 24.4463 79.6264 0
      vertex 24.591 79.759 0
    endloop
  endfacet
  facet normal 0 0 -1
    outer loop
      vertex 88 4.5 0
      vertex 24.2905 79.5069 0
      vertex 24.4463 79.6264 0
    endloop
  endfacet
  facet normal 0 0 -1
    outer loop
      vertex 88 4.5 0
      vertex 24.125 79.4014 0
      vertex 24.2905 79.5069 0
    endloop
  endfacet
  facet normal 0 0 -1
    outer loop
      vertex 88 4.5 0
      vertex 23.9509 79.3108 0
      vertex 24.125 79.4014 0
    endloop
  endfacet
  facet normal 0 0 -1
    outer loop
      vertex 3.01227 4.5 0
      vertex 23.9509 79.3108 0
      vertex 88 4.5 0
    endloop
  endfacet
  facet normal 0 -0 -1
    outer loop
      vertex 18 76.1538 0
      vertex 23.9509 79.3108 0
      vertex 3.01227 4.5 0
    endloop
  endfacet
  facet normal 0 0 -1
    outer loop
      vertex 23.9509 79.3108 0
      vertex 18.4415 76.4351 0
      vertex 23.7695 79.2357 0
    endloop
  endfacet
  facet normal 0 -0 -1
    outer loop
      vertex 18.8567 76.7537 0
      vertex 23.5823 79.1767 0
      vertex 18.4415 76.4351 0
    endloop
  endfacet
  facet normal 0 0 -1
    outer loop
      vertex 23.5823 79.1767 0
      vertex 18.8567 76.7537 0
      vertex 23.3907 79.1342 0
    endloop
  endfacet
  facet normal 0 -0 -1
    outer loop
      vertex 19.2426 77.1074 0
      vertex 23.3907 79.1342 0
      vertex 18.8567 76.7537 0
    endloop
  endfacet
  facet normal 0 0 -1
    outer loop
      vertex 23.3907 79.1342 0
      vertex 19.2426 77.1074 0
      vertex 23.1961 79.1086 0
    endloop
  endfacet
  facet normal 0 -0 -1
    outer loop
      vertex 19.5963 77.4933 0
      vertex 23.1961 79.1086 0
      vertex 19.2426 77.1074 0
    endloop
  endfacet
  facet normal -0 0 -1
    outer loop
      vertex 23 79.1 0
      vertex 19.5963 77.4933 0
      vertex 22.8039 79.1086 0
    endloop
  endfacet
  facet normal 0 -0 -1
    outer loop
      vertex 19.9149 77.9085 0
      vertex 22.8039 79.1086 0
      vertex 19.5963 77.4933 0
    endloop
  endfacet
  facet normal -0 0 -1
    outer loop
      vertex 22.8039 79.1086 0
      vertex 19.9149 77.9085 0
      vertex 22.6093 79.1342 0
    endloop
  endfacet
  facet normal 0 -0 -1
    outer loop
      vertex 20.1962 78.35 0
      vertex 22.4177 79.1767 0
      vertex 19.9149 77.9085 0
    endloop
  endfacet
  facet normal -0 0 -1
    outer loop
      vertex 22.4177 79.1767 0
      vertex 20.1962 78.35 0
      vertex 22.2305 79.2357 0
    endloop
  endfacet
  facet normal -0 0 -1
    outer loop
      vertex 22.2305 79.2357 0
      vertex 20.4378 78.8143 0
      vertex 22.0491 79.3108 0
    endloop
  endfacet
  facet normal -0 0 -1
    outer loop
      vertex 21.875 79.4014 0
      vertex 20.4378 78.8143 0
      vertex 21.7095 79.5069 0
    endloop
  endfacet
  facet normal -0 0 -1
    outer loop
      vertex 20.9608 80.3991 0
      vertex 20.9088 80.3081 0
      vertex 20.9305 80.4724 0
    endloop
  endfacet
  facet normal 0 0 -1
    outer loop
      vertex 21.0514 80.225 0
      vertex 20.9088 80.3081 0
      vertex 20.9608 80.3991 0
    endloop
  endfacet
  facet normal 0 0 -1
    outer loop
      vertex 20.7956 79.7971 0
      vertex 21.0514 80.225 0
      vertex 21.1569 80.0595 0
    endloop
  endfacet
  facet normal 0 0 -1
    outer loop
      vertex 20.7956 79.7971 0
      vertex 21.1569 80.0595 0
      vertex 21.2764 79.9037 0
    endloop
  endfacet
  facet normal 0 -0 -1
    outer loop
      vertex 20.6382 79.2979 0
      vertex 21.7095 79.5069 0
      vertex 20.4378 78.8143 0
    endloop
  endfacet
  facet normal -0 0 -1
    outer loop
      vertex 21.0514 80.225 0
      vertex 20.7956 79.7971 0
      vertex 20.9088 80.3081 0
    endloop
  endfacet
  facet normal 0 0 -1
    outer loop
      vertex 21.409 79.759 0
      vertex 20.7956 79.7971 0
      vertex 21.2764 79.9037 0
    endloop
  endfacet
  facet normal 0 -0 -1
    outer loop
      vertex 20.7956 79.7971 0
      vertex 21.409 79.759 0
      vertex 20.6382 79.2979 0
    endloop
  endfacet
  facet normal -0 0 -1
    outer loop
      vertex 21.5537 79.6264 0
      vertex 20.6382 79.2979 0
      vertex 21.409 79.759 0
    endloop
  endfacet
  facet normal -0 0 -1
    outer loop
      vertex 21.7095 79.5069 0
      vertex 20.6382 79.2979 0
      vertex 21.5537 79.6264 0
    endloop
  endfacet
  facet normal -0 0 -1
    outer loop
      vertex 22.0491 79.3108 0
      vertex 20.4378 78.8143 0
      vertex 21.875 79.4014 0
    endloop
  endfacet
  facet normal 0 -0 -1
    outer loop
      vertex 20.4378 78.8143 0
      vertex 22.2305 79.2357 0
      vertex 20.1962 78.35 0
    endloop
  endfacet
  facet normal -0 0 -1
    outer loop
      vertex 22.6093 79.1342 0
      vertex 19.9149 77.9085 0
      vertex 22.4177 79.1767 0
    endloop
  endfacet
  facet normal 0 0 -1
    outer loop
      vertex 23.1961 79.1086 0
      vertex 19.5963 77.4933 0
      vertex 23 79.1 0
    endloop
  endfacet
  facet normal 0 0 -1
    outer loop
      vertex 23.7695 79.2357 0
      vertex 18.4415 76.4351 0
      vertex 23.5823 79.1767 0
    endloop
  endfacet
  facet normal 0 -0 -1
    outer loop
      vertex 18.4415 76.4351 0
      vertex 23.9509 79.3108 0
      vertex 18 76.1538 0
    endloop
  endfacet
  facet normal 0 0 -1
    outer loop
      vertex 18 76.1538 0
      vertex 3.01227 4.5 0
      vertex 17.5357 75.9122 0
    endloop
  endfacet
  facet normal 0 0 -1
    outer loop
      vertex 17.5357 75.9122 0
      vertex 3.01227 4.5 0
      vertex 17.0521 75.7118 0
    endloop
  endfacet
  facet normal 0 0 -1
    outer loop
      vertex 17.0521 75.7118 0
      vertex 3.01227 4.5 0
      vertex 16.5529 75.5544 0
    endloop
  endfacet
  facet normal 0 0 -1
    outer loop
      vertex 16.5529 75.5544 0
      vertex 3.01227 4.5 0
      vertex 16.0419 75.4412 0
    endloop
  endfacet
  facet normal 0 0 -1
    outer loop
      vertex 16.0419 75.4412 0
      vertex 3.01227 4.5 0
      vertex 15.5229 75.3728 0
    endloop
  endfacet
  facet normal 0 0 -1
    outer loop
      vertex 15.5229 75.3728 0
      vertex 3.01227 4.5 0
      vertex 15 75.35 0
    endloop
  endfacet
  facet normal -0 0 -1
    outer loop
      vertex 15 75.35 0
      vertex 3.01227 4.5 0
      vertex 14.4771 75.3728 0
    endloop
  endfacet
  facet normal -0 0 -1
    outer loop
      vertex 14.4771 75.3728 0
      vertex 3.01227 4.5 0
      vertex 13.9581 75.4412 0
    endloop
  endfacet
  facet normal -0 0 -1
    outer loop
      vertex 13.9581 75.4412 0
      vertex 3.01227 4.5 0
      vertex 13.4471 75.5544 0
    endloop
  endfacet
  facet normal -0 0 -1
    outer loop
      vertex 13.4471 75.5544 0
      vertex 3.01227 4.5 0
      vertex 12.9479 75.7118 0
    endloop
  endfacet
  facet normal -0 0 -1
    outer loop
      vertex 12.9479 75.7118 0
      vertex 3.01227 4.5 0
      vertex 12.4643 75.9122 0
    endloop
  endfacet
  facet normal -0 0 -1
    outer loop
      vertex 12.4643 75.9122 0
      vertex 3.01227 4.5 0
      vertex 12 76.1538 0
    endloop
  endfacet
  facet normal -0 0 -1
    outer loop
      vertex 12 76.1538 0
      vertex 3.01227 4.5 0
      vertex 11.5585 76.4351 0
    endloop
  endfacet
  facet normal -0 0 -1
    outer loop
      vertex 11.5585 76.4351 0
      vertex 3.01227 4.5 0
      vertex 11.1433 76.7537 0
    endloop
  endfacet
  facet normal 0 0 -1
    outer loop
      vertex 9.09115 80.3081 0
      vertex 3.01227 96.35 0
      vertex 9.02283 80.8271 0
    endloop
  endfacet
  facet normal 0 0 -1
    outer loop
      vertex 9.20444 79.7971 0
      vertex 3.01227 96.35 0
      vertex 9.09115 80.3081 0
    endloop
  endfacet
  facet normal 0 0 -1
    outer loop
      vertex 3.01227 96.35 0
      vertex 9.20444 79.7971 0
      vertex 3.01227 4.5 0
    endloop
  endfacet
  facet normal -0 0 -1
    outer loop
      vertex 9.36184 79.2979 0
      vertex 3.01227 4.5 0
      vertex 9.20444 79.7971 0
    endloop
  endfacet
  facet normal -0 0 -1
    outer loop
      vertex 9.56215 78.8143 0
      vertex 3.01227 4.5 0
      vertex 9.36184 79.2979 0
    endloop
  endfacet
  facet normal -0 0 -1
    outer loop
      vertex 9.80385 78.35 0
      vertex 3.01227 4.5 0
      vertex 9.56215 78.8143 0
    endloop
  endfacet
  facet normal -0 0 -1
    outer loop
      vertex 10.0851 77.9085 0
      vertex 3.01227 4.5 0
      vertex 9.80385 78.35 0
    endloop
  endfacet
  facet normal -0 0 -1
    outer loop
      vertex 10.4037 77.4933 0
      vertex 3.01227 4.5 0
      vertex 10.0851 77.9085 0
    endloop
  endfacet
  facet normal -0 0 -1
    outer loop
      vertex 10.7574 77.1074 0
      vertex 3.01227 4.5 0
      vertex 10.4037 77.4933 0
    endloop
  endfacet
  facet normal -0 0 -1
    outer loop
      vertex 11.1433 76.7537 0
      vertex 3.01227 4.5 0
      vertex 10.7574 77.1074 0
    endloop
  endfacet
  facet normal 0 0 -1
    outer loop
      vertex 120.796 79.7971 0
      vertex 126.988 96.35 0
      vertex 126.988 4.5 0
    endloop
  endfacet
  facet normal 0 0 -1
    outer loop
      vertex 126.988 96.35 0
      vertex 120.977 80.8271 0
      vertex 121 81.35 0
    endloop
  endfacet
  facet normal 0 0 -1
    outer loop
      vertex 126.988 96.35 0
      vertex 120.909 80.3081 0
      vertex 120.977 80.8271 0
    endloop
  endfacet
  facet normal 0 0 -1
    outer loop
      vertex 126.988 96.35 0
      vertex 120.796 79.7971 0
      vertex 120.909 80.3081 0
    endloop
  endfacet
  facet normal 0 0 -1
    outer loop
      vertex 126.988 4.5 0
      vertex 120.638 79.2979 0
      vertex 120.796 79.7971 0
    endloop
  endfacet
  facet normal 0 0 -1
    outer loop
      vertex 126.988 4.5 0
      vertex 120.438 78.8143 0
      vertex 120.638 79.2979 0
    endloop
  endfacet
  facet normal 0 0 -1
    outer loop
      vertex 126.988 4.5 0
      vertex 120.196 78.35 0
      vertex 120.438 78.8143 0
    endloop
  endfacet
  facet normal 0 0 -1
    outer loop
      vertex 126.988 4.5 0
      vertex 119.915 77.9085 0
      vertex 120.196 78.35 0
    endloop
  endfacet
  facet normal 0 0 -1
    outer loop
      vertex 126.988 4.5 0
      vertex 119.596 77.4933 0
      vertex 119.915 77.9085 0
    endloop
  endfacet
  facet normal 0 0 -1
    outer loop
      vertex 126.988 4.5 0
      vertex 119.243 77.1074 0
      vertex 119.596 77.4933 0
    endloop
  endfacet
  facet normal 0 0 -1
    outer loop
      vertex 126.988 4.5 0
      vertex 118.857 76.7537 0
      vertex 119.243 77.1074 0
    endloop
  endfacet
  facet normal 0 0 -1
    outer loop
      vertex 126.988 4.5 0
      vertex 118.441 76.4351 0
      vertex 118.857 76.7537 0
    endloop
  endfacet
  facet normal 0 0 -1
    outer loop
      vertex 126.988 4.5 0
      vertex 118 76.1538 0
      vertex 118.441 76.4351 0
    endloop
  endfacet
  facet normal 0 0 -1
    outer loop
      vertex 126.988 4.5 0
      vertex 117.536 75.9122 0
      vertex 118 76.1538 0
    endloop
  endfacet
  facet normal 0 0 -1
    outer loop
      vertex 126.988 4.5 0
      vertex 117.052 75.7118 0
      vertex 117.536 75.9122 0
    endloop
  endfacet
  facet normal 0 0 -1
    outer loop
      vertex 126.988 4.5 0
      vertex 116.553 75.5544 0
      vertex 117.052 75.7118 0
    endloop
  endfacet
  facet normal 0 0 -1
    outer loop
      vertex 126.988 4.5 0
      vertex 116.042 75.4412 0
      vertex 116.553 75.5544 0
    endloop
  endfacet
  facet normal 0 0 -1
    outer loop
      vertex 126.988 4.5 0
      vertex 115.523 75.3728 0
      vertex 116.042 75.4412 0
    endloop
  endfacet
  facet normal 0 0 -1
    outer loop
      vertex 126.988 4.5 0
      vertex 115 75.35 0
      vertex 115.523 75.3728 0
    endloop
  endfacet
  facet normal 0 0 -1
    outer loop
      vertex 126.988 4.5 0
      vertex 114.477 75.3728 0
      vertex 115 75.35 0
    endloop
  endfacet
  facet normal 0 0 -1
    outer loop
      vertex 97 4.5 0
      vertex 114.477 75.3728 0
      vertex 126.988 4.5 0
    endloop
  endfacet
  facet normal -0 0 -1
    outer loop
      vertex 114.477 75.3728 0
      vertex 97 4.5 0
      vertex 113.958 75.4412 0
    endloop
  endfacet
  facet normal -0 0 -1
    outer loop
      vertex 113.958 75.4412 0
      vertex 97 4.5 0
      vertex 113.447 75.5544 0
    endloop
  endfacet
  facet normal -0 0 -1
    outer loop
      vertex 113.447 75.5544 0
      vertex 97 4.5 0
      vertex 112.948 75.7118 0
    endloop
  endfacet
  facet normal -0 0 -1
    outer loop
      vertex 112.948 75.7118 0
      vertex 97 4.5 0
      vertex 112.464 75.9122 0
    endloop
  endfacet
  facet normal -0 0 -1
    outer loop
      vertex 112.464 75.9122 0
      vertex 97 4.5 0
      vertex 112 76.1538 0
    endloop
  endfacet
  facet normal 0 0 -1
    outer loop
      vertex 88 4.5 0
      vertex 112 76.1538 0
      vertex 97 4.5 0
    endloop
  endfacet
  facet normal -0 0 -1
    outer loop
      vertex 112 76.1538 0
      vertex 88 4.5 0
      vertex 111.559 76.4351 0
    endloop
  endfacet
  facet normal -0 0 -1
    outer loop
      vertex 111.559 76.4351 0
      vertex 88 4.5 0
      vertex 111.143 76.7537 0
    endloop
  endfacet
  facet normal -0 0 -1
    outer loop
      vertex 111.143 76.7537 0
      vertex 88 4.5 0
      vertex 110.757 77.1074 0
    endloop
  endfacet
  facet normal -0 0 -1
    outer loop
      vertex 110.757 77.1074 0
      vertex 88 4.5 0
      vertex 110.404 77.4933 0
    endloop
  endfacet
  facet normal -0 0 -1
    outer loop
      vertex 110.404 77.4933 0
      vertex 88 4.5 0
      vertex 110.085 77.9085 0
    endloop
  endfacet
  facet normal -0 0 -1
    outer loop
      vertex 110.085 77.9085 0
      vertex 88 4.5 0
      vertex 109.804 78.35 0
    endloop
  endfacet
  facet normal 0 0 -1
    outer loop
      vertex 24.8431 80.0595 0
      vertex 109.804 78.35 0
      vertex 88 4.5 0
    endloop
  endfacet
  facet normal 0 0 -1
    outer loop
      vertex 25.2414 81.1539 0
      vertex 109.091 80.3081 0
      vertex 109.204 79.7971 0
    endloop
  endfacet
  facet normal 0 0 -1
    outer loop
      vertex 25.2414 81.1539 0
      vertex 109.204 79.7971 0
      vertex 109.362 79.2979 0
    endloop
  endfacet
  facet normal 0 0 -1
    outer loop
      vertex 25.2414 81.1539 0
      vertex 109.362 79.2979 0
      vertex 109.562 78.8143 0
    endloop
  endfacet
  facet normal 0 0 -1
    outer loop
      vertex 25.2414 81.1539 0
      vertex 109.562 78.8143 0
      vertex 109.804 78.35 0
    endloop
  endfacet
  facet normal 0 0 -1
    outer loop
      vertex 120.977 81.8729 0
      vertex 126.988 96.35 0
      vertex 121 81.35 0
    endloop
  endfacet
  facet normal 0 0 -1
    outer loop
      vertex 120.909 82.3919 0
      vertex 126.988 96.35 0
      vertex 120.977 81.8729 0
    endloop
  endfacet
  facet normal 0 0 -1
    outer loop
      vertex 120.796 82.9029 0
      vertex 126.988 96.35 0
      vertex 120.909 82.3919 0
    endloop
  endfacet
  facet normal 0 0 -1
    outer loop
      vertex 120.638 83.4021 0
      vertex 126.988 96.35 0
      vertex 120.796 82.9029 0
    endloop
  endfacet
  facet normal 0 0 -1
    outer loop
      vertex 120.438 83.8857 0
      vertex 126.988 96.35 0
      vertex 120.638 83.4021 0
    endloop
  endfacet
  facet normal 0 0 -1
    outer loop
      vertex 120.196 84.35 0
      vertex 126.988 96.35 0
      vertex 120.438 83.8857 0
    endloop
  endfacet
  facet normal 0 0 -1
    outer loop
      vertex 119.915 84.7915 0
      vertex 126.988 96.35 0
      vertex 120.196 84.35 0
    endloop
  endfacet
  facet normal 0 0 -1
    outer loop
      vertex 119.596 85.2067 0
      vertex 126.988 96.35 0
      vertex 119.915 84.7915 0
    endloop
  endfacet
  facet normal 0 0 -1
    outer loop
      vertex 119.243 85.5926 0
      vertex 126.988 96.35 0
      vertex 119.596 85.2067 0
    endloop
  endfacet
  facet normal 0 0 -1
    outer loop
      vertex 118.857 85.9463 0
      vertex 126.988 96.35 0
      vertex 119.243 85.5926 0
    endloop
  endfacet
  facet normal 0 0 -1
    outer loop
      vertex 118.441 86.2649 0
      vertex 126.988 96.35 0
      vertex 118.857 85.9463 0
    endloop
  endfacet
  facet normal 0 0 -1
    outer loop
      vertex 118 86.5462 0
      vertex 126.988 96.35 0
      vertex 118.441 86.2649 0
    endloop
  endfacet
  facet normal 0 0 -1
    outer loop
      vertex 117.536 86.7878 0
      vertex 126.988 96.35 0
      vertex 118 86.5462 0
    endloop
  endfacet
  facet normal 0 0 -1
    outer loop
      vertex 117.052 86.9882 0
      vertex 126.988 96.35 0
      vertex 117.536 86.7878 0
    endloop
  endfacet
  facet normal 0 0 -1
    outer loop
      vertex 116.553 87.1456 0
      vertex 126.988 96.35 0
      vertex 117.052 86.9882 0
    endloop
  endfacet
  facet normal 0 0 -1
    outer loop
      vertex 116.042 87.2589 0
      vertex 126.988 96.35 0
      vertex 116.553 87.1456 0
    endloop
  endfacet
  facet normal 0 0 -1
    outer loop
      vertex 115.523 87.3272 0
      vertex 126.988 96.35 0
      vertex 116.042 87.2589 0
    endloop
  endfacet
  facet normal 0 0 -1
    outer loop
      vertex 115 87.35 0
      vertex 126.988 96.35 0
      vertex 115.523 87.3272 0
    endloop
  endfacet
  facet normal 0 0 -1
    outer loop
      vertex 114.477 87.3272 0
      vertex 126.988 96.35 0
      vertex 115 87.35 0
    endloop
  endfacet
  facet normal 0 0 -1
    outer loop
      vertex 113.958 87.2589 0
      vertex 126.988 96.35 0
      vertex 114.477 87.3272 0
    endloop
  endfacet
  facet normal 0 0 -1
    outer loop
      vertex 113.447 87.1456 0
      vertex 126.988 96.35 0
      vertex 113.958 87.2589 0
    endloop
  endfacet
  facet normal 0 0 -1
    outer loop
      vertex 112.948 86.9882 0
      vertex 126.988 96.35 0
      vertex 113.447 87.1456 0
    endloop
  endfacet
  facet normal 0 0 -1
    outer loop
      vertex 112.464 86.7878 0
      vertex 126.988 96.35 0
      vertex 112.948 86.9882 0
    endloop
  endfacet
  facet normal 0 0 -1
    outer loop
      vertex 112 86.5462 0
      vertex 126.988 96.35 0
      vertex 112.464 86.7878 0
    endloop
  endfacet
  facet normal 0 0 -1
    outer loop
      vertex 24.125 83.2986 0
      vertex 112 86.5462 0
      vertex 111.559 86.2649 0
    endloop
  endfacet
  facet normal 0 0 -1
    outer loop
      vertex 25.2414 81.1539 0
      vertex 109.023 80.8271 0
      vertex 109.091 80.3081 0
    endloop
  endfacet
  facet normal 0 0 -1
    outer loop
      vertex 109.023 80.8271 0
      vertex 25.25 81.35 0
      vertex 109 81.35 0
    endloop
  endfacet
  facet normal 0 0 -1
    outer loop
      vertex 88 4.5 0
      vertex 97 4.5 0
      vertex 88 2 0
    endloop
  endfacet
  facet normal 0 0 -1
    outer loop
      vertex 109 81.35 0
      vertex 25.25 81.35 0
      vertex 109.023 81.8729 0
    endloop
  endfacet
  facet normal 0 0 -1
    outer loop
      vertex 25.2414 81.5461 0
      vertex 109.023 81.8729 0
      vertex 25.25 81.35 0
    endloop
  endfacet
  facet normal 0 0 -1
    outer loop
      vertex 25.2158 81.7407 0
      vertex 109.023 81.8729 0
      vertex 25.2414 81.5461 0
    endloop
  endfacet
  facet normal -0 0 -1
    outer loop
      vertex 109.023 81.8729 0
      vertex 25.2158 81.7407 0
      vertex 109.091 82.3919 0
    endloop
  endfacet
  facet normal 0 0 -1
    outer loop
      vertex 25.1733 81.9323 0
      vertex 109.091 82.3919 0
      vertex 25.2158 81.7407 0
    endloop
  endfacet
  facet normal -0 0 -1
    outer loop
      vertex 109.091 82.3919 0
      vertex 25.1733 81.9323 0
      vertex 109.204 82.9029 0
    endloop
  endfacet
  facet normal 0 0 -1
    outer loop
      vertex 25.1143 82.1195 0
      vertex 109.204 82.9029 0
      vertex 25.1733 81.9323 0
    endloop
  endfacet
  facet normal -0 0 -1
    outer loop
      vertex 109.204 82.9029 0
      vertex 25.1143 82.1195 0
      vertex 109.362 83.4021 0
    endloop
  endfacet
  facet normal 0 0 -1
    outer loop
      vertex 25.0392 82.3009 0
      vertex 109.362 83.4021 0
      vertex 25.1143 82.1195 0
    endloop
  endfacet
  facet normal -0 0 -1
    outer loop
      vertex 109.362 83.4021 0
      vertex 25.0392 82.3009 0
      vertex 109.562 83.8857 0
    endloop
  endfacet
  facet normal 0 0 -1
    outer loop
      vertex 24.9486 82.475 0
      vertex 109.562 83.8857 0
      vertex 25.0392 82.3009 0
    endloop
  endfacet
  facet normal -0 0 -1
    outer loop
      vertex 109.562 83.8857 0
      vertex 24.9486 82.475 0
      vertex 109.804 84.35 0
    endloop
  endfacet
  facet normal 0 0 -1
    outer loop
      vertex 24.8431 82.6405 0
      vertex 109.804 84.35 0
      vertex 24.9486 82.475 0
    endloop
  endfacet
  facet normal -0 0 -1
    outer loop
      vertex 109.804 84.35 0
      vertex 24.8431 82.6405 0
      vertex 110.085 84.7915 0
    endloop
  endfacet
  facet normal 0 0 -1
    outer loop
      vertex 24.7236 82.7963 0
      vertex 110.085 84.7915 0
      vertex 24.8431 82.6405 0
    endloop
  endfacet
  facet normal -0 0 -1
    outer loop
      vertex 110.085 84.7915 0
      vertex 24.7236 82.7963 0
      vertex 110.404 85.2067 0
    endloop
  endfacet
  facet normal 0 0 -1
    outer loop
      vertex 24.591 82.941 0
      vertex 110.404 85.2067 0
      vertex 24.7236 82.7963 0
    endloop
  endfacet
  facet normal -0 0 -1
    outer loop
      vertex 110.404 85.2067 0
      vertex 24.591 82.941 0
      vertex 110.757 85.5926 0
    endloop
  endfacet
  facet normal 0 0 -1
    outer loop
      vertex 24.4463 83.0736 0
      vertex 110.757 85.5926 0
      vertex 24.591 82.941 0
    endloop
  endfacet
  facet normal -0 0 -1
    outer loop
      vertex 110.757 85.5926 0
      vertex 24.4463 83.0736 0
      vertex 111.143 85.9463 0
    endloop
  endfacet
  facet normal 0 0 -1
    outer loop
      vertex 24.2905 83.1931 0
      vertex 111.143 85.9463 0
      vertex 24.4463 83.0736 0
    endloop
  endfacet
  facet normal -0 0 -1
    outer loop
      vertex 111.143 85.9463 0
      vertex 24.2905 83.1931 0
      vertex 111.559 86.2649 0
    endloop
  endfacet
  facet normal 0 0 -1
    outer loop
      vertex 24.125 83.2986 0
      vertex 111.559 86.2649 0
      vertex 24.2905 83.1931 0
    endloop
  endfacet
  facet normal 0 0 -1
    outer loop
      vertex 112 86.5462 0
      vertex 24.125 83.2986 0
      vertex 23.9509 83.3892 0
    endloop
  endfacet
  facet normal -0 0 -1
    outer loop
      vertex 112 86.5462 0
      vertex 23.9509 83.3892 0
      vertex 18 86.5462 0
    endloop
  endfacet
  facet normal 0 0 -1
    outer loop
      vertex 18.4415 86.2649 0
      vertex 23.9509 83.3892 0
      vertex 23.7695 83.4643 0
    endloop
  endfacet
  facet normal 0 0 -1
    outer loop
      vertex 18.4415 86.2649 0
      vertex 23.7695 83.4643 0
      vertex 23.5823 83.5233 0
    endloop
  endfacet
  facet normal 0 0 -1
    outer loop
      vertex 18.8567 85.9463 0
      vertex 23.5823 83.5233 0
      vertex 23.3907 83.5658 0
    endloop
  endfacet
  facet normal 0 0 -1
    outer loop
      vertex 19.2426 85.5926 0
      vertex 23.3907 83.5658 0
      vertex 23.1961 83.5914 0
    endloop
  endfacet
  facet normal 0 0 -1
    outer loop
      vertex 19.5963 85.2067 0
      vertex 23.1961 83.5914 0
      vertex 23 83.6 0
    endloop
  endfacet
  facet normal 0 0 -1
    outer loop
      vertex 19.5963 85.2067 0
      vertex 23 83.6 0
      vertex 22.8039 83.5914 0
    endloop
  endfacet
  facet normal 0 0 -1
    outer loop
      vertex 20.9088 82.3919 0
      vertex 20.9608 82.3009 0
      vertex 20.9305 82.2276 0
    endloop
  endfacet
  facet normal 0 0 -1
    outer loop
      vertex 20.9088 82.3919 0
      vertex 21.0514 82.475 0
      vertex 20.9608 82.3009 0
    endloop
  endfacet
  facet normal 0 0 -1
    outer loop
      vertex 20.7956 82.9029 0
      vertex 21.0514 82.475 0
      vertex 20.9088 82.3919 0
    endloop
  endfacet
  facet normal 0 0 -1
    outer loop
      vertex 21.0514 82.475 0
      vertex 20.7956 82.9029 0
      vertex 21.1569 82.6405 0
    endloop
  endfacet
  facet normal 0 0 -1
    outer loop
      vertex 21.1569 82.6405 0
      vertex 20.7956 82.9029 0
      vertex 21.2764 82.7963 0
    endloop
  endfacet
  facet normal 0 0 -1
    outer loop
      vertex 20.7956 82.9029 0
      vertex 21.409 82.941 0
      vertex 21.2764 82.7963 0
    endloop
  endfacet
  facet normal 0 0 -1
    outer loop
      vertex 20.6382 83.4021 0
      vertex 21.409 82.941 0
      vertex 20.7956 82.9029 0
    endloop
  endfacet
  facet normal 0 0 -1
    outer loop
      vertex 21.409 82.941 0
      vertex 20.6382 83.4021 0
      vertex 21.5537 83.0736 0
    endloop
  endfacet
  facet normal 0 0 -1
    outer loop
      vertex 21.5537 83.0736 0
      vertex 20.6382 83.4021 0
      vertex 21.7095 83.1931 0
    endloop
  endfacet
  facet normal 0 0 -1
    outer loop
      vertex 20.4378 83.8857 0
      vertex 21.7095 83.1931 0
      vertex 20.6382 83.4021 0
    endloop
  endfacet
  facet normal 0 0 -1
    outer loop
      vertex 21.7095 83.1931 0
      vertex 20.4378 83.8857 0
      vertex 21.875 83.2986 0
    endloop
  endfacet
  facet normal 0 0 -1
    outer loop
      vertex 21.875 83.2986 0
      vertex 20.4378 83.8857 0
      vertex 22.0491 83.3892 0
    endloop
  endfacet
  facet normal 0 0 -1
    outer loop
      vertex 22.0491 83.3892 0
      vertex 20.4378 83.8857 0
      vertex 22.2305 83.4643 0
    endloop
  endfacet
  facet normal 0 0 -1
    outer loop
      vertex 20.1962 84.35 0
      vertex 22.2305 83.4643 0
      vertex 20.4378 83.8857 0
    endloop
  endfacet
  facet normal 0 0 -1
    outer loop
      vertex 22.2305 83.4643 0
      vertex 20.1962 84.35 0
      vertex 22.4177 83.5233 0
    endloop
  endfacet
  facet normal 0 0 -1
    outer loop
      vertex 22.4177 83.5233 0
      vertex 20.1962 84.35 0
      vertex 22.6093 83.5658 0
    endloop
  endfacet
  facet normal 0 0 -1
    outer loop
      vertex 19.9149 84.7915 0
      vertex 22.6093 83.5658 0
      vertex 20.1962 84.35 0
    endloop
  endfacet
  facet normal 0 0 -1
    outer loop
      vertex 22.6093 83.5658 0
      vertex 19.9149 84.7915 0
      vertex 22.8039 83.5914 0
    endloop
  endfacet
  facet normal 0 0 -1
    outer loop
      vertex 19.5963 85.2067 0
      vertex 22.8039 83.5914 0
      vertex 19.9149 84.7915 0
    endloop
  endfacet
  facet normal 0 0 -1
    outer loop
      vertex 23.1961 83.5914 0
      vertex 19.5963 85.2067 0
      vertex 19.2426 85.5926 0
    endloop
  endfacet
  facet normal 0 0 -1
    outer loop
      vertex 23.3907 83.5658 0
      vertex 19.2426 85.5926 0
      vertex 18.8567 85.9463 0
    endloop
  endfacet
  facet normal 0 0 -1
    outer loop
      vertex 23.5823 83.5233 0
      vertex 18.8567 85.9463 0
      vertex 18.4415 86.2649 0
    endloop
  endfacet
  facet normal 0 0 -1
    outer loop
      vertex 23.9509 83.3892 0
      vertex 18.4415 86.2649 0
      vertex 18 86.5462 0
    endloop
  endfacet
  facet normal 0 0 -1
    outer loop
      vertex 112 86.5462 0
      vertex 18 86.5462 0
      vertex 126.988 96.35 0
    endloop
  endfacet
  facet normal 0 0 -1
    outer loop
      vertex 3.01227 96.35 0
      vertex 18 86.5462 0
      vertex 17.5357 86.7878 0
    endloop
  endfacet
  facet normal 0 0 -1
    outer loop
      vertex 3.01227 96.35 0
      vertex 17.5357 86.7878 0
      vertex 17.0521 86.9882 0
    endloop
  endfacet
  facet normal 0 0 -1
    outer loop
      vertex 3.01227 96.35 0
      vertex 17.0521 86.9882 0
      vertex 16.5529 87.1456 0
    endloop
  endfacet
  facet normal 0 0 -1
    outer loop
      vertex 3.01227 96.35 0
      vertex 16.5529 87.1456 0
      vertex 16.0419 87.2589 0
    endloop
  endfacet
  facet normal 0 0 -1
    outer loop
      vertex 3.01227 96.35 0
      vertex 16.0419 87.2589 0
      vertex 15.5229 87.3272 0
    endloop
  endfacet
  facet normal 0 0 -1
    outer loop
      vertex 3.01227 96.35 0
      vertex 15.5229 87.3272 0
      vertex 15 87.35 0
    endloop
  endfacet
  facet normal 0 0 -1
    outer loop
      vertex 3.01227 96.35 0
      vertex 15 87.35 0
      vertex 14.4771 87.3272 0
    endloop
  endfacet
  facet normal 0 0 -1
    outer loop
      vertex 9.02283 80.8271 0
      vertex 3.01227 96.35 0
      vertex 9 81.35 0
    endloop
  endfacet
  facet normal 0 0 -1
    outer loop
      vertex 18 86.5462 0
      vertex 3.01227 96.35 0
      vertex 126.988 96.35 0
    endloop
  endfacet
  facet normal 0 0 -1
    outer loop
      vertex 13.9581 87.2589 0
      vertex 3.01227 96.35 0
      vertex 14.4771 87.3272 0
    endloop
  endfacet
  facet normal 0 0 -1
    outer loop
      vertex 13.4471 87.1456 0
      vertex 3.01227 96.35 0
      vertex 13.9581 87.2589 0
    endloop
  endfacet
  facet normal 0 0 -1
    outer loop
      vertex 12.9479 86.9882 0
      vertex 3.01227 96.35 0
      vertex 13.4471 87.1456 0
    endloop
  endfacet
  facet normal 0 0 -1
    outer loop
      vertex 12.4643 86.7878 0
      vertex 3.01227 96.35 0
      vertex 12.9479 86.9882 0
    endloop
  endfacet
  facet normal 0 0 -1
    outer loop
      vertex 12 86.5462 0
      vertex 3.01227 96.35 0
      vertex 12.4643 86.7878 0
    endloop
  endfacet
  facet normal 0 0 -1
    outer loop
      vertex 11.5585 86.2649 0
      vertex 3.01227 96.35 0
      vertex 12 86.5462 0
    endloop
  endfacet
  facet normal 0 0 -1
    outer loop
      vertex 11.1433 85.9463 0
      vertex 3.01227 96.35 0
      vertex 11.5585 86.2649 0
    endloop
  endfacet
  facet normal 0 0 -1
    outer loop
      vertex 10.7574 85.5926 0
      vertex 3.01227 96.35 0
      vertex 11.1433 85.9463 0
    endloop
  endfacet
  facet normal 0 0 -1
    outer loop
      vertex 10.4037 85.2067 0
      vertex 3.01227 96.35 0
      vertex 10.7574 85.5926 0
    endloop
  endfacet
  facet normal 0 0 -1
    outer loop
      vertex 10.0851 84.7915 0
      vertex 3.01227 96.35 0
      vertex 10.4037 85.2067 0
    endloop
  endfacet
  facet normal 0 0 -1
    outer loop
      vertex 9.80385 84.35 0
      vertex 3.01227 96.35 0
      vertex 10.0851 84.7915 0
    endloop
  endfacet
  facet normal 0 0 -1
    outer loop
      vertex 9.56215 83.8857 0
      vertex 3.01227 96.35 0
      vertex 9.80385 84.35 0
    endloop
  endfacet
  facet normal 0 0 -1
    outer loop
      vertex 9.36184 83.4021 0
      vertex 3.01227 96.35 0
      vertex 9.56215 83.8857 0
    endloop
  endfacet
  facet normal 0 0 -1
    outer loop
      vertex 9.20444 82.9029 0
      vertex 3.01227 96.35 0
      vertex 9.36184 83.4021 0
    endloop
  endfacet
  facet normal 0 0 -1
    outer loop
      vertex 9.09115 82.3919 0
      vertex 3.01227 96.35 0
      vertex 9.20444 82.9029 0
    endloop
  endfacet
  facet normal 0 0 -1
    outer loop
      vertex 9.02283 81.8729 0
      vertex 3.01227 96.35 0
      vertex 9.09115 82.3919 0
    endloop
  endfacet
  facet normal 0 0 -1
    outer loop
      vertex 9 81.35 0
      vertex 3.01227 96.35 0
      vertex 9.02283 81.8729 0
    endloop
  endfacet
  facet normal 1 0 0
    outer loop
      vertex 130 96.35 16
      vertex 130 4.5 7
      vertex 130 96.35 3.01227
    endloop
  endfacet
  facet normal 1 0 0
    outer loop
      vertex 130 96.35 16
      vertex 130 -4.5 7
      vertex 130 4.5 7
    endloop
  endfacet
  facet normal 1 -0 0
    outer loop
      vertex 130 -96.35 16
      vertex 130 -4.5 7
      vertex 130 96.35 16
    endloop
  endfacet
  facet normal 1 0 0
    outer loop
      vertex 130 -96.35 3.01227
      vertex 130 -4.5 7
      vertex 130 -96.35 16
    endloop
  endfacet
  facet normal 1 0 0
    outer loop
      vertex 130 -4.5 7
      vertex 130 -96.35 3.01227
      vertex 130 -4.5 3.01227
    endloop
  endfacet
  facet normal 1 0 0
    outer loop
      vertex 130 96.35 3.01227
      vertex 130 4.5 7
      vertex 130 4.5 3.01227
    endloop
  endfacet
  facet normal -0.866027 0 0.499998
    outer loop
      vertex 29.9808 -23 16
      vertex 36.3856 -15.5 27.0935
      vertex 29.9808 -4.59519 16
    endloop
  endfacet
  facet normal -0.866027 0 0.499998
    outer loop
      vertex 36.3856 -15.5 27.0935
      vertex 29.9808 -23 16
      vertex 36.3856 -23 27.0935
    endloop
  endfacet
  facet normal -0.866025 4.66503e-06 0.500001
    outer loop
      vertex 29.9808 -4.59519 16
      vertex 36.3856 -15.5 27.0935
      vertex 40.8856 -15.5 34.8877
    endloop
  endfacet
  facet normal 0.866025 0 -0.500001
    outer loop
      vertex 62.2227 -23 -20.1553
      vertex 73.8594 -8.63664 0
      vertex 73.8594 -23 0
    endloop
  endfacet
  facet normal 0.866025 0 -0.500001
    outer loop
      vertex 73.8594 -8.63664 0
      vertex 62.2227 -23 -20.1553
      vertex 62.2227 3 -20.1553
    endloop
  endfacet
  facet normal 0.866029 0 -0.499995
    outer loop
      vertex 88.2227 -23 24.8781
      vertex 83.097 -23 16
      vertex 83.097 -17.8742 16
    endloop
  endfacet
  facet normal 0.223607 0.894428 0.387297
    outer loop
      vertex 62.2227 3 -20.1553
      vertex 29.0449 3 -1
      vertex 58.3268 -4.32048 -1
    endloop
  endfacet
  facet normal 0.223608 0.894432 0.387287
    outer loop
      vertex 58.2312 -4.5 -0.530257
      vertex 57.3128 -4.5 0
      vertex 58.1234 -4.70265 0
    endloop
  endfacet
  facet normal 0.223606 0.894428 0.387297
    outer loop
      vertex 48.6894 -22.4291 46.3843
      vertex 54.8692 -10.8173 16
      vertex 41.7603 -15.5 34.3827
    endloop
  endfacet
  facet normal 0.223607 0.894427 0.387298
    outer loop
      vertex 29.9808 -4.59519 16
      vertex 41.7603 -15.5 34.3827
      vertex 54.8692 -10.8173 16
    endloop
  endfacet
  facet normal 0.223604 0.894427 0.3873
    outer loop
      vertex 41.7603 -15.5 34.3827
      vertex 29.9808 -4.59519 16
      vertex 40.8856 -15.5 34.8877
    endloop
  endfacet
  facet normal 0.223605 0.894424 0.387307
    outer loop
      vertex 59.0449 -4.5 -1
      vertex 58.1234 -4.70265 0
      vertex 73.8594 -8.63664 0
    endloop
  endfacet
  facet normal 0.223576 0.894441 0.387284
    outer loop
      vertex 58.1234 -4.70265 0
      vertex 59.0449 -4.5 -1
      vertex 58.2312 -4.5 -0.530257
    endloop
  endfacet
  facet normal 0.223601 0.894429 0.387296
    outer loop
      vertex 59.0449 -4.5 -1
      vertex 62.2227 3 -20.1553
      vertex 58.3268 -4.32048 -1
    endloop
  endfacet
  facet normal 0.223607 0.894428 0.387297
    outer loop
      vertex 62.2227 3 -20.1553
      vertex 59.0449 -4.5 -1
      vertex 73.8594 -8.63664 0
    endloop
  endfacet
  facet normal 0.223611 0.894423 0.387305
    outer loop
      vertex 88.2227 -23 24.8781
      vertex 48.6894 -22.4291 46.3843
      vertex 49.2603 -23 47.3731
    endloop
  endfacet
  facet normal 0.223605 0.894426 0.387303
    outer loop
      vertex 54.8692 -10.8173 16
      vertex 88.2227 -23 24.8781
      vertex 83.097 -17.8742 16
    endloop
  endfacet
  facet normal 0.223607 0.894428 0.387297
    outer loop
      vertex 88.2227 -23 24.8781
      vertex 54.8692 -10.8173 16
      vertex 48.6894 -22.4291 46.3843
    endloop
  endfacet
  facet normal -0.500002 0 -0.866024
    outer loop
      vertex 62.2227 -23 -20.1553
      vertex 29.0449 -4.5 -1
      vertex 62.2227 3 -20.1553
    endloop
  endfacet
  facet normal -0.500001 1.46851e-06 -0.866025
    outer loop
      vertex 27.3128 -23 0
      vertex 29.0449 -4.5 -1
      vertex 62.2227 -23 -20.1553
    endloop
  endfacet
  facet normal -0.499989 0 -0.866032
    outer loop
      vertex 29.0449 -4.5 -1
      vertex 27.3128 -23 0
      vertex 27.3128 -4.5 0
    endloop
  endfacet
  facet normal -0.500002 0 -0.866024
    outer loop
      vertex 62.2227 3 -20.1553
      vertex 29.0449 -4.5 -1
      vertex 29.0449 3 -1
    endloop
  endfacet
  facet normal -0 -1 0
    outer loop
      vertex 73.8594 -23 0
      vertex 27.3128 -23 0
      vertex 62.2227 -23 -20.1553
    endloop
  endfacet
  facet normal 0 -1 0
    outer loop
      vertex 29.9808 -23 16
      vertex 37.2603 -23 26.5885
      vertex 36.3856 -23 27.0935
    endloop
  endfacet
  facet normal 0 -1 0
    outer loop
      vertex 83.097 -23 16
      vertex 37.2603 -23 26.5885
      vertex 29.9808 -23 16
    endloop
  endfacet
  facet normal 0 -1 0
    outer loop
      vertex 37.2603 -23 26.5885
      vertex 83.097 -23 16
      vertex 88.2227 -23 24.8781
    endloop
  endfacet
  facet normal 0 -1 -0
    outer loop
      vertex 49.2603 -23 47.3731
      vertex 37.2603 -23 26.5885
      vertex 88.2227 -23 24.8781
    endloop
  endfacet
  facet normal -0.500085 0 -0.865976
    outer loop
      vertex 74.75 -72.5 111.523
      vertex 81.5 -59.5 107.625
      vertex 81.5 -72.5 107.625
    endloop
  endfacet
  facet normal -0.500085 0 -0.865976
    outer loop
      vertex 81.5 -59.5 107.625
      vertex 74.75 -72.5 111.523
      vertex 74.75 -59.5 111.523
    endloop
  endfacet
  facet normal 0.500008 0 0.866021
    outer loop
      vertex 28.6 -59.5 31.5885
      vertex 35.35 -72.5 27.6913
      vertex 35.35 -59.5 27.6913
    endloop
  endfacet
  facet normal 0.500008 0 0.866021
    outer loop
      vertex 35.35 -72.5 27.6913
      vertex 28.6 -59.5 31.5885
      vertex 28.6 -72.5 31.5885
    endloop
  endfacet
  facet normal 0 -1 0
    outer loop
      vertex 28.6 -59.5 31.5885
      vertex 81.5 -59.5 107.625
      vertex 74.75 -59.5 111.523
    endloop
  endfacet
  facet normal 0 -1 0
    outer loop
      vertex 81.5 -59.5 107.625
      vertex 28.6 -59.5 31.5885
      vertex 35.35 -59.5 27.6913
    endloop
  endfacet
  facet normal 0 1 0
    outer loop
      vertex 81.5 -72.5 107.625
      vertex 28.6 -72.5 31.5885
      vertex 74.75 -72.5 111.523
    endloop
  endfacet
  facet normal -0 1 0
    outer loop
      vertex 28.6 -72.5 31.5885
      vertex 81.5 -72.5 107.625
      vertex 35.35 -72.5 27.6913
    endloop
  endfacet
  facet normal -0.500085 0 -0.865976
    outer loop
      vertex 74.75 -50.5 111.523
      vertex 81.5 -37.5 107.625
      vertex 81.5 -50.5 107.625
    endloop
  endfacet
  facet normal -0.500085 0 -0.865976
    outer loop
      vertex 81.5 -37.5 107.625
      vertex 74.75 -50.5 111.523
      vertex 74.75 -37.5 111.523
    endloop
  endfacet
  facet normal 0.500008 0 0.866021
    outer loop
      vertex 28.6 -37.5 31.5885
      vertex 35.35 -50.5 27.6913
      vertex 35.35 -37.5 27.6913
    endloop
  endfacet
  facet normal 0.500008 0 0.866021
    outer loop
      vertex 35.35 -50.5 27.6913
      vertex 28.6 -37.5 31.5885
      vertex 28.6 -50.5 31.5885
    endloop
  endfacet
  facet normal 0 -1 0
    outer loop
      vertex 28.6 -37.5 31.5885
      vertex 81.5 -37.5 107.625
      vertex 74.75 -37.5 111.523
    endloop
  endfacet
  facet normal 0 -1 0
    outer loop
      vertex 81.5 -37.5 107.625
      vertex 28.6 -37.5 31.5885
      vertex 35.35 -37.5 27.6913
    endloop
  endfacet
  facet normal 0 1 0
    outer loop
      vertex 81.5 -50.5 107.625
      vertex 28.6 -50.5 31.5885
      vertex 74.75 -50.5 111.523
    endloop
  endfacet
  facet normal -0 1 0
    outer loop
      vertex 28.6 -50.5 31.5885
      vertex 81.5 -50.5 107.625
      vertex 35.35 -50.5 27.6913
    endloop
  endfacet
  facet normal -0.866025 0 0.500001
    outer loop
      vertex 37.2603 -23 26.5885
      vertex 41.7603 -15.5 34.3827
      vertex 37.2603 -15.5 26.5885
    endloop
  endfacet
  facet normal -0.866026 2.45811e-06 0.5
    outer loop
      vertex 41.7603 -15.5 34.3827
      vertex 37.2603 -23 26.5885
      vertex 48.6894 -22.4291 46.3843
    endloop
  endfacet
  facet normal -0.866025 -2.3949e-05 0.5
    outer loop
      vertex 48.6894 -22.4291 46.3843
      vertex 37.2603 -23 26.5885
      vertex 49.2603 -23 47.3731
    endloop
  endfacet
  facet normal -0.500085 0 -0.865976
    outer loop
      vertex 74.75 -28.5 111.523
      vertex 81.5 -15.5 107.625
      vertex 81.5 -28.5 107.625
    endloop
  endfacet
  facet normal -0.500085 0 -0.865976
    outer loop
      vertex 81.5 -15.5 107.625
      vertex 74.75 -28.5 111.523
      vertex 74.75 -15.5 111.523
    endloop
  endfacet
  facet normal 0.499994 0 0.866029
    outer loop
      vertex 36.3856 -15.5 27.0935
      vertex 37.2603 -23 26.5885
      vertex 37.2603 -15.5 26.5885
    endloop
  endfacet
  facet normal 0.499994 0 0.866029
    outer loop
      vertex 37.2603 -23 26.5885
      vertex 36.3856 -15.5 27.0935
      vertex 36.3856 -23 27.0935
    endloop
  endfacet
  facet normal 0.500008 0 0.866021
    outer loop
      vertex 28.6 -15.5 31.5885
      vertex 35.35 -28.5 27.6913
      vertex 35.35 -15.5 27.6913
    endloop
  endfacet
  facet normal 0.500008 0 0.866021
    outer loop
      vertex 35.35 -28.5 27.6913
      vertex 28.6 -15.5 31.5885
      vertex 28.6 -28.5 31.5885
    endloop
  endfacet
  facet normal 0 -1 0
    outer loop
      vertex 36.3856 -15.5 27.0935
      vertex 41.7603 -15.5 34.3827
      vertex 40.8856 -15.5 34.8877
    endloop
  endfacet
  facet normal 0 -1 0
    outer loop
      vertex 41.7603 -15.5 34.3827
      vertex 36.3856 -15.5 27.0935
      vertex 37.2603 -15.5 26.5885
    endloop
  endfacet
  facet normal 0 -1 0
    outer loop
      vertex 28.6 -15.5 31.5885
      vertex 81.5 -15.5 107.625
      vertex 74.75 -15.5 111.523
    endloop
  endfacet
  facet normal 0 -1 0
    outer loop
      vertex 81.5 -15.5 107.625
      vertex 28.6 -15.5 31.5885
      vertex 35.35 -15.5 27.6913
    endloop
  endfacet
  facet normal 0 1 0
    outer loop
      vertex 81.5 -28.5 107.625
      vertex 28.6 -28.5 31.5885
      vertex 74.75 -28.5 111.523
    endloop
  endfacet
  facet normal -0 1 0
    outer loop
      vertex 28.6 -28.5 31.5885
      vertex 81.5 -28.5 107.625
      vertex 35.35 -28.5 27.6913
    endloop
  endfacet
  facet normal -0.500085 0 -0.865976
    outer loop
      vertex 74.75 -6.5 111.523
      vertex 81.5 6.5 107.625
      vertex 81.5 -6.5 107.625
    endloop
  endfacet
  facet normal -0.500085 0 -0.865976
    outer loop
      vertex 81.5 6.5 107.625
      vertex 74.75 -6.5 111.523
      vertex 74.75 6.5 111.523
    endloop
  endfacet
  facet normal 0.500008 0 0.866021
    outer loop
      vertex 28.6 6.5 31.5885
      vertex 35.35 -6.5 27.6913
      vertex 35.35 6.5 27.6913
    endloop
  endfacet
  facet normal 0.500008 0 0.866021
    outer loop
      vertex 35.35 -6.5 27.6913
      vertex 28.6 6.5 31.5885
      vertex 28.6 -6.5 31.5885
    endloop
  endfacet
  facet normal 0 -1 0
    outer loop
      vertex 28.6 6.5 31.5885
      vertex 81.5 6.5 107.625
      vertex 74.75 6.5 111.523
    endloop
  endfacet
  facet normal 0 -1 0
    outer loop
      vertex 81.5 6.5 107.625
      vertex 28.6 6.5 31.5885
      vertex 35.35 6.5 27.6913
    endloop
  endfacet
  facet normal 0 1 0
    outer loop
      vertex 81.5 -6.5 107.625
      vertex 28.6 -6.5 31.5885
      vertex 74.75 -6.5 111.523
    endloop
  endfacet
  facet normal -0 1 0
    outer loop
      vertex 28.6 -6.5 31.5885
      vertex 81.5 -6.5 107.625
      vertex 35.35 -6.5 27.6913
    endloop
  endfacet
  facet normal -0.500085 0 -0.865976
    outer loop
      vertex 74.75 15.5 111.523
      vertex 81.5 28.5 107.625
      vertex 81.5 15.5 107.625
    endloop
  endfacet
  facet normal -0.500085 0 -0.865976
    outer loop
      vertex 81.5 28.5 107.625
      vertex 74.75 15.5 111.523
      vertex 74.75 28.5 111.523
    endloop
  endfacet
  facet normal 0.500008 0 0.866021
    outer loop
      vertex 28.6 28.5 31.5885
      vertex 35.35 15.5 27.6913
      vertex 35.35 28.5 27.6913
    endloop
  endfacet
  facet normal 0.500008 0 0.866021
    outer loop
      vertex 35.35 15.5 27.6913
      vertex 28.6 28.5 31.5885
      vertex 28.6 15.5 31.5885
    endloop
  endfacet
  facet normal 0 -1 0
    outer loop
      vertex 28.6 28.5 31.5885
      vertex 81.5 28.5 107.625
      vertex 74.75 28.5 111.523
    endloop
  endfacet
  facet normal 0 -1 0
    outer loop
      vertex 81.5 28.5 107.625
      vertex 28.6 28.5 31.5885
      vertex 35.35 28.5 27.6913
    endloop
  endfacet
  facet normal 0 1 0
    outer loop
      vertex 81.5 15.5 107.625
      vertex 28.6 15.5 31.5885
      vertex 74.75 15.5 111.523
    endloop
  endfacet
  facet normal -0 1 0
    outer loop
      vertex 28.6 15.5 31.5885
      vertex 81.5 15.5 107.625
      vertex 35.35 15.5 27.6913
    endloop
  endfacet
  facet normal -0.500085 0 -0.865976
    outer loop
      vertex 74.75 37.5 111.523
      vertex 81.5 50.5 107.625
      vertex 81.5 37.5 107.625
    endloop
  endfacet
  facet normal -0.500085 0 -0.865976
    outer loop
      vertex 81.5 50.5 107.625
      vertex 74.75 37.5 111.523
      vertex 74.75 50.5 111.523
    endloop
  endfacet
  facet normal 0.500008 0 0.866021
    outer loop
      vertex 28.6 50.5 31.5885
      vertex 35.35 37.5 27.6913
      vertex 35.35 50.5 27.6913
    endloop
  endfacet
  facet normal 0.500008 0 0.866021
    outer loop
      vertex 35.35 37.5 27.6913
      vertex 28.6 50.5 31.5885
      vertex 28.6 37.5 31.5885
    endloop
  endfacet
  facet normal 0 -1 0
    outer loop
      vertex 28.6 50.5 31.5885
      vertex 81.5 50.5 107.625
      vertex 74.75 50.5 111.523
    endloop
  endfacet
  facet normal 0 -1 0
    outer loop
      vertex 81.5 50.5 107.625
      vertex 28.6 50.5 31.5885
      vertex 35.35 50.5 27.6913
    endloop
  endfacet
  facet normal 0 1 0
    outer loop
      vertex 81.5 37.5 107.625
      vertex 28.6 37.5 31.5885
      vertex 74.75 37.5 111.523
    endloop
  endfacet
  facet normal -0 1 0
    outer loop
      vertex 28.6 37.5 31.5885
      vertex 81.5 37.5 107.625
      vertex 35.35 37.5 27.6913
    endloop
  endfacet
  facet normal -0.500085 0 -0.865976
    outer loop
      vertex 74.75 59.5 111.523
      vertex 81.5 72.5 107.625
      vertex 81.5 59.5 107.625
    endloop
  endfacet
  facet normal -0.500085 0 -0.865976
    outer loop
      vertex 81.5 72.5 107.625
      vertex 74.75 59.5 111.523
      vertex 74.75 72.5 111.523
    endloop
  endfacet
  facet normal 0.500008 0 0.866021
    outer loop
      vertex 28.6 72.5 31.5885
      vertex 35.35 59.5 27.6913
      vertex 35.35 72.5 27.6913
    endloop
  endfacet
  facet normal 0.500008 0 0.866021
    outer loop
      vertex 35.35 59.5 27.6913
      vertex 28.6 72.5 31.5885
      vertex 28.6 59.5 31.5885
    endloop
  endfacet
  facet normal 0 -1 0
    outer loop
      vertex 28.6 72.5 31.5885
      vertex 81.5 72.5 107.625
      vertex 74.75 72.5 111.523
    endloop
  endfacet
  facet normal 0 -1 0
    outer loop
      vertex 81.5 72.5 107.625
      vertex 28.6 72.5 31.5885
      vertex 35.35 72.5 27.6913
    endloop
  endfacet
  facet normal 0 1 0
    outer loop
      vertex 81.5 59.5 107.625
      vertex 28.6 59.5 31.5885
      vertex 74.75 59.5 111.523
    endloop
  endfacet
  facet normal -0 1 0
    outer loop
      vertex 28.6 59.5 31.5885
      vertex 81.5 59.5 107.625
      vertex 35.35 59.5 27.6913
    endloop
  endfacet
  facet normal -1 0 0
    outer loop
      vertex 24.6 4.5 7
      vertex 24.6 -4.5 7
      vertex 24.6 4.5 9
    endloop
  endfacet
  facet normal -1 0 0
    outer loop
      vertex 24.6 4.5 9
      vertex 24.6 10 24.6603
      vertex 24.6 10 9
    endloop
  endfacet
  facet normal -1 0 0
    outer loop
      vertex 24.6 -4.5 9
      vertex 24.6 4.5 9
      vertex 24.6 -4.5 7
    endloop
  endfacet
  facet normal -1 0 0
    outer loop
      vertex 24.6 4.5 9
      vertex 24.6 -4.5 9
      vertex 24.6 10 24.6603
    endloop
  endfacet
  facet normal -1 0 0
    outer loop
      vertex 24.6 -10 24.6603
      vertex 24.6 -4.5 9
      vertex 24.6 -10 9
    endloop
  endfacet
  facet normal -1 0 0
    outer loop
      vertex 24.6 -4.5 9
      vertex 24.6 -10 24.6603
      vertex 24.6 10 24.6603
    endloop
  endfacet
  facet normal -0 0 1
    outer loop
      vertex 0 10 9
      vertex 24.6 4.5 9
      vertex 24.6 10 9
    endloop
  endfacet
  facet normal 0 0 1
    outer loop
      vertex 24.6 4.5 9
      vertex 0 10 9
      vertex 0 4.5 9
    endloop
  endfacet
  facet normal -0 0 1
    outer loop
      vertex 0 -4.5 9
      vertex 24.6 -10 9
      vertex 24.6 -4.5 9
    endloop
  endfacet
  facet normal 0 0 1
    outer loop
      vertex 24.6 -10 9
      vertex 0 -4.5 9
      vertex 0 -10 9
    endloop
  endfacet
  facet normal 0 -1 0
    outer loop
      vertex 0 10 25
      vertex 7 10 16
      vertex 7 10 25
    endloop
  endfacet
  facet normal 0 -1 0
    outer loop
      vertex 24.6 10 9
      vertex 7 10 16
      vertex 0 10 9
    endloop
  endfacet
  facet normal 0 -1 0
    outer loop
      vertex 0 10 9
      vertex 7 10 16
      vertex 0 10 25
    endloop
  endfacet
  facet normal 0 -1 0
    outer loop
      vertex 19.6 10 16
      vertex 24.6 10 9
      vertex 24.6 10 24.6603
    endloop
  endfacet
  facet normal 0 -1 0
    outer loop
      vertex 7 10 16
      vertex 24.6 10 9
      vertex 19.6 10 16
    endloop
  endfacet
  facet normal 0 1 0
    outer loop
      vertex 19.6 -10 16
      vertex 24.6 -10 9
      vertex 7 -10 16
    endloop
  endfacet
  facet normal 0 1 -0
    outer loop
      vertex 24.6 -10 9
      vertex 19.6 -10 16
      vertex 24.6 -10 24.6603
    endloop
  endfacet
  facet normal 0 1 -0
    outer loop
      vertex 7 -10 16
      vertex 0 -10 25
      vertex 7 -10 25
    endloop
  endfacet
  facet normal 0 1 0
    outer loop
      vertex 7 -10 16
      vertex 0 -10 9
      vertex 0 -10 25
    endloop
  endfacet
  facet normal 0 1 0
    outer loop
      vertex 0 -10 9
      vertex 7 -10 16
      vertex 24.6 -10 9
    endloop
  endfacet
  facet normal 0 0 1
    outer loop
      vertex 29.0449 -4.5 -1
      vertex 58.3268 -4.32048 -1
      vertex 29.0449 3 -1
    endloop
  endfacet
  facet normal 0 0 1
    outer loop
      vertex 58.3268 -4.32048 -1
      vertex 29.0449 -4.5 -1
      vertex 59.0449 -4.5 -1
    endloop
  endfacet
  facet normal 0 -1 0
    outer loop
      vertex 0 4.5 9
      vertex 24.6 4.5 7
      vertex 24.6 4.5 9
    endloop
  endfacet
  facet normal 0 -1 0
    outer loop
      vertex 3.01227 4.5 0
      vertex 0 4.5 9
      vertex 0 4.5 3.01227
    endloop
  endfacet
  facet normal 0 -1 0
    outer loop
      vertex 0 4.5 9
      vertex 3.01227 4.5 0
      vertex 24.6 4.5 7
    endloop
  endfacet
  facet normal 0 -1 0
    outer loop
      vertex 88 4.5 0
      vertex 24.6 4.5 7
      vertex 3.01227 4.5 0
    endloop
  endfacet
  facet normal 0 -1 0
    outer loop
      vertex 24.6 4.5 7
      vertex 88 4.5 0
      vertex 88 4.5 7
    endloop
  endfacet
  facet normal 0 1 0
    outer loop
      vertex 29.0449 -4.5 -1
      vertex 57.3128 -4.5 0
      vertex 58.2312 -4.5 -0.530257
    endloop
  endfacet
  facet normal 0 1 0
    outer loop
      vertex 29.0449 -4.5 -1
      vertex 58.2312 -4.5 -0.530257
      vertex 59.0449 -4.5 -1
    endloop
  endfacet
  facet normal 0 1 0
    outer loop
      vertex 57.3128 -4.5 0
      vertex 29.0449 -4.5 -1
      vertex 27.3128 -4.5 0
    endloop
  endfacet
  facet normal 0 1 -0
    outer loop
      vertex 57.3128 -4.5 0
      vertex 24.6 -4.5 7
      vertex 88 -4.5 7
    endloop
  endfacet
  facet normal 0 1 0
    outer loop
      vertex 57.3128 -4.5 0
      vertex 88 -4.5 7
      vertex 88 -4.5 0
    endloop
  endfacet
  facet normal 0 1 0
    outer loop
      vertex 24.6 -4.5 7
      vertex 57.3128 -4.5 0
      vertex 27.3128 -4.5 0
    endloop
  endfacet
  facet normal 0 1 0
    outer loop
      vertex 3.01227 -4.5 0
      vertex 24.6 -4.5 7
      vertex 27.3128 -4.5 0
    endloop
  endfacet
  facet normal 0 1 0
    outer loop
      vertex 24.6 -4.5 7
      vertex 3.01227 -4.5 0
      vertex 0 -4.5 3.01227
    endloop
  endfacet
  facet normal 0 1 -0
    outer loop
      vertex 24.6 -4.5 7
      vertex 0 -4.5 9
      vertex 24.6 -4.5 9
    endloop
  endfacet
  facet normal 0 1 0
    outer loop
      vertex 0 -4.5 9
      vertex 24.6 -4.5 7
      vertex 0 -4.5 3.01227
    endloop
  endfacet
  facet normal -1 0 0
    outer loop
      vertex 88 2 0
      vertex 88 4.5 7
      vertex 88 4.5 0
    endloop
  endfacet
  facet normal -1 -0 0
    outer loop
      vertex 88 4.5 7
      vertex 88 2 0
      vertex 88 2 7
    endloop
  endfacet
  facet normal -1 0 0
    outer loop
      vertex 88 -4.5 0
      vertex 88 -2 7
      vertex 88 -2 0
    endloop
  endfacet
  facet normal -1 -0 0
    outer loop
      vertex 88 -2 7
      vertex 88 -4.5 0
      vertex 88 -4.5 7
    endloop
  endfacet
  facet normal 0 0 -1
    outer loop
      vertex 24.6 -4.5 7
      vertex 88 -2 7
      vertex 88 -4.5 7
    endloop
  endfacet
  facet normal -0 0 -1
    outer loop
      vertex 88 -2 7
      vertex 24.6 -4.5 7
      vertex 88 2 7
    endloop
  endfacet
  facet normal 0 0 -1
    outer loop
      vertex 24.6 4.5 7
      vertex 88 2 7
      vertex 24.6 -4.5 7
    endloop
  endfacet
  facet normal 0 0 -1
    outer loop
      vertex 88 2 7
      vertex 24.6 4.5 7
      vertex 88 4.5 7
    endloop
  endfacet
  facet normal 0 0 -1
    outer loop
      vertex 88 -2 7
      vertex 97 2 7
      vertex 97 -2 7
    endloop
  endfacet
  facet normal -0 0 -1
    outer loop
      vertex 97 2 7
      vertex 88 -2 7
      vertex 88 2 7
    endloop
  endfacet
  facet normal 0 0 -1
    outer loop
      vertex 97 -2 7
      vertex 130 -4.5 7
      vertex 97 -4.5 7
    endloop
  endfacet
  facet normal 0 0 -1
    outer loop
      vertex 130 -4.5 7
      vertex 97 -2 7
      vertex 130 4.5 7
    endloop
  endfacet
  facet normal 0 0 -1
    outer loop
      vertex 97 2 7
      vertex 130 4.5 7
      vertex 97 -2 7
    endloop
  endfacet
  facet normal -0 0 -1
    outer loop
      vertex 130 4.5 7
      vertex 97 2 7
      vertex 97 4.5 7
    endloop
  endfacet
  facet normal 1 -0 0
    outer loop
      vertex 97 2 7
      vertex 97 4.5 0
      vertex 97 4.5 7
    endloop
  endfacet
  facet normal 1 0 0
    outer loop
      vertex 97 4.5 0
      vertex 97 2 7
      vertex 97 2 0
    endloop
  endfacet
  facet normal 1 -0 0
    outer loop
      vertex 97 -4.5 7
      vertex 97 -2 0
      vertex 97 -2 7
    endloop
  endfacet
  facet normal 1 0 0
    outer loop
      vertex 97 -2 0
      vertex 97 -4.5 7
      vertex 97 -4.5 0
    endloop
  endfacet
  facet normal 0 -1 0
    outer loop
      vertex 88 2 0
      vertex 97 2 7
      vertex 88 2 7
    endloop
  endfacet
  facet normal 0 -1 -0
    outer loop
      vertex 97 2 7
      vertex 88 2 0
      vertex 97 2 0
    endloop
  endfacet
  facet normal 0 1 -0
    outer loop
      vertex 97 -2 0
      vertex 88 -2 7
      vertex 97 -2 7
    endloop
  endfacet
  facet normal 0 1 0
    outer loop
      vertex 88 -2 7
      vertex 97 -2 0
      vertex 88 -2 0
    endloop
  endfacet
  facet normal 0 -1 0
    outer loop
      vertex 126.988 4.5 0
      vertex 130 4.5 7
      vertex 97 4.5 7
    endloop
  endfacet
  facet normal 0 -1 0
    outer loop
      vertex 126.988 4.5 0
      vertex 97 4.5 7
      vertex 97 4.5 0
    endloop
  endfacet
  facet normal 0 -1 -0
    outer loop
      vertex 130 4.5 7
      vertex 126.988 4.5 0
      vertex 130 4.5 3.01227
    endloop
  endfacet
  facet normal 0 1 0
    outer loop
      vertex 126.988 -4.5 0
      vertex 130 -4.5 7
      vertex 130 -4.5 3.01227
    endloop
  endfacet
  facet normal 0 1 0
    outer loop
      vertex 130 -4.5 7
      vertex 126.988 -4.5 0
      vertex 97 -4.5 7
    endloop
  endfacet
  facet normal 0 1 0
    outer loop
      vertex 97 -4.5 7
      vertex 126.988 -4.5 0
      vertex 97 -4.5 0
    endloop
  endfacet
  facet normal 0.537345 -0.843362 0
    outer loop
      vertex 11.5585 -76.4351 0
      vertex 12 -76.1538 2.19
      vertex 11.5585 -76.4351 2.19
    endloop
  endfacet
  facet normal 0.537345 -0.843362 0
    outer loop
      vertex 12 -76.1538 2.19
      vertex 11.5585 -76.4351 0
      vertex 12 -76.1538 0
    endloop
  endfacet
  facet normal -0.991391 -0.130938 0
    outer loop
      vertex 20.9305 -80.4724 0
      vertex 20.9088 -80.3081 2.19
      vertex 20.9088 -80.3081 0
    endloop
  endfacet
  facet normal -0.991391 -0.130938 0
    outer loop
      vertex 20.9088 -80.3081 2.19
      vertex 20.9305 -80.4724 0
      vertex 20.9305 -80.4724 2.19
    endloop
  endfacet
  facet normal -0.976331 -0.216283 0
    outer loop
      vertex 20.9088 -80.3081 0
      vertex 20.7956 -79.7971 2.19
      vertex 20.7956 -79.7971 0
    endloop
  endfacet
  facet normal -0.976331 -0.216283 0
    outer loop
      vertex 20.7956 -79.7971 2.19
      vertex 20.9088 -80.3081 0
      vertex 20.9088 -80.3081 2.19
    endloop
  endfacet
  facet normal -0.953715 -0.300711 0
    outer loop
      vertex 20.7956 -79.7971 0
      vertex 20.6382 -79.2979 2.19
      vertex 20.6382 -79.2979 0
    endloop
  endfacet
  facet normal -0.953715 -0.300711 0
    outer loop
      vertex 20.6382 -79.2979 2.19
      vertex 20.7956 -79.7971 0
      vertex 20.7956 -79.7971 2.19
    endloop
  endfacet
  facet normal 0.608768 0.793348 -0
    outer loop
      vertex 11.5585 -86.2649 0
      vertex 11.1433 -85.9463 2.19
      vertex 11.5585 -86.2649 2.19
    endloop
  endfacet
  facet normal 0.608768 0.793348 0
    outer loop
      vertex 11.1433 -85.9463 2.19
      vertex 11.5585 -86.2649 0
      vertex 11.1433 -85.9463 0
    endloop
  endfacet
  facet normal -0.887089 0.461599 0
    outer loop
      vertex 20.1962 -84.35 0
      vertex 20.4378 -83.8857 2.19
      vertex 20.4378 -83.8857 0
    endloop
  endfacet
  facet normal -0.887089 0.461599 0
    outer loop
      vertex 20.4378 -83.8857 2.19
      vertex 20.1962 -84.35 0
      vertex 20.1962 -84.35 2.19
    endloop
  endfacet
  facet normal 0.843406 0.537277 0
    outer loop
      vertex 10.0851 -84.7915 2.19
      vertex 9.80385 -84.35 0
      vertex 9.80385 -84.35 2.19
    endloop
  endfacet
  facet normal 0.843406 0.537277 0
    outer loop
      vertex 9.80385 -84.35 0
      vertex 10.0851 -84.7915 2.19
      vertex 10.0851 -84.7915 0
    endloop
  endfacet
  facet normal 0.382824 -0.923821 0
    outer loop
      vertex 12.4643 -75.9122 0
      vertex 12.9479 -75.7118 2.19
      vertex 12.4643 -75.9122 2.19
    endloop
  endfacet
  facet normal 0.382824 -0.923821 0
    outer loop
      vertex 12.9479 -75.7118 2.19
      vertex 12.4643 -75.9122 0
      vertex 12.9479 -75.7118 0
    endloop
  endfacet
  facet normal 0 0 -1
    outer loop
      vertex 20.9088 -82.3919 2.19
      vertex 20.8857 -82.1195 2.19
      vertex 20.9305 -82.2276 2.19
    endloop
  endfacet
  facet normal 0 0 -1
    outer loop
      vertex 20.9088 -82.3919 2.19
      vertex 20.8267 -81.9323 2.19
      vertex 20.8857 -82.1195 2.19
    endloop
  endfacet
  facet normal 0 0 -1
    outer loop
      vertex 20.7956 -82.9029 2.19
      vertex 20.8267 -81.9323 2.19
      vertex 20.9088 -82.3919 2.19
    endloop
  endfacet
  facet normal 0 0 -1
    outer loop
      vertex 20.7956 -82.9029 2.19
      vertex 20.7842 -81.7407 2.19
      vertex 20.8267 -81.9323 2.19
    endloop
  endfacet
  facet normal 0 0 -1
    outer loop
      vertex 20.6382 -83.4021 2.19
      vertex 20.7842 -81.7407 2.19
      vertex 20.7956 -82.9029 2.19
    endloop
  endfacet
  facet normal 0 0 -1
    outer loop
      vertex 20.4378 -83.8857 2.19
      vertex 20.7842 -81.7407 2.19
      vertex 20.6382 -83.4021 2.19
    endloop
  endfacet
  facet normal -0 0 -1
    outer loop
      vertex 20.7842 -81.7407 2.19
      vertex 20.4378 -83.8857 2.19
      vertex 20.7586 -81.5461 2.19
    endloop
  endfacet
  facet normal 0 0 -1
    outer loop
      vertex 20.8857 -80.5805 2.19
      vertex 20.9088 -80.3081 2.19
      vertex 20.9305 -80.4724 2.19
    endloop
  endfacet
  facet normal 0 0 -1
    outer loop
      vertex 20.8267 -80.7677 2.19
      vertex 20.9088 -80.3081 2.19
      vertex 20.8857 -80.5805 2.19
    endloop
  endfacet
  facet normal 0 0 -1
    outer loop
      vertex 20.8267 -80.7677 2.19
      vertex 20.7956 -79.7971 2.19
      vertex 20.9088 -80.3081 2.19
    endloop
  endfacet
  facet normal 0 0 -1
    outer loop
      vertex 20.7842 -80.9593 2.19
      vertex 20.7956 -79.7971 2.19
      vertex 20.8267 -80.7677 2.19
    endloop
  endfacet
  facet normal 0 0 -1
    outer loop
      vertex 20.4378 -78.8143 2.19
      vertex 20.7842 -80.9593 2.19
      vertex 20.7586 -81.1539 2.19
    endloop
  endfacet
  facet normal 0 0 -1
    outer loop
      vertex 18 -76.1538 2.19
      vertex 20.7586 -81.1539 2.19
      vertex 20.75 -81.35 2.19
    endloop
  endfacet
  facet normal 0 0 -1
    outer loop
      vertex 20.1962 -84.35 2.19
      vertex 20.7586 -81.5461 2.19
      vertex 20.4378 -83.8857 2.19
    endloop
  endfacet
  facet normal 0 0 -1
    outer loop
      vertex 20.7842 -80.9593 2.19
      vertex 20.6382 -79.2979 2.19
      vertex 20.7956 -79.7971 2.19
    endloop
  endfacet
  facet normal 0 0 -1
    outer loop
      vertex 19.9149 -84.7915 2.19
      vertex 20.7586 -81.5461 2.19
      vertex 20.1962 -84.35 2.19
    endloop
  endfacet
  facet normal 0 0 -1
    outer loop
      vertex 20.7842 -80.9593 2.19
      vertex 20.4378 -78.8143 2.19
      vertex 20.6382 -79.2979 2.19
    endloop
  endfacet
  facet normal 0 0 -1
    outer loop
      vertex 19.5963 -85.2067 2.19
      vertex 20.7586 -81.5461 2.19
      vertex 19.9149 -84.7915 2.19
    endloop
  endfacet
  facet normal 0 0 -1
    outer loop
      vertex 20.7586 -81.1539 2.19
      vertex 20.1962 -78.35 2.19
      vertex 20.4378 -78.8143 2.19
    endloop
  endfacet
  facet normal 0 0 -1
    outer loop
      vertex 19.2426 -85.5926 2.19
      vertex 20.7586 -81.5461 2.19
      vertex 19.5963 -85.2067 2.19
    endloop
  endfacet
  facet normal 0 0 -1
    outer loop
      vertex 20.7586 -81.1539 2.19
      vertex 19.9149 -77.9085 2.19
      vertex 20.1962 -78.35 2.19
    endloop
  endfacet
  facet normal 0 0 -1
    outer loop
      vertex 18.8567 -85.9463 2.19
      vertex 20.7586 -81.5461 2.19
      vertex 19.2426 -85.5926 2.19
    endloop
  endfacet
  facet normal 0 0 -1
    outer loop
      vertex 20.7586 -81.1539 2.19
      vertex 19.5963 -77.4933 2.19
      vertex 19.9149 -77.9085 2.19
    endloop
  endfacet
  facet normal 0 0 -1
    outer loop
      vertex 18.4415 -86.2649 2.19
      vertex 20.7586 -81.5461 2.19
      vertex 18.8567 -85.9463 2.19
    endloop
  endfacet
  facet normal 0 0 -1
    outer loop
      vertex 20.7586 -81.1539 2.19
      vertex 19.2426 -77.1074 2.19
      vertex 19.5963 -77.4933 2.19
    endloop
  endfacet
  facet normal 0 0 -1
    outer loop
      vertex 18 -86.5462 2.19
      vertex 20.7586 -81.5461 2.19
      vertex 18.4415 -86.2649 2.19
    endloop
  endfacet
  facet normal 0 0 -1
    outer loop
      vertex 20.7586 -81.1539 2.19
      vertex 18.8567 -76.7537 2.19
      vertex 19.2426 -77.1074 2.19
    endloop
  endfacet
  facet normal -0 0 -1
    outer loop
      vertex 20.7586 -81.5461 2.19
      vertex 18 -86.5462 2.19
      vertex 20.75 -81.35 2.19
    endloop
  endfacet
  facet normal 0 0 -1
    outer loop
      vertex 20.7586 -81.1539 2.19
      vertex 18.4415 -76.4351 2.19
      vertex 18.8567 -76.7537 2.19
    endloop
  endfacet
  facet normal 0 0 -1
    outer loop
      vertex 17.5357 -86.7878 2.19
      vertex 20.75 -81.35 2.19
      vertex 18 -86.5462 2.19
    endloop
  endfacet
  facet normal 0 0 -1
    outer loop
      vertex 20.7586 -81.1539 2.19
      vertex 18 -76.1538 2.19
      vertex 18.4415 -76.4351 2.19
    endloop
  endfacet
  facet normal 0 0 -1
    outer loop
      vertex 17.0521 -86.9882 2.19
      vertex 20.75 -81.35 2.19
      vertex 17.5357 -86.7878 2.19
    endloop
  endfacet
  facet normal 0 0 -1
    outer loop
      vertex 20.75 -81.35 2.19
      vertex 17.5357 -75.9122 2.19
      vertex 18 -76.1538 2.19
    endloop
  endfacet
  facet normal 0 0 -1
    outer loop
      vertex 16.5529 -87.1456 2.19
      vertex 20.75 -81.35 2.19
      vertex 17.0521 -86.9882 2.19
    endloop
  endfacet
  facet normal 0 0 -1
    outer loop
      vertex 20.75 -81.35 2.19
      vertex 17.0521 -75.7118 2.19
      vertex 17.5357 -75.9122 2.19
    endloop
  endfacet
  facet normal 0 0 -1
    outer loop
      vertex 16.0419 -87.2589 2.19
      vertex 20.75 -81.35 2.19
      vertex 16.5529 -87.1456 2.19
    endloop
  endfacet
  facet normal 0 0 -1
    outer loop
      vertex 20.75 -81.35 2.19
      vertex 16.5529 -75.5544 2.19
      vertex 17.0521 -75.7118 2.19
    endloop
  endfacet
  facet normal 0 0 -1
    outer loop
      vertex 15.5229 -87.3272 2.19
      vertex 20.75 -81.35 2.19
      vertex 16.0419 -87.2589 2.19
    endloop
  endfacet
  facet normal 0 0 -1
    outer loop
      vertex 20.75 -81.35 2.19
      vertex 16.0419 -75.4412 2.19
      vertex 16.5529 -75.5544 2.19
    endloop
  endfacet
  facet normal 0 0 -1
    outer loop
      vertex 15 -87.35 2.19
      vertex 20.75 -81.35 2.19
      vertex 15.5229 -87.3272 2.19
    endloop
  endfacet
  facet normal 0 0 -1
    outer loop
      vertex 20.75 -81.35 2.19
      vertex 15.5229 -75.3728 2.19
      vertex 16.0419 -75.4412 2.19
    endloop
  endfacet
  facet normal 0 0 -1
    outer loop
      vertex 14.4771 -87.3272 2.19
      vertex 20.75 -81.35 2.19
      vertex 15 -87.35 2.19
    endloop
  endfacet
  facet normal 0 0 -1
    outer loop
      vertex 20.75 -81.35 2.19
      vertex 15 -75.35 2.19
      vertex 15.5229 -75.3728 2.19
    endloop
  endfacet
  facet normal 0 0 -1
    outer loop
      vertex 13.9581 -87.2589 2.19
      vertex 20.75 -81.35 2.19
      vertex 14.4771 -87.3272 2.19
    endloop
  endfacet
  facet normal 0 0 -1
    outer loop
      vertex 20.75 -81.35 2.19
      vertex 14.4771 -75.3728 2.19
      vertex 15 -75.35 2.19
    endloop
  endfacet
  facet normal 0 0 -1
    outer loop
      vertex 13.4471 -87.1456 2.19
      vertex 20.75 -81.35 2.19
      vertex 13.9581 -87.2589 2.19
    endloop
  endfacet
  facet normal 0 0 -1
    outer loop
      vertex 20.75 -81.35 2.19
      vertex 13.9581 -75.4412 2.19
      vertex 14.4771 -75.3728 2.19
    endloop
  endfacet
  facet normal 0 0 -1
    outer loop
      vertex 12.9479 -86.9882 2.19
      vertex 20.75 -81.35 2.19
      vertex 13.4471 -87.1456 2.19
    endloop
  endfacet
  facet normal 0 0 -1
    outer loop
      vertex 20.75 -81.35 2.19
      vertex 13.4471 -75.5544 2.19
      vertex 13.9581 -75.4412 2.19
    endloop
  endfacet
  facet normal 0 0 -1
    outer loop
      vertex 12.4643 -86.7878 2.19
      vertex 20.75 -81.35 2.19
      vertex 12.9479 -86.9882 2.19
    endloop
  endfacet
  facet normal 0 0 -1
    outer loop
      vertex 20.75 -81.35 2.19
      vertex 12.9479 -75.7118 2.19
      vertex 13.4471 -75.5544 2.19
    endloop
  endfacet
  facet normal 0 0 -1
    outer loop
      vertex 12 -86.5462 2.19
      vertex 20.75 -81.35 2.19
      vertex 12.4643 -86.7878 2.19
    endloop
  endfacet
  facet normal 0 0 -1
    outer loop
      vertex 20.75 -81.35 2.19
      vertex 12.4643 -75.9122 2.19
      vertex 12.9479 -75.7118 2.19
    endloop
  endfacet
  facet normal 0 0 -1
    outer loop
      vertex 11.5585 -86.2649 2.19
      vertex 20.75 -81.35 2.19
      vertex 12 -86.5462 2.19
    endloop
  endfacet
  facet normal 0 0 -1
    outer loop
      vertex 20.75 -81.35 2.19
      vertex 12 -76.1538 2.19
      vertex 12.4643 -75.9122 2.19
    endloop
  endfacet
  facet normal 0 0 -1
    outer loop
      vertex 11.1433 -85.9463 2.19
      vertex 20.75 -81.35 2.19
      vertex 11.5585 -86.2649 2.19
    endloop
  endfacet
  facet normal 0 0 -1
    outer loop
      vertex 20.75 -81.35 2.19
      vertex 11.5585 -76.4351 2.19
      vertex 12 -76.1538 2.19
    endloop
  endfacet
  facet normal 0 0 -1
    outer loop
      vertex 10.7574 -85.5926 2.19
      vertex 20.75 -81.35 2.19
      vertex 11.1433 -85.9463 2.19
    endloop
  endfacet
  facet normal 0 0 -1
    outer loop
      vertex 20.75 -81.35 2.19
      vertex 11.1433 -76.7537 2.19
      vertex 11.5585 -76.4351 2.19
    endloop
  endfacet
  facet normal 0 0 -1
    outer loop
      vertex 10.4037 -85.2067 2.19
      vertex 20.75 -81.35 2.19
      vertex 10.7574 -85.5926 2.19
    endloop
  endfacet
  facet normal 0 0 -1
    outer loop
      vertex 20.75 -81.35 2.19
      vertex 10.7574 -77.1074 2.19
      vertex 11.1433 -76.7537 2.19
    endloop
  endfacet
  facet normal 0 0 -1
    outer loop
      vertex 10.0851 -84.7915 2.19
      vertex 20.75 -81.35 2.19
      vertex 10.4037 -85.2067 2.19
    endloop
  endfacet
  facet normal 0 0 -1
    outer loop
      vertex 20.75 -81.35 2.19
      vertex 10.4037 -77.4933 2.19
      vertex 10.7574 -77.1074 2.19
    endloop
  endfacet
  facet normal 0 0 -1
    outer loop
      vertex 9.80385 -84.35 2.19
      vertex 20.75 -81.35 2.19
      vertex 10.0851 -84.7915 2.19
    endloop
  endfacet
  facet normal 0 0 -1
    outer loop
      vertex 20.75 -81.35 2.19
      vertex 10.0851 -77.9085 2.19
      vertex 10.4037 -77.4933 2.19
    endloop
  endfacet
  facet normal 0 0 -1
    outer loop
      vertex 9.56215 -83.8857 2.19
      vertex 20.75 -81.35 2.19
      vertex 9.80385 -84.35 2.19
    endloop
  endfacet
  facet normal 0 0 -1
    outer loop
      vertex 20.75 -81.35 2.19
      vertex 9.80385 -78.35 2.19
      vertex 10.0851 -77.9085 2.19
    endloop
  endfacet
  facet normal 0 0 -1
    outer loop
      vertex 9.56215 -78.8143 2.19
      vertex 20.75 -81.35 2.19
      vertex 9.56215 -83.8857 2.19
    endloop
  endfacet
  facet normal 0 0 -1
    outer loop
      vertex 20.75 -81.35 2.19
      vertex 9.56215 -78.8143 2.19
      vertex 9.80385 -78.35 2.19
    endloop
  endfacet
  facet normal 0 0 -1
    outer loop
      vertex 9.36184 -83.4021 2.19
      vertex 9.56215 -78.8143 2.19
      vertex 9.56215 -83.8857 2.19
    endloop
  endfacet
  facet normal 0 0 -1
    outer loop
      vertex 9.36184 -83.4021 2.19
      vertex 9.36184 -79.2979 2.19
      vertex 9.56215 -78.8143 2.19
    endloop
  endfacet
  facet normal 0 0 -1
    outer loop
      vertex 9.20444 -82.9029 2.19
      vertex 9.36184 -79.2979 2.19
      vertex 9.36184 -83.4021 2.19
    endloop
  endfacet
  facet normal 0 0 -1
    outer loop
      vertex 9.20444 -82.9029 2.19
      vertex 9.20444 -79.7971 2.19
      vertex 9.36184 -79.2979 2.19
    endloop
  endfacet
  facet normal 0 0 -1
    outer loop
      vertex 9.09115 -82.3919 2.19
      vertex 9.20444 -79.7971 2.19
      vertex 9.20444 -82.9029 2.19
    endloop
  endfacet
  facet normal 0 0 -1
    outer loop
      vertex 9.09115 -82.3919 2.19
      vertex 9.09115 -80.3081 2.19
      vertex 9.20444 -79.7971 2.19
    endloop
  endfacet
  facet normal 0 0 -1
    outer loop
      vertex 9.02283 -81.8729 2.19
      vertex 9.09115 -80.3081 2.19
      vertex 9.09115 -82.3919 2.19
    endloop
  endfacet
  facet normal 0 0 -1
    outer loop
      vertex 9.02283 -81.8729 2.19
      vertex 9.02283 -80.8271 2.19
      vertex 9.09115 -80.3081 2.19
    endloop
  endfacet
  facet normal 0 -0 -1
    outer loop
      vertex 9.02283 -80.8271 2.19
      vertex 9.02283 -81.8729 2.19
      vertex 9 -81.35 2.19
    endloop
  endfacet
  facet normal -0.130474 0.991452 0
    outer loop
      vertex 16.0419 -87.2589 0
      vertex 15.5229 -87.3272 2.19
      vertex 16.0419 -87.2589 2.19
    endloop
  endfacet
  facet normal -0.130474 0.991452 0
    outer loop
      vertex 15.5229 -87.3272 2.19
      vertex 16.0419 -87.2589 0
      vertex 15.5229 -87.3272 0
    endloop
  endfacet
  facet normal 0.300711 0.953715 -0
    outer loop
      vertex 13.4471 -87.1456 0
      vertex 12.9479 -86.9882 2.19
      vertex 13.4471 -87.1456 2.19
    endloop
  endfacet
  facet normal 0.300711 0.953715 0
    outer loop
      vertex 12.9479 -86.9882 2.19
      vertex 13.4471 -87.1456 0
      vertex 12.9479 -86.9882 0
    endloop
  endfacet
  facet normal 0.923882 -0.382677 0
    outer loop
      vertex 9.36184 -79.2979 2.19
      vertex 9.56215 -78.8143 0
      vertex 9.56215 -78.8143 2.19
    endloop
  endfacet
  facet normal 0.923882 -0.382677 0
    outer loop
      vertex 9.56215 -78.8143 0
      vertex 9.36184 -79.2979 2.19
      vertex 9.36184 -79.2979 0
    endloop
  endfacet
  facet normal 0.300711 -0.953715 0
    outer loop
      vertex 12.9479 -75.7118 0
      vertex 13.4471 -75.5544 2.19
      vertex 12.9479 -75.7118 2.19
    endloop
  endfacet
  facet normal 0.300711 -0.953715 0
    outer loop
      vertex 13.4471 -75.5544 2.19
      vertex 12.9479 -75.7118 0
      vertex 13.4471 -75.5544 0
    endloop
  endfacet
  facet normal -0.923821 0.382824 0
    outer loop
      vertex 20.4378 -83.8857 0
      vertex 20.6382 -83.4021 2.19
      vertex 20.6382 -83.4021 0
    endloop
  endfacet
  facet normal -0.923821 0.382824 0
    outer loop
      vertex 20.6382 -83.4021 2.19
      vertex 20.4378 -83.8857 0
      vertex 20.4378 -83.8857 2.19
    endloop
  endfacet
  facet normal -0.793348 0.608768 0
    outer loop
      vertex 19.5963 -85.2067 0
      vertex 19.9149 -84.7915 2.19
      vertex 19.9149 -84.7915 0
    endloop
  endfacet
  facet normal -0.793348 0.608768 0
    outer loop
      vertex 19.9149 -84.7915 2.19
      vertex 19.5963 -85.2067 0
      vertex 19.5963 -85.2067 2.19
    endloop
  endfacet
  facet normal 0.130662 -0.991427 0
    outer loop
      vertex 13.9581 -75.4412 0
      vertex 14.4771 -75.3728 2.19
      vertex 13.9581 -75.4412 2.19
    endloop
  endfacet
  facet normal 0.130662 -0.991427 0
    outer loop
      vertex 14.4771 -75.3728 2.19
      vertex 13.9581 -75.4412 0
      vertex 14.4771 -75.3728 0
    endloop
  endfacet
  facet normal 0.216283 -0.976331 0
    outer loop
      vertex 13.4471 -75.5544 0
      vertex 13.9581 -75.4412 2.19
      vertex 13.4471 -75.5544 2.19
    endloop
  endfacet
  facet normal 0.216283 -0.976331 0
    outer loop
      vertex 13.9581 -75.4412 2.19
      vertex 13.4471 -75.5544 0
      vertex 13.9581 -75.4412 0
    endloop
  endfacet
  facet normal -0.608768 0.793348 0
    outer loop
      vertex 18.8567 -85.9463 0
      vertex 18.4415 -86.2649 2.19
      vertex 18.8567 -85.9463 2.19
    endloop
  endfacet
  facet normal -0.608768 0.793348 0
    outer loop
      vertex 18.4415 -86.2649 2.19
      vertex 18.8567 -85.9463 0
      vertex 18.4415 -86.2649 0
    endloop
  endfacet
  facet normal 0.675681 0.737194 -0
    outer loop
      vertex 11.1433 -85.9463 0
      vertex 10.7574 -85.5926 2.19
      vertex 11.1433 -85.9463 2.19
    endloop
  endfacet
  facet normal 0.675681 0.737194 0
    outer loop
      vertex 10.7574 -85.5926 2.19
      vertex 11.1433 -85.9463 0
      vertex 10.7574 -85.5926 0
    endloop
  endfacet
  facet normal -0.887089 -0.461599 0
    outer loop
      vertex 20.4378 -78.8143 0
      vertex 20.1962 -78.35 2.19
      vertex 20.1962 -78.35 0
    endloop
  endfacet
  facet normal -0.887089 -0.461599 0
    outer loop
      vertex 20.1962 -78.35 2.19
      vertex 20.4378 -78.8143 0
      vertex 20.4378 -78.8143 2.19
    endloop
  endfacet
  facet normal 0.923882 0.382677 0
    outer loop
      vertex 9.56215 -83.8857 2.19
      vertex 9.36184 -83.4021 0
      vertex 9.36184 -83.4021 2.19
    endloop
  endfacet
  facet normal 0.923882 0.382677 0
    outer loop
      vertex 9.36184 -83.4021 0
      vertex 9.56215 -83.8857 2.19
      vertex 9.56215 -83.8857 0
    endloop
  endfacet
  facet normal -0.793348 -0.608768 0
    outer loop
      vertex 19.9149 -77.9085 0
      vertex 19.5963 -77.4933 2.19
      vertex 19.5963 -77.4933 0
    endloop
  endfacet
  facet normal -0.793348 -0.608768 0
    outer loop
      vertex 19.5963 -77.4933 2.19
      vertex 19.9149 -77.9085 0
      vertex 19.9149 -77.9085 2.19
    endloop
  endfacet
  facet normal -0.737194 -0.675681 0
    outer loop
      vertex 19.5963 -77.4933 0
      vertex 19.2426 -77.1074 2.19
      vertex 19.2426 -77.1074 0
    endloop
  endfacet
  facet normal -0.737194 -0.675681 0
    outer loop
      vertex 19.2426 -77.1074 2.19
      vertex 19.5963 -77.4933 0
      vertex 19.5963 -77.4933 2.19
    endloop
  endfacet
  facet normal -0.216283 -0.976331 0
    outer loop
      vertex 16.0419 -75.4412 0
      vertex 16.5529 -75.5544 2.19
      vertex 16.0419 -75.4412 2.19
    endloop
  endfacet
  facet normal -0.216283 -0.976331 -0
    outer loop
      vertex 16.5529 -75.5544 2.19
      vertex 16.0419 -75.4412 0
      vertex 16.5529 -75.5544 0
    endloop
  endfacet
  facet normal 0.130474 0.991452 -0
    outer loop
      vertex 14.4771 -87.3272 0
      vertex 13.9581 -87.2589 2.19
      vertex 14.4771 -87.3272 2.19
    endloop
  endfacet
  facet normal 0.130474 0.991452 0
    outer loop
      vertex 13.9581 -87.2589 2.19
      vertex 14.4771 -87.3272 0
      vertex 13.9581 -87.2589 0
    endloop
  endfacet
  facet normal 0.793348 -0.608768 0
    outer loop
      vertex 10.0851 -77.9085 2.19
      vertex 10.4037 -77.4933 0
      vertex 10.4037 -77.4933 2.19
    endloop
  endfacet
  facet normal 0.793348 -0.608768 0
    outer loop
      vertex 10.4037 -77.4933 0
      vertex 10.0851 -77.9085 2.19
      vertex 10.0851 -77.9085 0
    endloop
  endfacet
  facet normal -0.991391 0.130938 0
    outer loop
      vertex 20.9088 -82.3919 0
      vertex 20.9305 -82.2276 2.19
      vertex 20.9305 -82.2276 0
    endloop
  endfacet
  facet normal -0.991391 0.130938 0
    outer loop
      vertex 20.9305 -82.2276 2.19
      vertex 20.9088 -82.3919 0
      vertex 20.9088 -82.3919 2.19
    endloop
  endfacet
  facet normal -0.382824 -0.923821 0
    outer loop
      vertex 17.0521 -75.7118 0
      vertex 17.5357 -75.9122 2.19
      vertex 17.0521 -75.7118 2.19
    endloop
  endfacet
  facet normal -0.382824 -0.923821 -0
    outer loop
      vertex 17.5357 -75.9122 2.19
      vertex 17.0521 -75.7118 0
      vertex 17.5357 -75.9122 0
    endloop
  endfacet
  facet normal 0.675681 -0.737194 0
    outer loop
      vertex 10.7574 -77.1074 0
      vertex 11.1433 -76.7537 2.19
      vertex 10.7574 -77.1074 2.19
    endloop
  endfacet
  facet normal 0.675681 -0.737194 0
    outer loop
      vertex 11.1433 -76.7537 2.19
      vertex 10.7574 -77.1074 0
      vertex 11.1433 -76.7537 0
    endloop
  endfacet
  facet normal -0.976331 0.216283 0
    outer loop
      vertex 20.7956 -82.9029 0
      vertex 20.9088 -82.3919 2.19
      vertex 20.9088 -82.3919 0
    endloop
  endfacet
  facet normal -0.976331 0.216283 0
    outer loop
      vertex 20.9088 -82.3919 2.19
      vertex 20.7956 -82.9029 0
      vertex 20.7956 -82.9029 2.19
    endloop
  endfacet
  facet normal 0.991447 0.130512 0
    outer loop
      vertex 9.09115 -82.3919 2.19
      vertex 9.02283 -81.8729 0
      vertex 9.02283 -81.8729 2.19
    endloop
  endfacet
  facet normal 0.991447 0.130512 0
    outer loop
      vertex 9.02283 -81.8729 0
      vertex 9.09115 -82.3919 2.19
      vertex 9.09115 -82.3919 0
    endloop
  endfacet
  facet normal -0.216465 0.97629 0
    outer loop
      vertex 16.5529 -87.1456 0
      vertex 16.0419 -87.2589 2.19
      vertex 16.5529 -87.1456 2.19
    endloop
  endfacet
  facet normal -0.216465 0.97629 0
    outer loop
      vertex 16.0419 -87.2589 2.19
      vertex 16.5529 -87.1456 0
      vertex 16.0419 -87.2589 0
    endloop
  endfacet
  facet normal -0.923821 -0.382824 0
    outer loop
      vertex 20.6382 -79.2979 0
      vertex 20.4378 -78.8143 2.19
      vertex 20.4378 -78.8143 0
    endloop
  endfacet
  facet normal -0.923821 -0.382824 0
    outer loop
      vertex 20.4378 -78.8143 2.19
      vertex 20.6382 -79.2979 0
      vertex 20.6382 -79.2979 2.19
    endloop
  endfacet
  facet normal -0.382824 0.923821 0
    outer loop
      vertex 17.5357 -86.7878 0
      vertex 17.0521 -86.9882 2.19
      vertex 17.5357 -86.7878 2.19
    endloop
  endfacet
  facet normal -0.382824 0.923821 0
    outer loop
      vertex 17.0521 -86.9882 2.19
      vertex 17.5357 -86.7878 0
      vertex 17.0521 -86.9882 0
    endloop
  endfacet
  facet normal -0.608768 -0.793348 0
    outer loop
      vertex 18.4415 -76.4351 0
      vertex 18.8567 -76.7537 2.19
      vertex 18.4415 -76.4351 2.19
    endloop
  endfacet
  facet normal -0.608768 -0.793348 -0
    outer loop
      vertex 18.8567 -76.7537 2.19
      vertex 18.4415 -76.4351 0
      vertex 18.8567 -76.7537 0
    endloop
  endfacet
  facet normal 0.0435616 -0.999051 0
    outer loop
      vertex 14.4771 -75.3728 0
      vertex 15 -75.35 2.19
      vertex 14.4771 -75.3728 2.19
    endloop
  endfacet
  facet normal 0.0435616 -0.999051 0
    outer loop
      vertex 15 -75.35 2.19
      vertex 14.4771 -75.3728 0
      vertex 15 -75.35 0
    endloop
  endfacet
  facet normal -0.461599 -0.887089 0
    outer loop
      vertex 17.5357 -75.9122 0
      vertex 18 -76.1538 2.19
      vertex 17.5357 -75.9122 2.19
    endloop
  endfacet
  facet normal -0.461599 -0.887089 -0
    outer loop
      vertex 18 -76.1538 2.19
      vertex 17.5357 -75.9122 0
      vertex 18 -76.1538 0
    endloop
  endfacet
  facet normal 0.976294 0.216447 0
    outer loop
      vertex 9.20444 -82.9029 2.19
      vertex 9.09115 -82.3919 0
      vertex 9.09115 -82.3919 2.19
    endloop
  endfacet
  facet normal 0.976294 0.216447 0
    outer loop
      vertex 9.09115 -82.3919 0
      vertex 9.20444 -82.9029 2.19
      vertex 9.20444 -82.9029 0
    endloop
  endfacet
  facet normal -0.537345 -0.843362 0
    outer loop
      vertex 18 -76.1538 0
      vertex 18.4415 -76.4351 2.19
      vertex 18 -76.1538 2.19
    endloop
  endfacet
  facet normal -0.537345 -0.843362 -0
    outer loop
      vertex 18.4415 -76.4351 2.19
      vertex 18 -76.1538 0
      vertex 18.4415 -76.4351 0
    endloop
  endfacet
  facet normal -0.537345 0.843362 0
    outer loop
      vertex 18.4415 -86.2649 0
      vertex 18 -86.5462 2.19
      vertex 18.4415 -86.2649 2.19
    endloop
  endfacet
  facet normal -0.537345 0.843362 0
    outer loop
      vertex 18 -86.5462 2.19
      vertex 18.4415 -86.2649 0
      vertex 18 -86.5462 0
    endloop
  endfacet
  facet normal -0.843362 -0.537345 0
    outer loop
      vertex 20.1962 -78.35 0
      vertex 19.9149 -77.9085 2.19
      vertex 19.9149 -77.9085 0
    endloop
  endfacet
  facet normal -0.843362 -0.537345 0
    outer loop
      vertex 19.9149 -77.9085 2.19
      vertex 20.1962 -78.35 0
      vertex 20.1962 -78.35 2.19
    endloop
  endfacet
  facet normal 0.461599 0.887089 -0
    outer loop
      vertex 12.4643 -86.7878 0
      vertex 12 -86.5462 2.19
      vertex 12.4643 -86.7878 2.19
    endloop
  endfacet
  facet normal 0.461599 0.887089 0
    outer loop
      vertex 12 -86.5462 2.19
      vertex 12.4643 -86.7878 0
      vertex 12 -86.5462 0
    endloop
  endfacet
  facet normal -0.300711 -0.953715 0
    outer loop
      vertex 16.5529 -75.5544 0
      vertex 17.0521 -75.7118 2.19
      vertex 16.5529 -75.5544 2.19
    endloop
  endfacet
  facet normal -0.300711 -0.953715 -0
    outer loop
      vertex 17.0521 -75.7118 2.19
      vertex 16.5529 -75.5544 0
      vertex 17.0521 -75.7118 0
    endloop
  endfacet
  facet normal 0.953715 0.300711 0
    outer loop
      vertex 9.36184 -83.4021 2.19
      vertex 9.20444 -82.9029 0
      vertex 9.20444 -82.9029 2.19
    endloop
  endfacet
  facet normal 0.953715 0.300711 0
    outer loop
      vertex 9.20444 -82.9029 0
      vertex 9.36184 -83.4021 2.19
      vertex 9.36184 -83.4021 0
    endloop
  endfacet
  facet normal 0.737194 -0.675681 0
    outer loop
      vertex 10.4037 -77.4933 2.19
      vertex 10.7574 -77.1074 0
      vertex 10.7574 -77.1074 2.19
    endloop
  endfacet
  facet normal 0.737194 -0.675681 0
    outer loop
      vertex 10.7574 -77.1074 0
      vertex 10.4037 -77.4933 2.19
      vertex 10.4037 -77.4933 0
    endloop
  endfacet
  facet normal 0.953715 -0.300711 0
    outer loop
      vertex 9.20444 -79.7971 2.19
      vertex 9.36184 -79.2979 0
      vertex 9.36184 -79.2979 2.19
    endloop
  endfacet
  facet normal 0.953715 -0.300711 0
    outer loop
      vertex 9.36184 -79.2979 0
      vertex 9.20444 -79.7971 2.19
      vertex 9.20444 -79.7971 0
    endloop
  endfacet
  facet normal -0.953715 0.300711 0
    outer loop
      vertex 20.6382 -83.4021 0
      vertex 20.7956 -82.9029 2.19
      vertex 20.7956 -82.9029 0
    endloop
  endfacet
  facet normal -0.953715 0.300711 0
    outer loop
      vertex 20.7956 -82.9029 2.19
      vertex 20.6382 -83.4021 0
      vertex 20.6382 -83.4021 2.19
    endloop
  endfacet
  facet normal 0.216465 0.97629 -0
    outer loop
      vertex 13.9581 -87.2589 0
      vertex 13.4471 -87.1456 2.19
      vertex 13.9581 -87.2589 2.19
    endloop
  endfacet
  facet normal 0.216465 0.97629 0
    outer loop
      vertex 13.4471 -87.1456 2.19
      vertex 13.9581 -87.2589 0
      vertex 13.4471 -87.1456 0
    endloop
  endfacet
  facet normal -0.0435616 0.999051 0
    outer loop
      vertex 15.5229 -87.3272 0
      vertex 15 -87.35 2.19
      vertex 15.5229 -87.3272 2.19
    endloop
  endfacet
  facet normal -0.0435616 0.999051 0
    outer loop
      vertex 15 -87.35 2.19
      vertex 15.5229 -87.3272 0
      vertex 15 -87.35 0
    endloop
  endfacet
  facet normal -0.843362 0.537345 0
    outer loop
      vertex 19.9149 -84.7915 0
      vertex 20.1962 -84.35 2.19
      vertex 20.1962 -84.35 0
    endloop
  endfacet
  facet normal -0.843362 0.537345 0
    outer loop
      vertex 20.1962 -84.35 2.19
      vertex 19.9149 -84.7915 0
      vertex 19.9149 -84.7915 2.19
    endloop
  endfacet
  facet normal 0.537345 0.843362 -0
    outer loop
      vertex 12 -86.5462 0
      vertex 11.5585 -86.2649 2.19
      vertex 12 -86.5462 2.19
    endloop
  endfacet
  facet normal 0.537345 0.843362 0
    outer loop
      vertex 11.5585 -86.2649 2.19
      vertex 12 -86.5462 0
      vertex 11.5585 -86.2649 0
    endloop
  endfacet
  facet normal 0.843406 -0.537277 0
    outer loop
      vertex 9.80385 -78.35 2.19
      vertex 10.0851 -77.9085 0
      vertex 10.0851 -77.9085 2.19
    endloop
  endfacet
  facet normal 0.843406 -0.537277 0
    outer loop
      vertex 10.0851 -77.9085 0
      vertex 9.80385 -78.35 2.19
      vertex 9.80385 -78.35 0
    endloop
  endfacet
  facet normal 0.608768 -0.793348 0
    outer loop
      vertex 11.1433 -76.7537 0
      vertex 11.5585 -76.4351 2.19
      vertex 11.1433 -76.7537 2.19
    endloop
  endfacet
  facet normal 0.608768 -0.793348 0
    outer loop
      vertex 11.5585 -76.4351 2.19
      vertex 11.1433 -76.7537 0
      vertex 11.5585 -76.4351 0
    endloop
  endfacet
  facet normal 0.461599 -0.887089 0
    outer loop
      vertex 12 -76.1538 0
      vertex 12.4643 -75.9122 2.19
      vertex 12 -76.1538 2.19
    endloop
  endfacet
  facet normal 0.461599 -0.887089 0
    outer loop
      vertex 12.4643 -75.9122 2.19
      vertex 12 -76.1538 0
      vertex 12.4643 -75.9122 0
    endloop
  endfacet
  facet normal 0.793348 0.608768 0
    outer loop
      vertex 10.4037 -85.2067 2.19
      vertex 10.0851 -84.7915 0
      vertex 10.0851 -84.7915 2.19
    endloop
  endfacet
  facet normal 0.793348 0.608768 0
    outer loop
      vertex 10.0851 -84.7915 0
      vertex 10.4037 -85.2067 2.19
      vertex 10.4037 -85.2067 0
    endloop
  endfacet
  facet normal 0.991447 -0.130512 0
    outer loop
      vertex 9.02283 -80.8271 2.19
      vertex 9.09115 -80.3081 0
      vertex 9.09115 -80.3081 2.19
    endloop
  endfacet
  facet normal 0.991447 -0.130512 0
    outer loop
      vertex 9.09115 -80.3081 0
      vertex 9.02283 -80.8271 2.19
      vertex 9.02283 -80.8271 0
    endloop
  endfacet
  facet normal -0.300711 0.953715 0
    outer loop
      vertex 17.0521 -86.9882 0
      vertex 16.5529 -87.1456 2.19
      vertex 17.0521 -86.9882 2.19
    endloop
  endfacet
  facet normal -0.300711 0.953715 0
    outer loop
      vertex 16.5529 -87.1456 2.19
      vertex 17.0521 -86.9882 0
      vertex 16.5529 -87.1456 0
    endloop
  endfacet
  facet normal -0.675681 -0.737194 0
    outer loop
      vertex 18.8567 -76.7537 0
      vertex 19.2426 -77.1074 2.19
      vertex 18.8567 -76.7537 2.19
    endloop
  endfacet
  facet normal -0.675681 -0.737194 -0
    outer loop
      vertex 19.2426 -77.1074 2.19
      vertex 18.8567 -76.7537 0
      vertex 19.2426 -77.1074 0
    endloop
  endfacet
  facet normal 0.88701 0.46175 0
    outer loop
      vertex 9.80385 -84.35 2.19
      vertex 9.56215 -83.8857 0
      vertex 9.56215 -83.8857 2.19
    endloop
  endfacet
  facet normal 0.88701 0.46175 0
    outer loop
      vertex 9.56215 -83.8857 0
      vertex 9.80385 -84.35 2.19
      vertex 9.80385 -84.35 0
    endloop
  endfacet
  facet normal 0.976294 -0.216447 0
    outer loop
      vertex 9.09115 -80.3081 2.19
      vertex 9.20444 -79.7971 0
      vertex 9.20444 -79.7971 2.19
    endloop
  endfacet
  facet normal 0.976294 -0.216447 0
    outer loop
      vertex 9.20444 -79.7971 0
      vertex 9.09115 -80.3081 2.19
      vertex 9.09115 -80.3081 0
    endloop
  endfacet
  facet normal -0.737194 0.675681 0
    outer loop
      vertex 19.2426 -85.5926 0
      vertex 19.5963 -85.2067 2.19
      vertex 19.5963 -85.2067 0
    endloop
  endfacet
  facet normal -0.737194 0.675681 0
    outer loop
      vertex 19.5963 -85.2067 2.19
      vertex 19.2426 -85.5926 0
      vertex 19.2426 -85.5926 2.19
    endloop
  endfacet
  facet normal -0.675681 0.737194 0
    outer loop
      vertex 19.2426 -85.5926 0
      vertex 18.8567 -85.9463 2.19
      vertex 19.2426 -85.5926 2.19
    endloop
  endfacet
  facet normal -0.675681 0.737194 0
    outer loop
      vertex 18.8567 -85.9463 2.19
      vertex 19.2426 -85.5926 0
      vertex 18.8567 -85.9463 0
    endloop
  endfacet
  facet normal 0.382824 0.923821 -0
    outer loop
      vertex 12.9479 -86.9882 0
      vertex 12.4643 -86.7878 2.19
      vertex 12.9479 -86.9882 2.19
    endloop
  endfacet
  facet normal 0.382824 0.923821 0
    outer loop
      vertex 12.4643 -86.7878 2.19
      vertex 12.9479 -86.9882 0
      vertex 12.4643 -86.7878 0
    endloop
  endfacet
  facet normal 0.999048 -0.0436188 0
    outer loop
      vertex 9 -81.35 2.19
      vertex 9.02283 -80.8271 0
      vertex 9.02283 -80.8271 2.19
    endloop
  endfacet
  facet normal 0.999048 -0.0436188 0
    outer loop
      vertex 9.02283 -80.8271 0
      vertex 9 -81.35 2.19
      vertex 9 -81.35 0
    endloop
  endfacet
  facet normal 0.999048 0.0436188 0
    outer loop
      vertex 9.02283 -81.8729 2.19
      vertex 9 -81.35 0
      vertex 9 -81.35 2.19
    endloop
  endfacet
  facet normal 0.999048 0.0436188 0
    outer loop
      vertex 9 -81.35 0
      vertex 9.02283 -81.8729 2.19
      vertex 9.02283 -81.8729 0
    endloop
  endfacet
  facet normal -0.0435616 -0.999051 0
    outer loop
      vertex 15 -75.35 0
      vertex 15.5229 -75.3728 2.19
      vertex 15 -75.35 2.19
    endloop
  endfacet
  facet normal -0.0435616 -0.999051 -0
    outer loop
      vertex 15.5229 -75.3728 2.19
      vertex 15 -75.35 0
      vertex 15.5229 -75.3728 0
    endloop
  endfacet
  facet normal 0.88701 -0.46175 0
    outer loop
      vertex 9.56215 -78.8143 2.19
      vertex 9.80385 -78.35 0
      vertex 9.80385 -78.35 2.19
    endloop
  endfacet
  facet normal 0.88701 -0.46175 0
    outer loop
      vertex 9.80385 -78.35 0
      vertex 9.56215 -78.8143 2.19
      vertex 9.56215 -78.8143 0
    endloop
  endfacet
  facet normal -0.461599 0.887089 0
    outer loop
      vertex 18 -86.5462 0
      vertex 17.5357 -86.7878 2.19
      vertex 18 -86.5462 2.19
    endloop
  endfacet
  facet normal -0.461599 0.887089 0
    outer loop
      vertex 17.5357 -86.7878 2.19
      vertex 18 -86.5462 0
      vertex 17.5357 -86.7878 0
    endloop
  endfacet
  facet normal 0.737194 0.675681 0
    outer loop
      vertex 10.7574 -85.5926 2.19
      vertex 10.4037 -85.2067 0
      vertex 10.4037 -85.2067 2.19
    endloop
  endfacet
  facet normal 0.737194 0.675681 0
    outer loop
      vertex 10.4037 -85.2067 0
      vertex 10.7574 -85.5926 2.19
      vertex 10.7574 -85.5926 0
    endloop
  endfacet
  facet normal -0.130662 -0.991427 0
    outer loop
      vertex 15.5229 -75.3728 0
      vertex 16.0419 -75.4412 2.19
      vertex 15.5229 -75.3728 2.19
    endloop
  endfacet
  facet normal -0.130662 -0.991427 -0
    outer loop
      vertex 16.0419 -75.4412 2.19
      vertex 15.5229 -75.3728 0
      vertex 16.0419 -75.4412 0
    endloop
  endfacet
  facet normal 0.0435616 0.999051 -0
    outer loop
      vertex 15 -87.35 0
      vertex 14.4771 -87.3272 2.19
      vertex 15 -87.35 2.19
    endloop
  endfacet
  facet normal 0.0435616 0.999051 0
    outer loop
      vertex 14.4771 -87.3272 2.19
      vertex 15 -87.35 0
      vertex 14.4771 -87.3272 0
    endloop
  endfacet
  facet normal -0.793348 0.608768 0
    outer loop
      vertex 19.5963 77.4933 0
      vertex 19.9149 77.9085 2.19
      vertex 19.9149 77.9085 0
    endloop
  endfacet
  facet normal -0.793348 0.608768 0
    outer loop
      vertex 19.9149 77.9085 2.19
      vertex 19.5963 77.4933 0
      vertex 19.5963 77.4933 2.19
    endloop
  endfacet
  facet normal -0.991391 -0.130938 0
    outer loop
      vertex 20.9305 82.2276 0
      vertex 20.9088 82.3919 2.19
      vertex 20.9088 82.3919 0
    endloop
  endfacet
  facet normal -0.991391 -0.130938 0
    outer loop
      vertex 20.9088 82.3919 2.19
      vertex 20.9305 82.2276 0
      vertex 20.9305 82.2276 2.19
    endloop
  endfacet
  facet normal -0.976331 -0.216283 0
    outer loop
      vertex 20.9088 82.3919 0
      vertex 20.7956 82.9029 2.19
      vertex 20.7956 82.9029 0
    endloop
  endfacet
  facet normal -0.976331 -0.216283 0
    outer loop
      vertex 20.7956 82.9029 2.19
      vertex 20.9088 82.3919 0
      vertex 20.9088 82.3919 2.19
    endloop
  endfacet
  facet normal -0.300711 0.953715 0
    outer loop
      vertex 17.0521 75.7118 0
      vertex 16.5529 75.5544 2.19
      vertex 17.0521 75.7118 2.19
    endloop
  endfacet
  facet normal -0.300711 0.953715 0
    outer loop
      vertex 16.5529 75.5544 2.19
      vertex 17.0521 75.7118 0
      vertex 16.5529 75.5544 0
    endloop
  endfacet
  facet normal 0.953715 0.300711 0
    outer loop
      vertex 9.36184 79.2979 2.19
      vertex 9.20444 79.7971 0
      vertex 9.20444 79.7971 2.19
    endloop
  endfacet
  facet normal 0.953715 0.300711 0
    outer loop
      vertex 9.20444 79.7971 0
      vertex 9.36184 79.2979 2.19
      vertex 9.36184 79.2979 0
    endloop
  endfacet
  facet normal -0.923821 -0.382824 0
    outer loop
      vertex 20.6382 83.4021 0
      vertex 20.4378 83.8857 2.19
      vertex 20.4378 83.8857 0
    endloop
  endfacet
  facet normal -0.923821 -0.382824 0
    outer loop
      vertex 20.4378 83.8857 2.19
      vertex 20.6382 83.4021 0
      vertex 20.6382 83.4021 2.19
    endloop
  endfacet
  facet normal -0.608768 0.793348 0
    outer loop
      vertex 18.8567 76.7537 0
      vertex 18.4415 76.4351 2.19
      vertex 18.8567 76.7537 2.19
    endloop
  endfacet
  facet normal -0.608768 0.793348 0
    outer loop
      vertex 18.4415 76.4351 2.19
      vertex 18.8567 76.7537 0
      vertex 18.4415 76.4351 0
    endloop
  endfacet
  facet normal -0.793348 -0.608768 0
    outer loop
      vertex 19.9149 84.7915 0
      vertex 19.5963 85.2067 2.19
      vertex 19.5963 85.2067 0
    endloop
  endfacet
  facet normal -0.793348 -0.608768 0
    outer loop
      vertex 19.5963 85.2067 2.19
      vertex 19.9149 84.7915 0
      vertex 19.9149 84.7915 2.19
    endloop
  endfacet
  facet normal 0 0 -1
    outer loop
      vertex 20.9088 80.3081 2.19
      vertex 20.8857 80.5805 2.19
      vertex 20.9305 80.4724 2.19
    endloop
  endfacet
  facet normal 0 0 -1
    outer loop
      vertex 20.9088 80.3081 2.19
      vertex 20.8267 80.7677 2.19
      vertex 20.8857 80.5805 2.19
    endloop
  endfacet
  facet normal 0 0 -1
    outer loop
      vertex 20.7956 79.7971 2.19
      vertex 20.8267 80.7677 2.19
      vertex 20.9088 80.3081 2.19
    endloop
  endfacet
  facet normal 0 0 -1
    outer loop
      vertex 20.7956 79.7971 2.19
      vertex 20.7842 80.9593 2.19
      vertex 20.8267 80.7677 2.19
    endloop
  endfacet
  facet normal 0 0 -1
    outer loop
      vertex 20.6382 79.2979 2.19
      vertex 20.7842 80.9593 2.19
      vertex 20.7956 79.7971 2.19
    endloop
  endfacet
  facet normal 0 0 -1
    outer loop
      vertex 20.4378 78.8143 2.19
      vertex 20.7842 80.9593 2.19
      vertex 20.6382 79.2979 2.19
    endloop
  endfacet
  facet normal -0 0 -1
    outer loop
      vertex 20.7842 80.9593 2.19
      vertex 20.4378 78.8143 2.19
      vertex 20.7586 81.1539 2.19
    endloop
  endfacet
  facet normal 0 0 -1
    outer loop
      vertex 20.8857 82.1195 2.19
      vertex 20.9088 82.3919 2.19
      vertex 20.9305 82.2276 2.19
    endloop
  endfacet
  facet normal 0 0 -1
    outer loop
      vertex 20.8267 81.9323 2.19
      vertex 20.9088 82.3919 2.19
      vertex 20.8857 82.1195 2.19
    endloop
  endfacet
  facet normal 0 0 -1
    outer loop
      vertex 20.8267 81.9323 2.19
      vertex 20.7956 82.9029 2.19
      vertex 20.9088 82.3919 2.19
    endloop
  endfacet
  facet normal 0 0 -1
    outer loop
      vertex 20.7842 81.7407 2.19
      vertex 20.7956 82.9029 2.19
      vertex 20.8267 81.9323 2.19
    endloop
  endfacet
  facet normal 0 0 -1
    outer loop
      vertex 20.4378 83.8857 2.19
      vertex 20.7842 81.7407 2.19
      vertex 20.7586 81.5461 2.19
    endloop
  endfacet
  facet normal 0 0 -1
    outer loop
      vertex 18 86.5462 2.19
      vertex 20.7586 81.5461 2.19
      vertex 20.75 81.35 2.19
    endloop
  endfacet
  facet normal 0 0 -1
    outer loop
      vertex 20.1962 78.35 2.19
      vertex 20.7586 81.1539 2.19
      vertex 20.4378 78.8143 2.19
    endloop
  endfacet
  facet normal 0 0 -1
    outer loop
      vertex 20.7842 81.7407 2.19
      vertex 20.6382 83.4021 2.19
      vertex 20.7956 82.9029 2.19
    endloop
  endfacet
  facet normal 0 0 -1
    outer loop
      vertex 19.9149 77.9085 2.19
      vertex 20.7586 81.1539 2.19
      vertex 20.1962 78.35 2.19
    endloop
  endfacet
  facet normal 0 0 -1
    outer loop
      vertex 20.7842 81.7407 2.19
      vertex 20.4378 83.8857 2.19
      vertex 20.6382 83.4021 2.19
    endloop
  endfacet
  facet normal 0 0 -1
    outer loop
      vertex 19.5963 77.4933 2.19
      vertex 20.7586 81.1539 2.19
      vertex 19.9149 77.9085 2.19
    endloop
  endfacet
  facet normal 0 0 -1
    outer loop
      vertex 20.7586 81.5461 2.19
      vertex 20.1962 84.35 2.19
      vertex 20.4378 83.8857 2.19
    endloop
  endfacet
  facet normal 0 0 -1
    outer loop
      vertex 19.2426 77.1074 2.19
      vertex 20.7586 81.1539 2.19
      vertex 19.5963 77.4933 2.19
    endloop
  endfacet
  facet normal 0 0 -1
    outer loop
      vertex 20.7586 81.5461 2.19
      vertex 19.9149 84.7915 2.19
      vertex 20.1962 84.35 2.19
    endloop
  endfacet
  facet normal 0 0 -1
    outer loop
      vertex 18.8567 76.7537 2.19
      vertex 20.7586 81.1539 2.19
      vertex 19.2426 77.1074 2.19
    endloop
  endfacet
  facet normal 0 0 -1
    outer loop
      vertex 20.7586 81.5461 2.19
      vertex 19.5963 85.2067 2.19
      vertex 19.9149 84.7915 2.19
    endloop
  endfacet
  facet normal 0 0 -1
    outer loop
      vertex 18.4415 76.4351 2.19
      vertex 20.7586 81.1539 2.19
      vertex 18.8567 76.7537 2.19
    endloop
  endfacet
  facet normal 0 0 -1
    outer loop
      vertex 20.7586 81.5461 2.19
      vertex 19.2426 85.5926 2.19
      vertex 19.5963 85.2067 2.19
    endloop
  endfacet
  facet normal 0 0 -1
    outer loop
      vertex 18 76.1538 2.19
      vertex 20.7586 81.1539 2.19
      vertex 18.4415 76.4351 2.19
    endloop
  endfacet
  facet normal 0 0 -1
    outer loop
      vertex 20.7586 81.5461 2.19
      vertex 18.8567 85.9463 2.19
      vertex 19.2426 85.5926 2.19
    endloop
  endfacet
  facet normal -0 0 -1
    outer loop
      vertex 20.7586 81.1539 2.19
      vertex 18 76.1538 2.19
      vertex 20.75 81.35 2.19
    endloop
  endfacet
  facet normal 0 0 -1
    outer loop
      vertex 20.7586 81.5461 2.19
      vertex 18.4415 86.2649 2.19
      vertex 18.8567 85.9463 2.19
    endloop
  endfacet
  facet normal 0 0 -1
    outer loop
      vertex 17.5357 75.9122 2.19
      vertex 20.75 81.35 2.19
      vertex 18 76.1538 2.19
    endloop
  endfacet
  facet normal 0 0 -1
    outer loop
      vertex 20.7586 81.5461 2.19
      vertex 18 86.5462 2.19
      vertex 18.4415 86.2649 2.19
    endloop
  endfacet
  facet normal 0 0 -1
    outer loop
      vertex 17.0521 75.7118 2.19
      vertex 20.75 81.35 2.19
      vertex 17.5357 75.9122 2.19
    endloop
  endfacet
  facet normal 0 0 -1
    outer loop
      vertex 20.75 81.35 2.19
      vertex 17.5357 86.7878 2.19
      vertex 18 86.5462 2.19
    endloop
  endfacet
  facet normal 0 0 -1
    outer loop
      vertex 16.5529 75.5544 2.19
      vertex 20.75 81.35 2.19
      vertex 17.0521 75.7118 2.19
    endloop
  endfacet
  facet normal 0 0 -1
    outer loop
      vertex 20.75 81.35 2.19
      vertex 17.0521 86.9882 2.19
      vertex 17.5357 86.7878 2.19
    endloop
  endfacet
  facet normal 0 0 -1
    outer loop
      vertex 16.0419 75.4412 2.19
      vertex 20.75 81.35 2.19
      vertex 16.5529 75.5544 2.19
    endloop
  endfacet
  facet normal 0 0 -1
    outer loop
      vertex 20.75 81.35 2.19
      vertex 16.5529 87.1456 2.19
      vertex 17.0521 86.9882 2.19
    endloop
  endfacet
  facet normal 0 0 -1
    outer loop
      vertex 15.5229 75.3728 2.19
      vertex 20.75 81.35 2.19
      vertex 16.0419 75.4412 2.19
    endloop
  endfacet
  facet normal 0 0 -1
    outer loop
      vertex 20.75 81.35 2.19
      vertex 16.0419 87.2589 2.19
      vertex 16.5529 87.1456 2.19
    endloop
  endfacet
  facet normal 0 0 -1
    outer loop
      vertex 15 75.35 2.19
      vertex 20.75 81.35 2.19
      vertex 15.5229 75.3728 2.19
    endloop
  endfacet
  facet normal 0 0 -1
    outer loop
      vertex 20.75 81.35 2.19
      vertex 15.5229 87.3272 2.19
      vertex 16.0419 87.2589 2.19
    endloop
  endfacet
  facet normal 0 0 -1
    outer loop
      vertex 14.4771 75.3728 2.19
      vertex 20.75 81.35 2.19
      vertex 15 75.35 2.19
    endloop
  endfacet
  facet normal 0 0 -1
    outer loop
      vertex 20.75 81.35 2.19
      vertex 15 87.35 2.19
      vertex 15.5229 87.3272 2.19
    endloop
  endfacet
  facet normal 0 0 -1
    outer loop
      vertex 13.9581 75.4412 2.19
      vertex 20.75 81.35 2.19
      vertex 14.4771 75.3728 2.19
    endloop
  endfacet
  facet normal 0 0 -1
    outer loop
      vertex 20.75 81.35 2.19
      vertex 14.4771 87.3272 2.19
      vertex 15 87.35 2.19
    endloop
  endfacet
  facet normal 0 0 -1
    outer loop
      vertex 13.4471 75.5544 2.19
      vertex 20.75 81.35 2.19
      vertex 13.9581 75.4412 2.19
    endloop
  endfacet
  facet normal 0 0 -1
    outer loop
      vertex 20.75 81.35 2.19
      vertex 13.9581 87.2589 2.19
      vertex 14.4771 87.3272 2.19
    endloop
  endfacet
  facet normal 0 0 -1
    outer loop
      vertex 12.9479 75.7118 2.19
      vertex 20.75 81.35 2.19
      vertex 13.4471 75.5544 2.19
    endloop
  endfacet
  facet normal 0 0 -1
    outer loop
      vertex 20.75 81.35 2.19
      vertex 13.4471 87.1456 2.19
      vertex 13.9581 87.2589 2.19
    endloop
  endfacet
  facet normal 0 0 -1
    outer loop
      vertex 12.4643 75.9122 2.19
      vertex 20.75 81.35 2.19
      vertex 12.9479 75.7118 2.19
    endloop
  endfacet
  facet normal 0 0 -1
    outer loop
      vertex 20.75 81.35 2.19
      vertex 12.9479 86.9882 2.19
      vertex 13.4471 87.1456 2.19
    endloop
  endfacet
  facet normal 0 0 -1
    outer loop
      vertex 12 76.1538 2.19
      vertex 20.75 81.35 2.19
      vertex 12.4643 75.9122 2.19
    endloop
  endfacet
  facet normal 0 0 -1
    outer loop
      vertex 20.75 81.35 2.19
      vertex 12.4643 86.7878 2.19
      vertex 12.9479 86.9882 2.19
    endloop
  endfacet
  facet normal 0 0 -1
    outer loop
      vertex 11.5585 76.4351 2.19
      vertex 20.75 81.35 2.19
      vertex 12 76.1538 2.19
    endloop
  endfacet
  facet normal 0 0 -1
    outer loop
      vertex 20.75 81.35 2.19
      vertex 12 86.5462 2.19
      vertex 12.4643 86.7878 2.19
    endloop
  endfacet
  facet normal 0 0 -1
    outer loop
      vertex 11.1433 76.7537 2.19
      vertex 20.75 81.35 2.19
      vertex 11.5585 76.4351 2.19
    endloop
  endfacet
  facet normal 0 0 -1
    outer loop
      vertex 20.75 81.35 2.19
      vertex 11.5585 86.2649 2.19
      vertex 12 86.5462 2.19
    endloop
  endfacet
  facet normal 0 0 -1
    outer loop
      vertex 10.7574 77.1074 2.19
      vertex 20.75 81.35 2.19
      vertex 11.1433 76.7537 2.19
    endloop
  endfacet
  facet normal 0 0 -1
    outer loop
      vertex 20.75 81.35 2.19
      vertex 11.1433 85.9463 2.19
      vertex 11.5585 86.2649 2.19
    endloop
  endfacet
  facet normal 0 0 -1
    outer loop
      vertex 10.4037 77.4933 2.19
      vertex 20.75 81.35 2.19
      vertex 10.7574 77.1074 2.19
    endloop
  endfacet
  facet normal 0 0 -1
    outer loop
      vertex 20.75 81.35 2.19
      vertex 10.7574 85.5926 2.19
      vertex 11.1433 85.9463 2.19
    endloop
  endfacet
  facet normal 0 0 -1
    outer loop
      vertex 10.0851 77.9085 2.19
      vertex 20.75 81.35 2.19
      vertex 10.4037 77.4933 2.19
    endloop
  endfacet
  facet normal 0 0 -1
    outer loop
      vertex 20.75 81.35 2.19
      vertex 10.4037 85.2067 2.19
      vertex 10.7574 85.5926 2.19
    endloop
  endfacet
  facet normal 0 0 -1
    outer loop
      vertex 9.80385 78.35 2.19
      vertex 20.75 81.35 2.19
      vertex 10.0851 77.9085 2.19
    endloop
  endfacet
  facet normal 0 0 -1
    outer loop
      vertex 20.75 81.35 2.19
      vertex 10.0851 84.7915 2.19
      vertex 10.4037 85.2067 2.19
    endloop
  endfacet
  facet normal 0 0 -1
    outer loop
      vertex 9.56215 78.8143 2.19
      vertex 20.75 81.35 2.19
      vertex 9.80385 78.35 2.19
    endloop
  endfacet
  facet normal 0 0 -1
    outer loop
      vertex 20.75 81.35 2.19
      vertex 9.80385 84.35 2.19
      vertex 10.0851 84.7915 2.19
    endloop
  endfacet
  facet normal 0 0 -1
    outer loop
      vertex 9.56215 83.8857 2.19
      vertex 20.75 81.35 2.19
      vertex 9.56215 78.8143 2.19
    endloop
  endfacet
  facet normal 0 0 -1
    outer loop
      vertex 20.75 81.35 2.19
      vertex 9.56215 83.8857 2.19
      vertex 9.80385 84.35 2.19
    endloop
  endfacet
  facet normal 0 0 -1
    outer loop
      vertex 9.36184 79.2979 2.19
      vertex 9.56215 83.8857 2.19
      vertex 9.56215 78.8143 2.19
    endloop
  endfacet
  facet normal 0 0 -1
    outer loop
      vertex 9.36184 79.2979 2.19
      vertex 9.36184 83.4021 2.19
      vertex 9.56215 83.8857 2.19
    endloop
  endfacet
  facet normal 0 0 -1
    outer loop
      vertex 9.20444 79.7971 2.19
      vertex 9.36184 83.4021 2.19
      vertex 9.36184 79.2979 2.19
    endloop
  endfacet
  facet normal 0 0 -1
    outer loop
      vertex 9.20444 79.7971 2.19
      vertex 9.20444 82.9029 2.19
      vertex 9.36184 83.4021 2.19
    endloop
  endfacet
  facet normal 0 0 -1
    outer loop
      vertex 9.09115 80.3081 2.19
      vertex 9.20444 82.9029 2.19
      vertex 9.20444 79.7971 2.19
    endloop
  endfacet
  facet normal 0 0 -1
    outer loop
      vertex 9.09115 80.3081 2.19
      vertex 9.09115 82.3919 2.19
      vertex 9.20444 82.9029 2.19
    endloop
  endfacet
  facet normal 0 0 -1
    outer loop
      vertex 9.02283 80.8271 2.19
      vertex 9.09115 82.3919 2.19
      vertex 9.09115 80.3081 2.19
    endloop
  endfacet
  facet normal 0 0 -1
    outer loop
      vertex 9.02283 80.8271 2.19
      vertex 9.02283 81.8729 2.19
      vertex 9.09115 82.3919 2.19
    endloop
  endfacet
  facet normal 0 -0 -1
    outer loop
      vertex 9.02283 81.8729 2.19
      vertex 9.02283 80.8271 2.19
      vertex 9 81.35 2.19
    endloop
  endfacet
  facet normal 0.0435616 0.999051 -0
    outer loop
      vertex 15 75.35 0
      vertex 14.4771 75.3728 2.19
      vertex 15 75.35 2.19
    endloop
  endfacet
  facet normal 0.0435616 0.999051 0
    outer loop
      vertex 14.4771 75.3728 2.19
      vertex 15 75.35 0
      vertex 14.4771 75.3728 0
    endloop
  endfacet
  facet normal -0.953715 -0.300711 0
    outer loop
      vertex 20.7956 82.9029 0
      vertex 20.6382 83.4021 2.19
      vertex 20.6382 83.4021 0
    endloop
  endfacet
  facet normal -0.953715 -0.300711 0
    outer loop
      vertex 20.6382 83.4021 2.19
      vertex 20.7956 82.9029 0
      vertex 20.7956 82.9029 2.19
    endloop
  endfacet
  facet normal -0.887089 0.461599 0
    outer loop
      vertex 20.1962 78.35 0
      vertex 20.4378 78.8143 2.19
      vertex 20.4378 78.8143 0
    endloop
  endfacet
  facet normal -0.887089 0.461599 0
    outer loop
      vertex 20.4378 78.8143 2.19
      vertex 20.1962 78.35 0
      vertex 20.1962 78.35 2.19
    endloop
  endfacet
  facet normal 0.737194 0.675681 0
    outer loop
      vertex 10.7574 77.1074 2.19
      vertex 10.4037 77.4933 0
      vertex 10.4037 77.4933 2.19
    endloop
  endfacet
  facet normal 0.737194 0.675681 0
    outer loop
      vertex 10.4037 77.4933 0
      vertex 10.7574 77.1074 2.19
      vertex 10.7574 77.1074 0
    endloop
  endfacet
  facet normal 0.537345 0.843362 -0
    outer loop
      vertex 12 76.1538 0
      vertex 11.5585 76.4351 2.19
      vertex 12 76.1538 2.19
    endloop
  endfacet
  facet normal 0.537345 0.843362 0
    outer loop
      vertex 11.5585 76.4351 2.19
      vertex 12 76.1538 0
      vertex 11.5585 76.4351 0
    endloop
  endfacet
  facet normal -0.991391 0.130938 0
    outer loop
      vertex 20.9088 80.3081 0
      vertex 20.9305 80.4724 2.19
      vertex 20.9305 80.4724 0
    endloop
  endfacet
  facet normal -0.991391 0.130938 0
    outer loop
      vertex 20.9305 80.4724 2.19
      vertex 20.9088 80.3081 0
      vertex 20.9088 80.3081 2.19
    endloop
  endfacet
  facet normal -0.461599 -0.887089 0
    outer loop
      vertex 17.5357 86.7878 0
      vertex 18 86.5462 2.19
      vertex 17.5357 86.7878 2.19
    endloop
  endfacet
  facet normal -0.461599 -0.887089 -0
    outer loop
      vertex 18 86.5462 2.19
      vertex 17.5357 86.7878 0
      vertex 18 86.5462 0
    endloop
  endfacet
  facet normal 0.991447 -0.130512 0
    outer loop
      vertex 9.02283 81.8729 2.19
      vertex 9.09115 82.3919 0
      vertex 9.09115 82.3919 2.19
    endloop
  endfacet
  facet normal 0.991447 -0.130512 0
    outer loop
      vertex 9.09115 82.3919 0
      vertex 9.02283 81.8729 2.19
      vertex 9.02283 81.8729 0
    endloop
  endfacet
  facet normal 0.88701 -0.46175 0
    outer loop
      vertex 9.56215 83.8857 2.19
      vertex 9.80385 84.35 0
      vertex 9.80385 84.35 2.19
    endloop
  endfacet
  facet normal 0.88701 -0.46175 0
    outer loop
      vertex 9.80385 84.35 0
      vertex 9.56215 83.8857 2.19
      vertex 9.56215 83.8857 0
    endloop
  endfacet
  facet normal -0.608768 -0.793348 0
    outer loop
      vertex 18.4415 86.2649 0
      vertex 18.8567 85.9463 2.19
      vertex 18.4415 86.2649 2.19
    endloop
  endfacet
  facet normal -0.608768 -0.793348 -0
    outer loop
      vertex 18.8567 85.9463 2.19
      vertex 18.4415 86.2649 0
      vertex 18.8567 85.9463 0
    endloop
  endfacet
  facet normal 0.130474 -0.991452 0
    outer loop
      vertex 13.9581 87.2589 0
      vertex 14.4771 87.3272 2.19
      vertex 13.9581 87.2589 2.19
    endloop
  endfacet
  facet normal 0.130474 -0.991452 0
    outer loop
      vertex 14.4771 87.3272 2.19
      vertex 13.9581 87.2589 0
      vertex 14.4771 87.3272 0
    endloop
  endfacet
  facet normal 0.537345 -0.843362 0
    outer loop
      vertex 11.5585 86.2649 0
      vertex 12 86.5462 2.19
      vertex 11.5585 86.2649 2.19
    endloop
  endfacet
  facet normal 0.537345 -0.843362 0
    outer loop
      vertex 12 86.5462 2.19
      vertex 11.5585 86.2649 0
      vertex 12 86.5462 0
    endloop
  endfacet
  facet normal -0.461599 0.887089 0
    outer loop
      vertex 18 76.1538 0
      vertex 17.5357 75.9122 2.19
      vertex 18 76.1538 2.19
    endloop
  endfacet
  facet normal -0.461599 0.887089 0
    outer loop
      vertex 17.5357 75.9122 2.19
      vertex 18 76.1538 0
      vertex 17.5357 75.9122 0
    endloop
  endfacet
  facet normal 0.0435616 -0.999051 0
    outer loop
      vertex 14.4771 87.3272 0
      vertex 15 87.35 2.19
      vertex 14.4771 87.3272 2.19
    endloop
  endfacet
  facet normal 0.0435616 -0.999051 0
    outer loop
      vertex 15 87.35 2.19
      vertex 14.4771 87.3272 0
      vertex 15 87.35 0
    endloop
  endfacet
  facet normal -0.923821 0.382824 0
    outer loop
      vertex 20.4378 78.8143 0
      vertex 20.6382 79.2979 2.19
      vertex 20.6382 79.2979 0
    endloop
  endfacet
  facet normal -0.923821 0.382824 0
    outer loop
      vertex 20.6382 79.2979 2.19
      vertex 20.4378 78.8143 0
      vertex 20.4378 78.8143 2.19
    endloop
  endfacet
  facet normal -0.382824 -0.923821 0
    outer loop
      vertex 17.0521 86.9882 0
      vertex 17.5357 86.7878 2.19
      vertex 17.0521 86.9882 2.19
    endloop
  endfacet
  facet normal -0.382824 -0.923821 -0
    outer loop
      vertex 17.5357 86.7878 2.19
      vertex 17.0521 86.9882 0
      vertex 17.5357 86.7878 0
    endloop
  endfacet
  facet normal -0.537345 -0.843362 0
    outer loop
      vertex 18 86.5462 0
      vertex 18.4415 86.2649 2.19
      vertex 18 86.5462 2.19
    endloop
  endfacet
  facet normal -0.537345 -0.843362 -0
    outer loop
      vertex 18.4415 86.2649 2.19
      vertex 18 86.5462 0
      vertex 18.4415 86.2649 0
    endloop
  endfacet
  facet normal -0.675681 0.737194 0
    outer loop
      vertex 19.2426 77.1074 0
      vertex 18.8567 76.7537 2.19
      vertex 19.2426 77.1074 2.19
    endloop
  endfacet
  facet normal -0.675681 0.737194 0
    outer loop
      vertex 18.8567 76.7537 2.19
      vertex 19.2426 77.1074 0
      vertex 18.8567 76.7537 0
    endloop
  endfacet
  facet normal -0.0435616 -0.999051 0
    outer loop
      vertex 15 87.35 0
      vertex 15.5229 87.3272 2.19
      vertex 15 87.35 2.19
    endloop
  endfacet
  facet normal -0.0435616 -0.999051 -0
    outer loop
      vertex 15.5229 87.3272 2.19
      vertex 15 87.35 0
      vertex 15.5229 87.3272 0
    endloop
  endfacet
  facet normal 0.923882 0.382677 0
    outer loop
      vertex 9.56215 78.8143 2.19
      vertex 9.36184 79.2979 0
      vertex 9.36184 79.2979 2.19
    endloop
  endfacet
  facet normal 0.923882 0.382677 0
    outer loop
      vertex 9.36184 79.2979 0
      vertex 9.56215 78.8143 2.19
      vertex 9.56215 78.8143 0
    endloop
  endfacet
  facet normal 0.953715 -0.300711 0
    outer loop
      vertex 9.20444 82.9029 2.19
      vertex 9.36184 83.4021 0
      vertex 9.36184 83.4021 2.19
    endloop
  endfacet
  facet normal 0.953715 -0.300711 0
    outer loop
      vertex 9.36184 83.4021 0
      vertex 9.20444 82.9029 2.19
      vertex 9.20444 82.9029 0
    endloop
  endfacet
  facet normal 0.999048 0.0436188 0
    outer loop
      vertex 9.02283 80.8271 2.19
      vertex 9 81.35 0
      vertex 9 81.35 2.19
    endloop
  endfacet
  facet normal 0.999048 0.0436188 0
    outer loop
      vertex 9 81.35 0
      vertex 9.02283 80.8271 2.19
      vertex 9.02283 80.8271 0
    endloop
  endfacet
  facet normal 0.461599 -0.887089 0
    outer loop
      vertex 12 86.5462 0
      vertex 12.4643 86.7878 2.19
      vertex 12 86.5462 2.19
    endloop
  endfacet
  facet normal 0.461599 -0.887089 0
    outer loop
      vertex 12.4643 86.7878 2.19
      vertex 12 86.5462 0
      vertex 12.4643 86.7878 0
    endloop
  endfacet
  facet normal -0.300711 -0.953715 0
    outer loop
      vertex 16.5529 87.1456 0
      vertex 17.0521 86.9882 2.19
      vertex 16.5529 87.1456 2.19
    endloop
  endfacet
  facet normal -0.300711 -0.953715 -0
    outer loop
      vertex 17.0521 86.9882 2.19
      vertex 16.5529 87.1456 0
      vertex 17.0521 86.9882 0
    endloop
  endfacet
  facet normal 0.216465 -0.97629 0
    outer loop
      vertex 13.4471 87.1456 0
      vertex 13.9581 87.2589 2.19
      vertex 13.4471 87.1456 2.19
    endloop
  endfacet
  facet normal 0.216465 -0.97629 0
    outer loop
      vertex 13.9581 87.2589 2.19
      vertex 13.4471 87.1456 0
      vertex 13.9581 87.2589 0
    endloop
  endfacet
  facet normal -0.537345 0.843362 0
    outer loop
      vertex 18.4415 76.4351 0
      vertex 18 76.1538 2.19
      vertex 18.4415 76.4351 2.19
    endloop
  endfacet
  facet normal -0.537345 0.843362 0
    outer loop
      vertex 18 76.1538 2.19
      vertex 18.4415 76.4351 0
      vertex 18 76.1538 0
    endloop
  endfacet
  facet normal -0.737194 0.675681 0
    outer loop
      vertex 19.2426 77.1074 0
      vertex 19.5963 77.4933 2.19
      vertex 19.5963 77.4933 0
    endloop
  endfacet
  facet normal -0.737194 0.675681 0
    outer loop
      vertex 19.5963 77.4933 2.19
      vertex 19.2426 77.1074 0
      vertex 19.2426 77.1074 2.19
    endloop
  endfacet
  facet normal 0.999048 -0.0436188 0
    outer loop
      vertex 9 81.35 2.19
      vertex 9.02283 81.8729 0
      vertex 9.02283 81.8729 2.19
    endloop
  endfacet
  facet normal 0.999048 -0.0436188 0
    outer loop
      vertex 9.02283 81.8729 0
      vertex 9 81.35 2.19
      vertex 9 81.35 0
    endloop
  endfacet
  facet normal 0.675681 -0.737194 0
    outer loop
      vertex 10.7574 85.5926 0
      vertex 11.1433 85.9463 2.19
      vertex 10.7574 85.5926 2.19
    endloop
  endfacet
  facet normal 0.675681 -0.737194 0
    outer loop
      vertex 11.1433 85.9463 2.19
      vertex 10.7574 85.5926 0
      vertex 11.1433 85.9463 0
    endloop
  endfacet
  facet normal 0.300711 -0.953715 0
    outer loop
      vertex 12.9479 86.9882 0
      vertex 13.4471 87.1456 2.19
      vertex 12.9479 86.9882 2.19
    endloop
  endfacet
  facet normal 0.300711 -0.953715 0
    outer loop
      vertex 13.4471 87.1456 2.19
      vertex 12.9479 86.9882 0
      vertex 13.4471 87.1456 0
    endloop
  endfacet
  facet normal -0.382824 0.923821 0
    outer loop
      vertex 17.5357 75.9122 0
      vertex 17.0521 75.7118 2.19
      vertex 17.5357 75.9122 2.19
    endloop
  endfacet
  facet normal -0.382824 0.923821 0
    outer loop
      vertex 17.0521 75.7118 2.19
      vertex 17.5357 75.9122 0
      vertex 17.0521 75.7118 0
    endloop
  endfacet
  facet normal -0.0435616 0.999051 0
    outer loop
      vertex 15.5229 75.3728 0
      vertex 15 75.35 2.19
      vertex 15.5229 75.3728 2.19
    endloop
  endfacet
  facet normal -0.0435616 0.999051 0
    outer loop
      vertex 15 75.35 2.19
      vertex 15.5229 75.3728 0
      vertex 15 75.35 0
    endloop
  endfacet
  facet normal -0.887089 -0.461599 0
    outer loop
      vertex 20.4378 83.8857 0
      vertex 20.1962 84.35 2.19
      vertex 20.1962 84.35 0
    endloop
  endfacet
  facet normal -0.887089 -0.461599 0
    outer loop
      vertex 20.1962 84.35 2.19
      vertex 20.4378 83.8857 0
      vertex 20.4378 83.8857 2.19
    endloop
  endfacet
  facet normal -0.976331 0.216283 0
    outer loop
      vertex 20.7956 79.7971 0
      vertex 20.9088 80.3081 2.19
      vertex 20.9088 80.3081 0
    endloop
  endfacet
  facet normal -0.976331 0.216283 0
    outer loop
      vertex 20.9088 80.3081 2.19
      vertex 20.7956 79.7971 0
      vertex 20.7956 79.7971 2.19
    endloop
  endfacet
  facet normal -0.843362 -0.537345 0
    outer loop
      vertex 20.1962 84.35 0
      vertex 19.9149 84.7915 2.19
      vertex 19.9149 84.7915 0
    endloop
  endfacet
  facet normal -0.843362 -0.537345 0
    outer loop
      vertex 19.9149 84.7915 2.19
      vertex 20.1962 84.35 0
      vertex 20.1962 84.35 2.19
    endloop
  endfacet
  facet normal -0.130474 -0.991452 0
    outer loop
      vertex 15.5229 87.3272 0
      vertex 16.0419 87.2589 2.19
      vertex 15.5229 87.3272 2.19
    endloop
  endfacet
  facet normal -0.130474 -0.991452 -0
    outer loop
      vertex 16.0419 87.2589 2.19
      vertex 15.5229 87.3272 0
      vertex 16.0419 87.2589 0
    endloop
  endfacet
  facet normal -0.675681 -0.737194 0
    outer loop
      vertex 18.8567 85.9463 0
      vertex 19.2426 85.5926 2.19
      vertex 18.8567 85.9463 2.19
    endloop
  endfacet
  facet normal -0.675681 -0.737194 -0
    outer loop
      vertex 19.2426 85.5926 2.19
      vertex 18.8567 85.9463 0
      vertex 19.2426 85.5926 0
    endloop
  endfacet
  facet normal -0.953715 0.300711 0
    outer loop
      vertex 20.6382 79.2979 0
      vertex 20.7956 79.7971 2.19
      vertex 20.7956 79.7971 0
    endloop
  endfacet
  facet normal -0.953715 0.300711 0
    outer loop
      vertex 20.7956 79.7971 2.19
      vertex 20.6382 79.2979 0
      vertex 20.6382 79.2979 2.19
    endloop
  endfacet
  facet normal 0.737194 -0.675681 0
    outer loop
      vertex 10.4037 85.2067 2.19
      vertex 10.7574 85.5926 0
      vertex 10.7574 85.5926 2.19
    endloop
  endfacet
  facet normal 0.737194 -0.675681 0
    outer loop
      vertex 10.7574 85.5926 0
      vertex 10.4037 85.2067 2.19
      vertex 10.4037 85.2067 0
    endloop
  endfacet
  facet normal 0.793348 -0.608768 0
    outer loop
      vertex 10.0851 84.7915 2.19
      vertex 10.4037 85.2067 0
      vertex 10.4037 85.2067 2.19
    endloop
  endfacet
  facet normal 0.793348 -0.608768 0
    outer loop
      vertex 10.4037 85.2067 0
      vertex 10.0851 84.7915 2.19
      vertex 10.0851 84.7915 0
    endloop
  endfacet
  facet normal -0.216283 0.976331 0
    outer loop
      vertex 16.5529 75.5544 0
      vertex 16.0419 75.4412 2.19
      vertex 16.5529 75.5544 2.19
    endloop
  endfacet
  facet normal -0.216283 0.976331 0
    outer loop
      vertex 16.0419 75.4412 2.19
      vertex 16.5529 75.5544 0
      vertex 16.0419 75.4412 0
    endloop
  endfacet
  facet normal 0.382824 -0.923821 0
    outer loop
      vertex 12.4643 86.7878 0
      vertex 12.9479 86.9882 2.19
      vertex 12.4643 86.7878 2.19
    endloop
  endfacet
  facet normal 0.382824 -0.923821 0
    outer loop
      vertex 12.9479 86.9882 2.19
      vertex 12.4643 86.7878 0
      vertex 12.9479 86.9882 0
    endloop
  endfacet
  facet normal -0.130662 0.991427 0
    outer loop
      vertex 16.0419 75.4412 0
      vertex 15.5229 75.3728 2.19
      vertex 16.0419 75.4412 2.19
    endloop
  endfacet
  facet normal -0.130662 0.991427 0
    outer loop
      vertex 15.5229 75.3728 2.19
      vertex 16.0419 75.4412 0
      vertex 15.5229 75.3728 0
    endloop
  endfacet
  facet normal 0.300711 0.953715 -0
    outer loop
      vertex 13.4471 75.5544 0
      vertex 12.9479 75.7118 2.19
      vertex 13.4471 75.5544 2.19
    endloop
  endfacet
  facet normal 0.300711 0.953715 0
    outer loop
      vertex 12.9479 75.7118 2.19
      vertex 13.4471 75.5544 0
      vertex 12.9479 75.7118 0
    endloop
  endfacet
  facet normal 0.991447 0.130512 0
    outer loop
      vertex 9.09115 80.3081 2.19
      vertex 9.02283 80.8271 0
      vertex 9.02283 80.8271 2.19
    endloop
  endfacet
  facet normal 0.991447 0.130512 0
    outer loop
      vertex 9.02283 80.8271 0
      vertex 9.09115 80.3081 2.19
      vertex 9.09115 80.3081 0
    endloop
  endfacet
  facet normal 0.88701 0.46175 0
    outer loop
      vertex 9.80385 78.35 2.19
      vertex 9.56215 78.8143 0
      vertex 9.56215 78.8143 2.19
    endloop
  endfacet
  facet normal 0.88701 0.46175 0
    outer loop
      vertex 9.56215 78.8143 0
      vertex 9.80385 78.35 2.19
      vertex 9.80385 78.35 0
    endloop
  endfacet
  facet normal -0.843362 0.537345 0
    outer loop
      vertex 19.9149 77.9085 0
      vertex 20.1962 78.35 2.19
      vertex 20.1962 78.35 0
    endloop
  endfacet
  facet normal -0.843362 0.537345 0
    outer loop
      vertex 20.1962 78.35 2.19
      vertex 19.9149 77.9085 0
      vertex 19.9149 77.9085 2.19
    endloop
  endfacet
  facet normal 0.608768 0.793348 -0
    outer loop
      vertex 11.5585 76.4351 0
      vertex 11.1433 76.7537 2.19
      vertex 11.5585 76.4351 2.19
    endloop
  endfacet
  facet normal 0.608768 0.793348 0
    outer loop
      vertex 11.1433 76.7537 2.19
      vertex 11.5585 76.4351 0
      vertex 11.1433 76.7537 0
    endloop
  endfacet
  facet normal 0.130662 0.991427 -0
    outer loop
      vertex 14.4771 75.3728 0
      vertex 13.9581 75.4412 2.19
      vertex 14.4771 75.3728 2.19
    endloop
  endfacet
  facet normal 0.130662 0.991427 0
    outer loop
      vertex 13.9581 75.4412 2.19
      vertex 14.4771 75.3728 0
      vertex 13.9581 75.4412 0
    endloop
  endfacet
  facet normal 0.793348 0.608768 0
    outer loop
      vertex 10.4037 77.4933 2.19
      vertex 10.0851 77.9085 0
      vertex 10.0851 77.9085 2.19
    endloop
  endfacet
  facet normal 0.793348 0.608768 0
    outer loop
      vertex 10.0851 77.9085 0
      vertex 10.4037 77.4933 2.19
      vertex 10.4037 77.4933 0
    endloop
  endfacet
  facet normal 0.461599 0.887089 -0
    outer loop
      vertex 12.4643 75.9122 0
      vertex 12 76.1538 2.19
      vertex 12.4643 75.9122 2.19
    endloop
  endfacet
  facet normal 0.461599 0.887089 0
    outer loop
      vertex 12 76.1538 2.19
      vertex 12.4643 75.9122 0
      vertex 12 76.1538 0
    endloop
  endfacet
  facet normal 0.843406 -0.537277 0
    outer loop
      vertex 9.80385 84.35 2.19
      vertex 10.0851 84.7915 0
      vertex 10.0851 84.7915 2.19
    endloop
  endfacet
  facet normal 0.843406 -0.537277 0
    outer loop
      vertex 10.0851 84.7915 0
      vertex 9.80385 84.35 2.19
      vertex 9.80385 84.35 0
    endloop
  endfacet
  facet normal -0.737194 -0.675681 0
    outer loop
      vertex 19.5963 85.2067 0
      vertex 19.2426 85.5926 2.19
      vertex 19.2426 85.5926 0
    endloop
  endfacet
  facet normal -0.737194 -0.675681 0
    outer loop
      vertex 19.2426 85.5926 2.19
      vertex 19.5963 85.2067 0
      vertex 19.5963 85.2067 2.19
    endloop
  endfacet
  facet normal 0.923882 -0.382677 0
    outer loop
      vertex 9.36184 83.4021 2.19
      vertex 9.56215 83.8857 0
      vertex 9.56215 83.8857 2.19
    endloop
  endfacet
  facet normal 0.923882 -0.382677 0
    outer loop
      vertex 9.56215 83.8857 0
      vertex 9.36184 83.4021 2.19
      vertex 9.36184 83.4021 0
    endloop
  endfacet
  facet normal 0.843406 0.537277 0
    outer loop
      vertex 10.0851 77.9085 2.19
      vertex 9.80385 78.35 0
      vertex 9.80385 78.35 2.19
    endloop
  endfacet
  facet normal 0.843406 0.537277 0
    outer loop
      vertex 9.80385 78.35 0
      vertex 10.0851 77.9085 2.19
      vertex 10.0851 77.9085 0
    endloop
  endfacet
  facet normal 0.976294 0.216447 0
    outer loop
      vertex 9.20444 79.7971 2.19
      vertex 9.09115 80.3081 0
      vertex 9.09115 80.3081 2.19
    endloop
  endfacet
  facet normal 0.976294 0.216447 0
    outer loop
      vertex 9.09115 80.3081 0
      vertex 9.20444 79.7971 2.19
      vertex 9.20444 79.7971 0
    endloop
  endfacet
  facet normal 0.608768 -0.793348 0
    outer loop
      vertex 11.1433 85.9463 0
      vertex 11.5585 86.2649 2.19
      vertex 11.1433 85.9463 2.19
    endloop
  endfacet
  facet normal 0.608768 -0.793348 0
    outer loop
      vertex 11.5585 86.2649 2.19
      vertex 11.1433 85.9463 0
      vertex 11.5585 86.2649 0
    endloop
  endfacet
  facet normal -0.216465 -0.97629 0
    outer loop
      vertex 16.0419 87.2589 0
      vertex 16.5529 87.1456 2.19
      vertex 16.0419 87.2589 2.19
    endloop
  endfacet
  facet normal -0.216465 -0.97629 -0
    outer loop
      vertex 16.5529 87.1456 2.19
      vertex 16.0419 87.2589 0
      vertex 16.5529 87.1456 0
    endloop
  endfacet
  facet normal 0.216283 0.976331 -0
    outer loop
      vertex 13.9581 75.4412 0
      vertex 13.4471 75.5544 2.19
      vertex 13.9581 75.4412 2.19
    endloop
  endfacet
  facet normal 0.216283 0.976331 0
    outer loop
      vertex 13.4471 75.5544 2.19
      vertex 13.9581 75.4412 0
      vertex 13.4471 75.5544 0
    endloop
  endfacet
  facet normal 0.675681 0.737194 -0
    outer loop
      vertex 11.1433 76.7537 0
      vertex 10.7574 77.1074 2.19
      vertex 11.1433 76.7537 2.19
    endloop
  endfacet
  facet normal 0.675681 0.737194 0
    outer loop
      vertex 10.7574 77.1074 2.19
      vertex 11.1433 76.7537 0
      vertex 10.7574 77.1074 0
    endloop
  endfacet
  facet normal 0.976294 -0.216447 0
    outer loop
      vertex 9.09115 82.3919 2.19
      vertex 9.20444 82.9029 0
      vertex 9.20444 82.9029 2.19
    endloop
  endfacet
  facet normal 0.976294 -0.216447 0
    outer loop
      vertex 9.20444 82.9029 0
      vertex 9.09115 82.3919 2.19
      vertex 9.09115 82.3919 0
    endloop
  endfacet
  facet normal 0.382824 0.923821 -0
    outer loop
      vertex 12.9479 75.7118 0
      vertex 12.4643 75.9122 2.19
      vertex 12.9479 75.7118 2.19
    endloop
  endfacet
  facet normal 0.382824 0.923821 0
    outer loop
      vertex 12.4643 75.9122 2.19
      vertex 12.9479 75.7118 0
      vertex 12.4643 75.9122 0
    endloop
  endfacet
  facet normal 0.537778 -0.843086 0
    outer loop
      vertex 111.559 -76.4351 0
      vertex 112 -76.1538 2.19
      vertex 111.559 -76.4351 2.19
    endloop
  endfacet
  facet normal 0.537778 -0.843086 0
    outer loop
      vertex 112 -76.1538 2.19
      vertex 111.559 -76.4351 0
      vertex 112 -76.1538 0
    endloop
  endfacet
  facet normal -0.991526 -0.129911 0
    outer loop
      vertex 120.977 -80.8271 0
      vertex 120.909 -80.3081 2.19
      vertex 120.909 -80.3081 0
    endloop
  endfacet
  facet normal -0.991526 -0.129911 0
    outer loop
      vertex 120.909 -80.3081 2.19
      vertex 120.977 -80.8271 0
      vertex 120.977 -80.8271 2.19
    endloop
  endfacet
  facet normal -0.999034 -0.043943 0
    outer loop
      vertex 121 -81.35 0
      vertex 120.977 -80.8271 2.19
      vertex 120.977 -80.8271 0
    endloop
  endfacet
  facet normal -0.999034 -0.043943 0
    outer loop
      vertex 120.977 -80.8271 2.19
      vertex 121 -81.35 0
      vertex 121 -81.35 2.19
    endloop
  endfacet
  facet normal -0.976411 -0.215919 0
    outer loop
      vertex 120.909 -80.3081 0
      vertex 120.796 -79.7971 2.19
      vertex 120.796 -79.7971 0
    endloop
  endfacet
  facet normal -0.976411 -0.215919 0
    outer loop
      vertex 120.796 -79.7971 2.19
      vertex 120.909 -80.3081 0
      vertex 120.909 -80.3081 2.19
    endloop
  endfacet
  facet normal -0.953386 -0.301753 0
    outer loop
      vertex 120.796 -79.7971 0
      vertex 120.638 -79.2979 2.19
      vertex 120.638 -79.2979 0
    endloop
  endfacet
  facet normal -0.953386 -0.301753 0
    outer loop
      vertex 120.638 -79.2979 2.19
      vertex 120.796 -79.7971 0
      vertex 120.796 -79.7971 2.19
    endloop
  endfacet
  facet normal 0.608031 0.793913 -0
    outer loop
      vertex 111.559 -86.2649 0
      vertex 111.143 -85.9463 2.19
      vertex 111.559 -86.2649 2.19
    endloop
  endfacet
  facet normal 0.608031 0.793913 0
    outer loop
      vertex 111.143 -85.9463 2.19
      vertex 111.559 -86.2649 0
      vertex 111.143 -85.9463 0
    endloop
  endfacet
  facet normal -0.886775 0.4622 0
    outer loop
      vertex 120.196 -84.35 0
      vertex 120.438 -83.8857 2.19
      vertex 120.438 -83.8857 0
    endloop
  endfacet
  facet normal -0.886775 0.4622 0
    outer loop
      vertex 120.438 -83.8857 2.19
      vertex 120.196 -84.35 0
      vertex 120.196 -84.35 2.19
    endloop
  endfacet
  facet normal 0.843622 0.536937 0
    outer loop
      vertex 110.085 -84.7915 2.19
      vertex 109.804 -84.35 0
      vertex 109.804 -84.35 2.19
    endloop
  endfacet
  facet normal 0.843622 0.536937 0
    outer loop
      vertex 109.804 -84.35 0
      vertex 110.085 -84.7915 2.19
      vertex 110.085 -84.7915 0
    endloop
  endfacet
  facet normal -0.999034 0.043943 0
    outer loop
      vertex 120.977 -81.8729 0
      vertex 121 -81.35 2.19
      vertex 121 -81.35 0
    endloop
  endfacet
  facet normal -0.999034 0.043943 0
    outer loop
      vertex 121 -81.35 2.19
      vertex 120.977 -81.8729 0
      vertex 120.977 -81.8729 2.19
    endloop
  endfacet
  facet normal 0.382554 -0.923933 0
    outer loop
      vertex 112.464 -75.9122 0
      vertex 112.948 -75.7118 2.19
      vertex 112.464 -75.9122 2.19
    endloop
  endfacet
  facet normal 0.382554 -0.923933 0
    outer loop
      vertex 112.948 -75.7118 2.19
      vertex 112.464 -75.9122 0
      vertex 112.948 -75.7118 0
    endloop
  endfacet
  facet normal 0 0 -1
    outer loop
      vertex 117.25 -81.35 2.19
      vertex 121 -81.35 2.19
      vertex 120.977 -81.8729 2.19
    endloop
  endfacet
  facet normal 0 0 -1
    outer loop
      vertex 117.241 -81.5461 2.19
      vertex 120.977 -81.8729 2.19
      vertex 120.909 -82.3919 2.19
    endloop
  endfacet
  facet normal 0 0 -1
    outer loop
      vertex 121 -81.35 2.19
      vertex 117.25 -81.35 2.19
      vertex 120.977 -80.8271 2.19
    endloop
  endfacet
  facet normal 0 0 -1
    outer loop
      vertex 117.216 -81.7407 2.19
      vertex 120.909 -82.3919 2.19
      vertex 120.796 -82.9029 2.19
    endloop
  endfacet
  facet normal 0 0 -1
    outer loop
      vertex 117.241 -81.1539 2.19
      vertex 120.977 -80.8271 2.19
      vertex 117.25 -81.35 2.19
    endloop
  endfacet
  facet normal 0 0 -1
    outer loop
      vertex 117.173 -81.9323 2.19
      vertex 120.796 -82.9029 2.19
      vertex 120.638 -83.4021 2.19
    endloop
  endfacet
  facet normal -0 0 -1
    outer loop
      vertex 120.977 -80.8271 2.19
      vertex 117.241 -81.1539 2.19
      vertex 120.909 -80.3081 2.19
    endloop
  endfacet
  facet normal 0 0 -1
    outer loop
      vertex 117.114 -82.1195 2.19
      vertex 120.638 -83.4021 2.19
      vertex 120.438 -83.8857 2.19
    endloop
  endfacet
  facet normal 0 0 -1
    outer loop
      vertex 117.216 -80.9593 2.19
      vertex 120.909 -80.3081 2.19
      vertex 117.241 -81.1539 2.19
    endloop
  endfacet
  facet normal 0 0 -1
    outer loop
      vertex 117.039 -82.3009 2.19
      vertex 120.438 -83.8857 2.19
      vertex 120.196 -84.35 2.19
    endloop
  endfacet
  facet normal -0 0 -1
    outer loop
      vertex 120.909 -80.3081 2.19
      vertex 117.216 -80.9593 2.19
      vertex 120.796 -79.7971 2.19
    endloop
  endfacet
  facet normal 0 0 -1
    outer loop
      vertex 116.949 -82.475 2.19
      vertex 120.196 -84.35 2.19
      vertex 119.915 -84.7915 2.19
    endloop
  endfacet
  facet normal 0 0 -1
    outer loop
      vertex 117.173 -80.7677 2.19
      vertex 120.796 -79.7971 2.19
      vertex 117.216 -80.9593 2.19
    endloop
  endfacet
  facet normal 0 0 -1
    outer loop
      vertex 116.843 -82.6405 2.19
      vertex 119.915 -84.7915 2.19
      vertex 119.596 -85.2067 2.19
    endloop
  endfacet
  facet normal -0 0 -1
    outer loop
      vertex 120.796 -79.7971 2.19
      vertex 117.173 -80.7677 2.19
      vertex 120.638 -79.2979 2.19
    endloop
  endfacet
  facet normal 0 0 -1
    outer loop
      vertex 116.724 -82.7963 2.19
      vertex 119.596 -85.2067 2.19
      vertex 119.243 -85.5926 2.19
    endloop
  endfacet
  facet normal 0 0 -1
    outer loop
      vertex 117.114 -80.5805 2.19
      vertex 120.638 -79.2979 2.19
      vertex 117.173 -80.7677 2.19
    endloop
  endfacet
  facet normal 0 0 -1
    outer loop
      vertex 116.591 -82.941 2.19
      vertex 119.243 -85.5926 2.19
      vertex 118.857 -85.9463 2.19
    endloop
  endfacet
  facet normal -0 0 -1
    outer loop
      vertex 120.638 -79.2979 2.19
      vertex 117.114 -80.5805 2.19
      vertex 120.438 -78.8143 2.19
    endloop
  endfacet
  facet normal 0 0 -1
    outer loop
      vertex 116.446 -83.0736 2.19
      vertex 118.857 -85.9463 2.19
      vertex 118.441 -86.2649 2.19
    endloop
  endfacet
  facet normal 0 0 -1
    outer loop
      vertex 117.039 -80.3991 2.19
      vertex 120.438 -78.8143 2.19
      vertex 117.114 -80.5805 2.19
    endloop
  endfacet
  facet normal 0 0 -1
    outer loop
      vertex 116.291 -83.1931 2.19
      vertex 118.441 -86.2649 2.19
      vertex 118 -86.5462 2.19
    endloop
  endfacet
  facet normal -0 0 -1
    outer loop
      vertex 120.438 -78.8143 2.19
      vertex 117.039 -80.3991 2.19
      vertex 120.196 -78.35 2.19
    endloop
  endfacet
  facet normal 0 0 -1
    outer loop
      vertex 116.125 -83.2986 2.19
      vertex 118 -86.5462 2.19
      vertex 117.536 -86.7878 2.19
    endloop
  endfacet
  facet normal 0 0 -1
    outer loop
      vertex 116.949 -80.225 2.19
      vertex 120.196 -78.35 2.19
      vertex 117.039 -80.3991 2.19
    endloop
  endfacet
  facet normal -0 0 -1
    outer loop
      vertex 120.196 -78.35 2.19
      vertex 116.949 -80.225 2.19
      vertex 119.915 -77.9085 2.19
    endloop
  endfacet
  facet normal 0 0 -1
    outer loop
      vertex 120.977 -81.8729 2.19
      vertex 117.241 -81.5461 2.19
      vertex 117.25 -81.35 2.19
    endloop
  endfacet
  facet normal 0 0 -1
    outer loop
      vertex 120.909 -82.3919 2.19
      vertex 117.216 -81.7407 2.19
      vertex 117.241 -81.5461 2.19
    endloop
  endfacet
  facet normal 0 0 -1
    outer loop
      vertex 120.796 -82.9029 2.19
      vertex 117.173 -81.9323 2.19
      vertex 117.216 -81.7407 2.19
    endloop
  endfacet
  facet normal 0 0 -1
    outer loop
      vertex 120.638 -83.4021 2.19
      vertex 117.114 -82.1195 2.19
      vertex 117.173 -81.9323 2.19
    endloop
  endfacet
  facet normal 0 0 -1
    outer loop
      vertex 115.951 -83.3892 2.19
      vertex 117.536 -86.7878 2.19
      vertex 117.052 -86.9882 2.19
    endloop
  endfacet
  facet normal 0 0 -1
    outer loop
      vertex 120.438 -83.8857 2.19
      vertex 117.039 -82.3009 2.19
      vertex 117.114 -82.1195 2.19
    endloop
  endfacet
  facet normal 0 0 -1
    outer loop
      vertex 120.196 -84.35 2.19
      vertex 116.949 -82.475 2.19
      vertex 117.039 -82.3009 2.19
    endloop
  endfacet
  facet normal 0 0 -1
    outer loop
      vertex 119.915 -84.7915 2.19
      vertex 116.843 -82.6405 2.19
      vertex 116.949 -82.475 2.19
    endloop
  endfacet
  facet normal 0 0 -1
    outer loop
      vertex 119.596 -85.2067 2.19
      vertex 116.724 -82.7963 2.19
      vertex 116.843 -82.6405 2.19
    endloop
  endfacet
  facet normal 0 0 -1
    outer loop
      vertex 119.243 -85.5926 2.19
      vertex 116.591 -82.941 2.19
      vertex 116.724 -82.7963 2.19
    endloop
  endfacet
  facet normal 0 0 -1
    outer loop
      vertex 115.77 -83.4643 2.19
      vertex 117.052 -86.9882 2.19
      vertex 116.553 -87.1456 2.19
    endloop
  endfacet
  facet normal 0 0 -1
    outer loop
      vertex 118.857 -85.9463 2.19
      vertex 116.446 -83.0736 2.19
      vertex 116.591 -82.941 2.19
    endloop
  endfacet
  facet normal 0 0 -1
    outer loop
      vertex 118.441 -86.2649 2.19
      vertex 116.291 -83.1931 2.19
      vertex 116.446 -83.0736 2.19
    endloop
  endfacet
  facet normal 0 0 -1
    outer loop
      vertex 118 -86.5462 2.19
      vertex 116.125 -83.2986 2.19
      vertex 116.291 -83.1931 2.19
    endloop
  endfacet
  facet normal 0 0 -1
    outer loop
      vertex 115.582 -83.5233 2.19
      vertex 116.553 -87.1456 2.19
      vertex 116.042 -87.2589 2.19
    endloop
  endfacet
  facet normal 0 0 -1
    outer loop
      vertex 117.536 -86.7878 2.19
      vertex 115.951 -83.3892 2.19
      vertex 116.125 -83.2986 2.19
    endloop
  endfacet
  facet normal 0 0 -1
    outer loop
      vertex 117.052 -86.9882 2.19
      vertex 115.77 -83.4643 2.19
      vertex 115.951 -83.3892 2.19
    endloop
  endfacet
  facet normal 0 0 -1
    outer loop
      vertex 116.553 -87.1456 2.19
      vertex 115.582 -83.5233 2.19
      vertex 115.77 -83.4643 2.19
    endloop
  endfacet
  facet normal 0 0 -1
    outer loop
      vertex 115.391 -83.5658 2.19
      vertex 116.042 -87.2589 2.19
      vertex 115.523 -87.3272 2.19
    endloop
  endfacet
  facet normal 0 0 -1
    outer loop
      vertex 116.042 -87.2589 2.19
      vertex 115.391 -83.5658 2.19
      vertex 115.582 -83.5233 2.19
    endloop
  endfacet
  facet normal 0 0 -1
    outer loop
      vertex 115.523 -87.3272 2.19
      vertex 115.196 -83.5914 2.19
      vertex 115.391 -83.5658 2.19
    endloop
  endfacet
  facet normal 0 0 -1
    outer loop
      vertex 115 -87.35 2.19
      vertex 115.196 -83.5914 2.19
      vertex 115.523 -87.3272 2.19
    endloop
  endfacet
  facet normal 0 0 -1
    outer loop
      vertex 115 -87.35 2.19
      vertex 115 -83.6 2.19
      vertex 115.196 -83.5914 2.19
    endloop
  endfacet
  facet normal 0 0 -1
    outer loop
      vertex 115 -87.35 2.19
      vertex 114.804 -83.5914 2.19
      vertex 115 -83.6 2.19
    endloop
  endfacet
  facet normal 0 0 -1
    outer loop
      vertex 114.477 -87.3272 2.19
      vertex 114.804 -83.5914 2.19
      vertex 115 -87.35 2.19
    endloop
  endfacet
  facet normal -0 0 -1
    outer loop
      vertex 114.804 -83.5914 2.19
      vertex 114.477 -87.3272 2.19
      vertex 114.609 -83.5658 2.19
    endloop
  endfacet
  facet normal 0 0 -1
    outer loop
      vertex 113.958 -87.2589 2.19
      vertex 114.609 -83.5658 2.19
      vertex 114.477 -87.3272 2.19
    endloop
  endfacet
  facet normal -0 0 -1
    outer loop
      vertex 114.609 -83.5658 2.19
      vertex 113.958 -87.2589 2.19
      vertex 114.418 -83.5233 2.19
    endloop
  endfacet
  facet normal 0 0 -1
    outer loop
      vertex 113.447 -87.1456 2.19
      vertex 114.418 -83.5233 2.19
      vertex 113.958 -87.2589 2.19
    endloop
  endfacet
  facet normal -0 0 -1
    outer loop
      vertex 114.418 -83.5233 2.19
      vertex 113.447 -87.1456 2.19
      vertex 114.23 -83.4643 2.19
    endloop
  endfacet
  facet normal 0 0 -1
    outer loop
      vertex 112.948 -86.9882 2.19
      vertex 114.23 -83.4643 2.19
      vertex 113.447 -87.1456 2.19
    endloop
  endfacet
  facet normal -0 0 -1
    outer loop
      vertex 114.23 -83.4643 2.19
      vertex 112.948 -86.9882 2.19
      vertex 114.049 -83.3892 2.19
    endloop
  endfacet
  facet normal 0 0 -1
    outer loop
      vertex 112.464 -86.7878 2.19
      vertex 114.049 -83.3892 2.19
      vertex 112.948 -86.9882 2.19
    endloop
  endfacet
  facet normal -0 0 -1
    outer loop
      vertex 114.049 -83.3892 2.19
      vertex 112.464 -86.7878 2.19
      vertex 113.875 -83.2986 2.19
    endloop
  endfacet
  facet normal 0 0 -1
    outer loop
      vertex 112 -86.5462 2.19
      vertex 113.875 -83.2986 2.19
      vertex 112.464 -86.7878 2.19
    endloop
  endfacet
  facet normal -0 0 -1
    outer loop
      vertex 113.875 -83.2986 2.19
      vertex 112 -86.5462 2.19
      vertex 113.709 -83.1931 2.19
    endloop
  endfacet
  facet normal 0 0 -1
    outer loop
      vertex 111.559 -86.2649 2.19
      vertex 113.709 -83.1931 2.19
      vertex 112 -86.5462 2.19
    endloop
  endfacet
  facet normal -0 0 -1
    outer loop
      vertex 113.709 -83.1931 2.19
      vertex 111.559 -86.2649 2.19
      vertex 113.554 -83.0736 2.19
    endloop
  endfacet
  facet normal 0 0 -1
    outer loop
      vertex 111.143 -85.9463 2.19
      vertex 113.554 -83.0736 2.19
      vertex 111.559 -86.2649 2.19
    endloop
  endfacet
  facet normal -0 0 -1
    outer loop
      vertex 113.554 -83.0736 2.19
      vertex 111.143 -85.9463 2.19
      vertex 113.409 -82.941 2.19
    endloop
  endfacet
  facet normal 0 0 -1
    outer loop
      vertex 110.757 -85.5926 2.19
      vertex 113.409 -82.941 2.19
      vertex 111.143 -85.9463 2.19
    endloop
  endfacet
  facet normal -0 0 -1
    outer loop
      vertex 113.409 -82.941 2.19
      vertex 110.757 -85.5926 2.19
      vertex 113.276 -82.7963 2.19
    endloop
  endfacet
  facet normal 0 0 -1
    outer loop
      vertex 110.404 -85.2067 2.19
      vertex 113.276 -82.7963 2.19
      vertex 110.757 -85.5926 2.19
    endloop
  endfacet
  facet normal -0 0 -1
    outer loop
      vertex 113.276 -82.7963 2.19
      vertex 110.404 -85.2067 2.19
      vertex 113.157 -82.6405 2.19
    endloop
  endfacet
  facet normal 0 0 -1
    outer loop
      vertex 110.085 -84.7915 2.19
      vertex 113.157 -82.6405 2.19
      vertex 110.404 -85.2067 2.19
    endloop
  endfacet
  facet normal -0 0 -1
    outer loop
      vertex 113.157 -82.6405 2.19
      vertex 110.085 -84.7915 2.19
      vertex 113.051 -82.475 2.19
    endloop
  endfacet
  facet normal 0 0 -1
    outer loop
      vertex 116.843 -80.0595 2.19
      vertex 119.915 -77.9085 2.19
      vertex 116.949 -80.225 2.19
    endloop
  endfacet
  facet normal -0 0 -1
    outer loop
      vertex 119.915 -77.9085 2.19
      vertex 116.843 -80.0595 2.19
      vertex 119.596 -77.4933 2.19
    endloop
  endfacet
  facet normal 0 0 -1
    outer loop
      vertex 116.724 -79.9037 2.19
      vertex 119.596 -77.4933 2.19
      vertex 116.843 -80.0595 2.19
    endloop
  endfacet
  facet normal -0 0 -1
    outer loop
      vertex 119.596 -77.4933 2.19
      vertex 116.724 -79.9037 2.19
      vertex 119.243 -77.1074 2.19
    endloop
  endfacet
  facet normal 0 0 -1
    outer loop
      vertex 116.591 -79.759 2.19
      vertex 119.243 -77.1074 2.19
      vertex 116.724 -79.9037 2.19
    endloop
  endfacet
  facet normal -0 0 -1
    outer loop
      vertex 119.243 -77.1074 2.19
      vertex 116.591 -79.759 2.19
      vertex 118.857 -76.7537 2.19
    endloop
  endfacet
  facet normal 0 0 -1
    outer loop
      vertex 116.446 -79.6264 2.19
      vertex 118.857 -76.7537 2.19
      vertex 116.591 -79.759 2.19
    endloop
  endfacet
  facet normal -0 0 -1
    outer loop
      vertex 118.857 -76.7537 2.19
      vertex 116.446 -79.6264 2.19
      vertex 118.441 -76.4351 2.19
    endloop
  endfacet
  facet normal 0 0 -1
    outer loop
      vertex 116.291 -79.5069 2.19
      vertex 118.441 -76.4351 2.19
      vertex 116.446 -79.6264 2.19
    endloop
  endfacet
  facet normal -0 0 -1
    outer loop
      vertex 118.441 -76.4351 2.19
      vertex 116.291 -79.5069 2.19
      vertex 118 -76.1538 2.19
    endloop
  endfacet
  facet normal 0 0 -1
    outer loop
      vertex 116.125 -79.4014 2.19
      vertex 118 -76.1538 2.19
      vertex 116.291 -79.5069 2.19
    endloop
  endfacet
  facet normal -0 0 -1
    outer loop
      vertex 118 -76.1538 2.19
      vertex 116.125 -79.4014 2.19
      vertex 117.536 -75.9122 2.19
    endloop
  endfacet
  facet normal 0 0 -1
    outer loop
      vertex 115.951 -79.3108 2.19
      vertex 117.536 -75.9122 2.19
      vertex 116.125 -79.4014 2.19
    endloop
  endfacet
  facet normal -0 0 -1
    outer loop
      vertex 117.536 -75.9122 2.19
      vertex 115.951 -79.3108 2.19
      vertex 117.052 -75.7118 2.19
    endloop
  endfacet
  facet normal 0 0 -1
    outer loop
      vertex 115.77 -79.2357 2.19
      vertex 117.052 -75.7118 2.19
      vertex 115.951 -79.3108 2.19
    endloop
  endfacet
  facet normal -0 0 -1
    outer loop
      vertex 117.052 -75.7118 2.19
      vertex 115.77 -79.2357 2.19
      vertex 116.553 -75.5544 2.19
    endloop
  endfacet
  facet normal 0 0 -1
    outer loop
      vertex 115.582 -79.1767 2.19
      vertex 116.553 -75.5544 2.19
      vertex 115.77 -79.2357 2.19
    endloop
  endfacet
  facet normal -0 0 -1
    outer loop
      vertex 116.553 -75.5544 2.19
      vertex 115.582 -79.1767 2.19
      vertex 116.042 -75.4412 2.19
    endloop
  endfacet
  facet normal 0 0 -1
    outer loop
      vertex 115.391 -79.1342 2.19
      vertex 116.042 -75.4412 2.19
      vertex 115.582 -79.1767 2.19
    endloop
  endfacet
  facet normal -0 0 -1
    outer loop
      vertex 116.042 -75.4412 2.19
      vertex 115.391 -79.1342 2.19
      vertex 115.523 -75.3728 2.19
    endloop
  endfacet
  facet normal 0 0 -1
    outer loop
      vertex 115.196 -79.1086 2.19
      vertex 115.523 -75.3728 2.19
      vertex 115.391 -79.1342 2.19
    endloop
  endfacet
  facet normal 0 0 -1
    outer loop
      vertex 115 -79.1 2.19
      vertex 115.523 -75.3728 2.19
      vertex 115.196 -79.1086 2.19
    endloop
  endfacet
  facet normal 0 0 -1
    outer loop
      vertex 115 -79.1 2.19
      vertex 115 -75.35 2.19
      vertex 115.523 -75.3728 2.19
    endloop
  endfacet
  facet normal 0 0 -1
    outer loop
      vertex 114.804 -79.1086 2.19
      vertex 115 -75.35 2.19
      vertex 115 -79.1 2.19
    endloop
  endfacet
  facet normal 0 0 -1
    outer loop
      vertex 114.477 -75.3728 2.19
      vertex 114.804 -79.1086 2.19
      vertex 114.609 -79.1342 2.19
    endloop
  endfacet
  facet normal 0 0 -1
    outer loop
      vertex 114.804 -79.1086 2.19
      vertex 114.477 -75.3728 2.19
      vertex 115 -75.35 2.19
    endloop
  endfacet
  facet normal 0 0 -1
    outer loop
      vertex 113.958 -75.4412 2.19
      vertex 114.609 -79.1342 2.19
      vertex 114.418 -79.1767 2.19
    endloop
  endfacet
  facet normal 0 0 -1
    outer loop
      vertex 113.447 -75.5544 2.19
      vertex 114.418 -79.1767 2.19
      vertex 114.23 -79.2357 2.19
    endloop
  endfacet
  facet normal 0 0 -1
    outer loop
      vertex 112.948 -75.7118 2.19
      vertex 114.23 -79.2357 2.19
      vertex 114.049 -79.3108 2.19
    endloop
  endfacet
  facet normal 0 0 -1
    outer loop
      vertex 114.609 -79.1342 2.19
      vertex 113.958 -75.4412 2.19
      vertex 114.477 -75.3728 2.19
    endloop
  endfacet
  facet normal 0 0 -1
    outer loop
      vertex 112.464 -75.9122 2.19
      vertex 114.049 -79.3108 2.19
      vertex 113.875 -79.4014 2.19
    endloop
  endfacet
  facet normal 0 0 -1
    outer loop
      vertex 112 -76.1538 2.19
      vertex 113.875 -79.4014 2.19
      vertex 113.709 -79.5069 2.19
    endloop
  endfacet
  facet normal 0 0 -1
    outer loop
      vertex 111.559 -76.4351 2.19
      vertex 113.709 -79.5069 2.19
      vertex 113.554 -79.6264 2.19
    endloop
  endfacet
  facet normal 0 0 -1
    outer loop
      vertex 114.418 -79.1767 2.19
      vertex 113.447 -75.5544 2.19
      vertex 113.958 -75.4412 2.19
    endloop
  endfacet
  facet normal 0 0 -1
    outer loop
      vertex 111.143 -76.7537 2.19
      vertex 113.554 -79.6264 2.19
      vertex 113.409 -79.759 2.19
    endloop
  endfacet
  facet normal 0 0 -1
    outer loop
      vertex 110.757 -77.1074 2.19
      vertex 113.409 -79.759 2.19
      vertex 113.276 -79.9037 2.19
    endloop
  endfacet
  facet normal 0 0 -1
    outer loop
      vertex 110.404 -77.4933 2.19
      vertex 113.276 -79.9037 2.19
      vertex 113.157 -80.0595 2.19
    endloop
  endfacet
  facet normal 0 0 -1
    outer loop
      vertex 110.085 -77.9085 2.19
      vertex 113.157 -80.0595 2.19
      vertex 113.051 -80.225 2.19
    endloop
  endfacet
  facet normal 0 0 -1
    outer loop
      vertex 109.804 -78.35 2.19
      vertex 113.051 -80.225 2.19
      vertex 112.961 -80.3991 2.19
    endloop
  endfacet
  facet normal 0 0 -1
    outer loop
      vertex 114.23 -79.2357 2.19
      vertex 112.948 -75.7118 2.19
      vertex 113.447 -75.5544 2.19
    endloop
  endfacet
  facet normal 0 0 -1
    outer loop
      vertex 109.562 -78.8143 2.19
      vertex 112.961 -80.3991 2.19
      vertex 112.886 -80.5805 2.19
    endloop
  endfacet
  facet normal 0 0 -1
    outer loop
      vertex 109.362 -79.2979 2.19
      vertex 112.886 -80.5805 2.19
      vertex 112.827 -80.7677 2.19
    endloop
  endfacet
  facet normal 0 0 -1
    outer loop
      vertex 109.204 -79.7971 2.19
      vertex 112.827 -80.7677 2.19
      vertex 112.784 -80.9593 2.19
    endloop
  endfacet
  facet normal 0 0 -1
    outer loop
      vertex 109.091 -80.3081 2.19
      vertex 112.784 -80.9593 2.19
      vertex 112.759 -81.1539 2.19
    endloop
  endfacet
  facet normal 0 0 -1
    outer loop
      vertex 109.023 -80.8271 2.19
      vertex 112.759 -81.1539 2.19
      vertex 112.75 -81.35 2.19
    endloop
  endfacet
  facet normal 0 0 -1
    outer loop
      vertex 109.804 -84.35 2.19
      vertex 113.051 -82.475 2.19
      vertex 110.085 -84.7915 2.19
    endloop
  endfacet
  facet normal 0 0 -1
    outer loop
      vertex 114.049 -79.3108 2.19
      vertex 112.464 -75.9122 2.19
      vertex 112.948 -75.7118 2.19
    endloop
  endfacet
  facet normal -0 0 -1
    outer loop
      vertex 113.051 -82.475 2.19
      vertex 109.804 -84.35 2.19
      vertex 112.961 -82.3009 2.19
    endloop
  endfacet
  facet normal 0 0 -1
    outer loop
      vertex 113.875 -79.4014 2.19
      vertex 112 -76.1538 2.19
      vertex 112.464 -75.9122 2.19
    endloop
  endfacet
  facet normal 0 0 -1
    outer loop
      vertex 109.562 -83.8857 2.19
      vertex 112.961 -82.3009 2.19
      vertex 109.804 -84.35 2.19
    endloop
  endfacet
  facet normal 0 0 -1
    outer loop
      vertex 113.709 -79.5069 2.19
      vertex 111.559 -76.4351 2.19
      vertex 112 -76.1538 2.19
    endloop
  endfacet
  facet normal -0 0 -1
    outer loop
      vertex 112.961 -82.3009 2.19
      vertex 109.562 -83.8857 2.19
      vertex 112.886 -82.1195 2.19
    endloop
  endfacet
  facet normal 0 0 -1
    outer loop
      vertex 113.554 -79.6264 2.19
      vertex 111.143 -76.7537 2.19
      vertex 111.559 -76.4351 2.19
    endloop
  endfacet
  facet normal 0 0 -1
    outer loop
      vertex 109.362 -83.4021 2.19
      vertex 112.886 -82.1195 2.19
      vertex 109.562 -83.8857 2.19
    endloop
  endfacet
  facet normal 0 0 -1
    outer loop
      vertex 113.409 -79.759 2.19
      vertex 110.757 -77.1074 2.19
      vertex 111.143 -76.7537 2.19
    endloop
  endfacet
  facet normal -0 0 -1
    outer loop
      vertex 112.886 -82.1195 2.19
      vertex 109.362 -83.4021 2.19
      vertex 112.827 -81.9323 2.19
    endloop
  endfacet
  facet normal 0 0 -1
    outer loop
      vertex 113.276 -79.9037 2.19
      vertex 110.404 -77.4933 2.19
      vertex 110.757 -77.1074 2.19
    endloop
  endfacet
  facet normal 0 0 -1
    outer loop
      vertex 109.204 -82.9029 2.19
      vertex 112.827 -81.9323 2.19
      vertex 109.362 -83.4021 2.19
    endloop
  endfacet
  facet normal 0 0 -1
    outer loop
      vertex 113.157 -80.0595 2.19
      vertex 110.085 -77.9085 2.19
      vertex 110.404 -77.4933 2.19
    endloop
  endfacet
  facet normal -0 0 -1
    outer loop
      vertex 112.827 -81.9323 2.19
      vertex 109.204 -82.9029 2.19
      vertex 112.784 -81.7407 2.19
    endloop
  endfacet
  facet normal 0 0 -1
    outer loop
      vertex 113.051 -80.225 2.19
      vertex 109.804 -78.35 2.19
      vertex 110.085 -77.9085 2.19
    endloop
  endfacet
  facet normal 0 0 -1
    outer loop
      vertex 109.091 -82.3919 2.19
      vertex 112.784 -81.7407 2.19
      vertex 109.204 -82.9029 2.19
    endloop
  endfacet
  facet normal 0 0 -1
    outer loop
      vertex 112.961 -80.3991 2.19
      vertex 109.562 -78.8143 2.19
      vertex 109.804 -78.35 2.19
    endloop
  endfacet
  facet normal -0 0 -1
    outer loop
      vertex 112.784 -81.7407 2.19
      vertex 109.091 -82.3919 2.19
      vertex 112.759 -81.5461 2.19
    endloop
  endfacet
  facet normal 0 0 -1
    outer loop
      vertex 112.886 -80.5805 2.19
      vertex 109.362 -79.2979 2.19
      vertex 109.562 -78.8143 2.19
    endloop
  endfacet
  facet normal 0 0 -1
    outer loop
      vertex 109.023 -81.8729 2.19
      vertex 112.759 -81.5461 2.19
      vertex 109.091 -82.3919 2.19
    endloop
  endfacet
  facet normal 0 0 -1
    outer loop
      vertex 112.827 -80.7677 2.19
      vertex 109.204 -79.7971 2.19
      vertex 109.362 -79.2979 2.19
    endloop
  endfacet
  facet normal -0 0 -1
    outer loop
      vertex 112.759 -81.5461 2.19
      vertex 109.023 -81.8729 2.19
      vertex 112.75 -81.35 2.19
    endloop
  endfacet
  facet normal 0 0 -1
    outer loop
      vertex 112.784 -80.9593 2.19
      vertex 109.091 -80.3081 2.19
      vertex 109.204 -79.7971 2.19
    endloop
  endfacet
  facet normal 0 0 -1
    outer loop
      vertex 109 -81.35 2.19
      vertex 112.75 -81.35 2.19
      vertex 109.023 -81.8729 2.19
    endloop
  endfacet
  facet normal 0 0 -1
    outer loop
      vertex 112.759 -81.1539 2.19
      vertex 109.023 -80.8271 2.19
      vertex 109.091 -80.3081 2.19
    endloop
  endfacet
  facet normal 0 0 -1
    outer loop
      vertex 112.75 -81.35 2.19
      vertex 109 -81.35 2.19
      vertex 109.023 -80.8271 2.19
    endloop
  endfacet
  facet normal -0.130474 0.991452 0
    outer loop
      vertex 116.042 -87.2589 0
      vertex 115.523 -87.3272 2.19
      vertex 116.042 -87.2589 2.19
    endloop
  endfacet
  facet normal -0.130474 0.991452 0
    outer loop
      vertex 115.523 -87.3272 2.19
      vertex 116.042 -87.2589 0
      vertex 115.523 -87.3272 0
    endloop
  endfacet
  facet normal 0.30082 0.953681 -0
    outer loop
      vertex 113.447 -87.1456 0
      vertex 112.948 -86.9882 2.19
      vertex 113.447 -87.1456 2.19
    endloop
  endfacet
  facet normal 0.30082 0.953681 0
    outer loop
      vertex 112.948 -86.9882 2.19
      vertex 113.447 -87.1456 0
      vertex 112.948 -86.9882 0
    endloop
  endfacet
  facet normal 0.924091 -0.382172 0
    outer loop
      vertex 109.362 -79.2979 2.19
      vertex 109.562 -78.8143 0
      vertex 109.562 -78.8143 2.19
    endloop
  endfacet
  facet normal 0.924091 -0.382172 0
    outer loop
      vertex 109.562 -78.8143 0
      vertex 109.362 -79.2979 2.19
      vertex 109.362 -79.2979 0
    endloop
  endfacet
  facet normal 0.30082 -0.953681 0
    outer loop
      vertex 112.948 -75.7118 0
      vertex 113.447 -75.5544 2.19
      vertex 112.948 -75.7118 2.19
    endloop
  endfacet
  facet normal 0.30082 -0.953681 0
    outer loop
      vertex 113.447 -75.5544 2.19
      vertex 112.948 -75.7118 0
      vertex 113.447 -75.5544 0
    endloop
  endfacet
  facet normal -0.924091 0.382172 0
    outer loop
      vertex 120.438 -83.8857 0
      vertex 120.638 -83.4021 2.19
      vertex 120.638 -83.4021 0
    endloop
  endfacet
  facet normal -0.924091 0.382172 0
    outer loop
      vertex 120.638 -83.4021 2.19
      vertex 120.438 -83.8857 0
      vertex 120.438 -83.8857 2.19
    endloop
  endfacet
  facet normal -0.792979 0.609249 0
    outer loop
      vertex 119.596 -85.2067 0
      vertex 119.915 -84.7915 2.19
      vertex 119.915 -84.7915 0
    endloop
  endfacet
  facet normal -0.792979 0.609249 0
    outer loop
      vertex 119.915 -84.7915 2.19
      vertex 119.596 -85.2067 0
      vertex 119.596 -85.2067 2.19
    endloop
  endfacet
  facet normal -0.953386 0.301753 0
    outer loop
      vertex 120.638 -83.4021 0
      vertex 120.796 -82.9029 2.19
      vertex 120.796 -82.9029 0
    endloop
  endfacet
  facet normal -0.953386 0.301753 0
    outer loop
      vertex 120.796 -82.9029 2.19
      vertex 120.638 -83.4021 0
      vertex 120.638 -83.4021 2.19
    endloop
  endfacet
  facet normal 0.130662 -0.991427 0
    outer loop
      vertex 113.958 -75.4412 0
      vertex 114.477 -75.3728 2.19
      vertex 113.958 -75.4412 2.19
    endloop
  endfacet
  facet normal 0.130662 -0.991427 0
    outer loop
      vertex 114.477 -75.3728 2.19
      vertex 113.958 -75.4412 0
      vertex 114.477 -75.3728 0
    endloop
  endfacet
  facet normal 0.73786 0.674954 0
    outer loop
      vertex 110.757 -85.5926 2.19
      vertex 110.404 -85.2067 0
      vertex 110.404 -85.2067 2.19
    endloop
  endfacet
  facet normal 0.73786 0.674954 0
    outer loop
      vertex 110.404 -85.2067 0
      vertex 110.757 -85.5926 2.19
      vertex 110.757 -85.5926 0
    endloop
  endfacet
  facet normal 0.216283 -0.976331 0
    outer loop
      vertex 113.447 -75.5544 0
      vertex 113.958 -75.4412 2.19
      vertex 113.447 -75.5544 2.19
    endloop
  endfacet
  facet normal 0.216283 -0.976331 0
    outer loop
      vertex 113.958 -75.4412 2.19
      vertex 113.447 -75.5544 0
      vertex 113.958 -75.4412 0
    endloop
  endfacet
  facet normal -0.608031 0.793913 0
    outer loop
      vertex 118.857 -85.9463 0
      vertex 118.441 -86.2649 2.19
      vertex 118.857 -85.9463 2.19
    endloop
  endfacet
  facet normal -0.608031 0.793913 0
    outer loop
      vertex 118.441 -86.2649 2.19
      vertex 118.857 -85.9463 0
      vertex 118.441 -86.2649 0
    endloop
  endfacet
  facet normal 0.675586 0.737281 -0
    outer loop
      vertex 111.143 -85.9463 0
      vertex 110.757 -85.5926 2.19
      vertex 111.143 -85.9463 2.19
    endloop
  endfacet
  facet normal 0.675586 0.737281 0
    outer loop
      vertex 110.757 -85.5926 2.19
      vertex 111.143 -85.9463 0
      vertex 110.757 -85.5926 0
    endloop
  endfacet
  facet normal -0.886775 -0.4622 0
    outer loop
      vertex 120.438 -78.8143 0
      vertex 120.196 -78.35 2.19
      vertex 120.196 -78.35 0
    endloop
  endfacet
  facet normal -0.886775 -0.4622 0
    outer loop
      vertex 120.196 -78.35 2.19
      vertex 120.438 -78.8143 0
      vertex 120.438 -78.8143 2.19
    endloop
  endfacet
  facet normal 0.924091 0.382172 0
    outer loop
      vertex 109.562 -83.8857 2.19
      vertex 109.362 -83.4021 0
      vertex 109.362 -83.4021 2.19
    endloop
  endfacet
  facet normal 0.924091 0.382172 0
    outer loop
      vertex 109.362 -83.4021 0
      vertex 109.562 -83.8857 2.19
      vertex 109.562 -83.8857 0
    endloop
  endfacet
  facet normal -0.792979 -0.609249 0
    outer loop
      vertex 119.915 -77.9085 0
      vertex 119.596 -77.4933 2.19
      vertex 119.596 -77.4933 0
    endloop
  endfacet
  facet normal -0.792979 -0.609249 0
    outer loop
      vertex 119.596 -77.4933 2.19
      vertex 119.915 -77.9085 0
      vertex 119.915 -77.9085 2.19
    endloop
  endfacet
  facet normal -0.73786 -0.674954 0
    outer loop
      vertex 119.596 -77.4933 0
      vertex 119.243 -77.1074 2.19
      vertex 119.243 -77.1074 0
    endloop
  endfacet
  facet normal -0.73786 -0.674954 0
    outer loop
      vertex 119.243 -77.1074 2.19
      vertex 119.596 -77.4933 0
      vertex 119.596 -77.4933 2.19
    endloop
  endfacet
  facet normal -0.216283 -0.976331 0
    outer loop
      vertex 116.042 -75.4412 0
      vertex 116.553 -75.5544 2.19
      vertex 116.042 -75.4412 2.19
    endloop
  endfacet
  facet normal -0.216283 -0.976331 -0
    outer loop
      vertex 116.553 -75.5544 2.19
      vertex 116.042 -75.4412 0
      vertex 116.553 -75.5544 0
    endloop
  endfacet
  facet normal 0.130474 0.991452 -0
    outer loop
      vertex 114.477 -87.3272 0
      vertex 113.958 -87.2589 2.19
      vertex 114.477 -87.3272 2.19
    endloop
  endfacet
  facet normal 0.130474 0.991452 0
    outer loop
      vertex 113.958 -87.2589 2.19
      vertex 114.477 -87.3272 0
      vertex 113.958 -87.2589 0
    endloop
  endfacet
  facet normal 0.792979 -0.609249 0
    outer loop
      vertex 110.085 -77.9085 2.19
      vertex 110.404 -77.4933 0
      vertex 110.404 -77.4933 2.19
    endloop
  endfacet
  facet normal 0.792979 -0.609249 0
    outer loop
      vertex 110.404 -77.4933 0
      vertex 110.085 -77.9085 2.19
      vertex 110.085 -77.9085 0
    endloop
  endfacet
  facet normal -0.991526 0.129911 0
    outer loop
      vertex 120.909 -82.3919 0
      vertex 120.977 -81.8729 2.19
      vertex 120.977 -81.8729 0
    endloop
  endfacet
  facet normal -0.991526 0.129911 0
    outer loop
      vertex 120.977 -81.8729 2.19
      vertex 120.909 -82.3919 0
      vertex 120.909 -82.3919 2.19
    endloop
  endfacet
  facet normal -0.382554 -0.923933 0
    outer loop
      vertex 117.052 -75.7118 0
      vertex 117.536 -75.9122 2.19
      vertex 117.052 -75.7118 2.19
    endloop
  endfacet
  facet normal -0.382554 -0.923933 -0
    outer loop
      vertex 117.536 -75.9122 2.19
      vertex 117.052 -75.7118 0
      vertex 117.536 -75.9122 0
    endloop
  endfacet
  facet normal 0.675586 -0.737281 0
    outer loop
      vertex 110.757 -77.1074 0
      vertex 111.143 -76.7537 2.19
      vertex 110.757 -77.1074 2.19
    endloop
  endfacet
  facet normal 0.675586 -0.737281 0
    outer loop
      vertex 111.143 -76.7537 2.19
      vertex 110.757 -77.1074 0
      vertex 111.143 -76.7537 0
    endloop
  endfacet
  facet normal -0.976411 0.215919 0
    outer loop
      vertex 120.796 -82.9029 0
      vertex 120.909 -82.3919 2.19
      vertex 120.909 -82.3919 0
    endloop
  endfacet
  facet normal -0.976411 0.215919 0
    outer loop
      vertex 120.909 -82.3919 2.19
      vertex 120.796 -82.9029 0
      vertex 120.796 -82.9029 2.19
    endloop
  endfacet
  facet normal 0.991526 0.129911 0
    outer loop
      vertex 109.091 -82.3919 2.19
      vertex 109.023 -81.8729 0
      vertex 109.023 -81.8729 2.19
    endloop
  endfacet
  facet normal 0.991526 0.129911 0
    outer loop
      vertex 109.023 -81.8729 0
      vertex 109.091 -82.3919 2.19
      vertex 109.091 -82.3919 0
    endloop
  endfacet
  facet normal -0.216465 0.97629 0
    outer loop
      vertex 116.553 -87.1456 0
      vertex 116.042 -87.2589 2.19
      vertex 116.553 -87.1456 2.19
    endloop
  endfacet
  facet normal -0.216465 0.97629 0
    outer loop
      vertex 116.042 -87.2589 2.19
      vertex 116.553 -87.1456 0
      vertex 116.042 -87.2589 0
    endloop
  endfacet
  facet normal -0.924091 -0.382172 0
    outer loop
      vertex 120.638 -79.2979 0
      vertex 120.438 -78.8143 2.19
      vertex 120.438 -78.8143 0
    endloop
  endfacet
  facet normal -0.924091 -0.382172 0
    outer loop
      vertex 120.438 -78.8143 2.19
      vertex 120.638 -79.2979 0
      vertex 120.638 -79.2979 2.19
    endloop
  endfacet
  facet normal -0.675586 -0.737281 0
    outer loop
      vertex 118.857 -76.7537 0
      vertex 119.243 -77.1074 2.19
      vertex 118.857 -76.7537 2.19
    endloop
  endfacet
  facet normal -0.675586 -0.737281 -0
    outer loop
      vertex 119.243 -77.1074 2.19
      vertex 118.857 -76.7537 0
      vertex 119.243 -77.1074 0
    endloop
  endfacet
  facet normal -0.382554 0.923933 0
    outer loop
      vertex 117.536 -86.7878 0
      vertex 117.052 -86.9882 2.19
      vertex 117.536 -86.7878 2.19
    endloop
  endfacet
  facet normal -0.382554 0.923933 0
    outer loop
      vertex 117.052 -86.9882 2.19
      vertex 117.536 -86.7878 0
      vertex 117.052 -86.9882 0
    endloop
  endfacet
  facet normal -0.608031 -0.793913 0
    outer loop
      vertex 118.441 -76.4351 0
      vertex 118.857 -76.7537 2.19
      vertex 118.441 -76.4351 2.19
    endloop
  endfacet
  facet normal -0.608031 -0.793913 -0
    outer loop
      vertex 118.857 -76.7537 2.19
      vertex 118.441 -76.4351 0
      vertex 118.857 -76.7537 0
    endloop
  endfacet
  facet normal 0.0435533 -0.999051 0
    outer loop
      vertex 114.477 -75.3728 0
      vertex 115 -75.35 2.19
      vertex 114.477 -75.3728 2.19
    endloop
  endfacet
  facet normal 0.0435533 -0.999051 0
    outer loop
      vertex 115 -75.35 2.19
      vertex 114.477 -75.3728 0
      vertex 115 -75.35 0
    endloop
  endfacet
  facet normal -0.461834 -0.886966 0
    outer loop
      vertex 117.536 -75.9122 0
      vertex 118 -76.1538 2.19
      vertex 117.536 -75.9122 2.19
    endloop
  endfacet
  facet normal -0.461834 -0.886966 -0
    outer loop
      vertex 118 -76.1538 2.19
      vertex 117.536 -75.9122 0
      vertex 118 -76.1538 0
    endloop
  endfacet
  facet normal 0.976411 0.215919 0
    outer loop
      vertex 109.204 -82.9029 2.19
      vertex 109.091 -82.3919 0
      vertex 109.091 -82.3919 2.19
    endloop
  endfacet
  facet normal 0.976411 0.215919 0
    outer loop
      vertex 109.091 -82.3919 0
      vertex 109.204 -82.9029 2.19
      vertex 109.204 -82.9029 0
    endloop
  endfacet
  facet normal -0.537778 -0.843086 0
    outer loop
      vertex 118 -76.1538 0
      vertex 118.441 -76.4351 2.19
      vertex 118 -76.1538 2.19
    endloop
  endfacet
  facet normal -0.537778 -0.843086 -0
    outer loop
      vertex 118.441 -76.4351 2.19
      vertex 118 -76.1538 0
      vertex 118.441 -76.4351 0
    endloop
  endfacet
  facet normal -0.537778 0.843086 0
    outer loop
      vertex 118.441 -86.2649 0
      vertex 118 -86.5462 2.19
      vertex 118.441 -86.2649 2.19
    endloop
  endfacet
  facet normal -0.537778 0.843086 0
    outer loop
      vertex 118 -86.5462 2.19
      vertex 118.441 -86.2649 0
      vertex 118 -86.5462 0
    endloop
  endfacet
  facet normal -0.843622 -0.536937 0
    outer loop
      vertex 120.196 -78.35 0
      vertex 119.915 -77.9085 2.19
      vertex 119.915 -77.9085 0
    endloop
  endfacet
  facet normal -0.843622 -0.536937 0
    outer loop
      vertex 119.915 -77.9085 2.19
      vertex 120.196 -78.35 0
      vertex 120.196 -78.35 2.19
    endloop
  endfacet
  facet normal 0.461834 0.886966 -0
    outer loop
      vertex 112.464 -86.7878 0
      vertex 112 -86.5462 2.19
      vertex 112.464 -86.7878 2.19
    endloop
  endfacet
  facet normal 0.461834 0.886966 0
    outer loop
      vertex 112 -86.5462 2.19
      vertex 112.464 -86.7878 0
      vertex 112 -86.5462 0
    endloop
  endfacet
  facet normal -0.30082 -0.953681 0
    outer loop
      vertex 116.553 -75.5544 0
      vertex 117.052 -75.7118 2.19
      vertex 116.553 -75.5544 2.19
    endloop
  endfacet
  facet normal -0.30082 -0.953681 -0
    outer loop
      vertex 117.052 -75.7118 2.19
      vertex 116.553 -75.5544 0
      vertex 117.052 -75.7118 0
    endloop
  endfacet
  facet normal 0.953386 0.301753 0
    outer loop
      vertex 109.362 -83.4021 2.19
      vertex 109.204 -82.9029 0
      vertex 109.204 -82.9029 2.19
    endloop
  endfacet
  facet normal 0.953386 0.301753 0
    outer loop
      vertex 109.204 -82.9029 0
      vertex 109.362 -83.4021 2.19
      vertex 109.362 -83.4021 0
    endloop
  endfacet
  facet normal 0.73786 -0.674954 0
    outer loop
      vertex 110.404 -77.4933 2.19
      vertex 110.757 -77.1074 0
      vertex 110.757 -77.1074 2.19
    endloop
  endfacet
  facet normal 0.73786 -0.674954 0
    outer loop
      vertex 110.757 -77.1074 0
      vertex 110.404 -77.4933 2.19
      vertex 110.404 -77.4933 0
    endloop
  endfacet
  facet normal 0.953386 -0.301753 0
    outer loop
      vertex 109.204 -79.7971 2.19
      vertex 109.362 -79.2979 0
      vertex 109.362 -79.2979 2.19
    endloop
  endfacet
  facet normal 0.953386 -0.301753 0
    outer loop
      vertex 109.362 -79.2979 0
      vertex 109.204 -79.7971 2.19
      vertex 109.204 -79.7971 0
    endloop
  endfacet
  facet normal 0.216465 0.97629 -0
    outer loop
      vertex 113.958 -87.2589 0
      vertex 113.447 -87.1456 2.19
      vertex 113.958 -87.2589 2.19
    endloop
  endfacet
  facet normal 0.216465 0.97629 0
    outer loop
      vertex 113.447 -87.1456 2.19
      vertex 113.958 -87.2589 0
      vertex 113.447 -87.1456 0
    endloop
  endfacet
  facet normal 0.886775 0.4622 0
    outer loop
      vertex 109.804 -84.35 2.19
      vertex 109.562 -83.8857 0
      vertex 109.562 -83.8857 2.19
    endloop
  endfacet
  facet normal 0.886775 0.4622 0
    outer loop
      vertex 109.562 -83.8857 0
      vertex 109.804 -84.35 2.19
      vertex 109.804 -84.35 0
    endloop
  endfacet
  facet normal -0.0435533 0.999051 0
    outer loop
      vertex 115.523 -87.3272 0
      vertex 115 -87.35 2.19
      vertex 115.523 -87.3272 2.19
    endloop
  endfacet
  facet normal -0.0435533 0.999051 0
    outer loop
      vertex 115 -87.35 2.19
      vertex 115.523 -87.3272 0
      vertex 115 -87.35 0
    endloop
  endfacet
  facet normal -0.843622 0.536937 0
    outer loop
      vertex 119.915 -84.7915 0
      vertex 120.196 -84.35 2.19
      vertex 120.196 -84.35 0
    endloop
  endfacet
  facet normal -0.843622 0.536937 0
    outer loop
      vertex 120.196 -84.35 2.19
      vertex 119.915 -84.7915 0
      vertex 119.915 -84.7915 2.19
    endloop
  endfacet
  facet normal 0.537778 0.843086 -0
    outer loop
      vertex 112 -86.5462 0
      vertex 111.559 -86.2649 2.19
      vertex 112 -86.5462 2.19
    endloop
  endfacet
  facet normal 0.537778 0.843086 0
    outer loop
      vertex 111.559 -86.2649 2.19
      vertex 112 -86.5462 0
      vertex 111.559 -86.2649 0
    endloop
  endfacet
  facet normal 0.843622 -0.536937 0
    outer loop
      vertex 109.804 -78.35 2.19
      vertex 110.085 -77.9085 0
      vertex 110.085 -77.9085 2.19
    endloop
  endfacet
  facet normal 0.843622 -0.536937 0
    outer loop
      vertex 110.085 -77.9085 0
      vertex 109.804 -78.35 2.19
      vertex 109.804 -78.35 0
    endloop
  endfacet
  facet normal 0.608031 -0.793913 0
    outer loop
      vertex 111.143 -76.7537 0
      vertex 111.559 -76.4351 2.19
      vertex 111.143 -76.7537 2.19
    endloop
  endfacet
  facet normal 0.608031 -0.793913 0
    outer loop
      vertex 111.559 -76.4351 2.19
      vertex 111.143 -76.7537 0
      vertex 111.559 -76.4351 0
    endloop
  endfacet
  facet normal 0.461834 -0.886966 0
    outer loop
      vertex 112 -76.1538 0
      vertex 112.464 -75.9122 2.19
      vertex 112 -76.1538 2.19
    endloop
  endfacet
  facet normal 0.461834 -0.886966 0
    outer loop
      vertex 112.464 -75.9122 2.19
      vertex 112 -76.1538 0
      vertex 112.464 -75.9122 0
    endloop
  endfacet
  facet normal 0.792979 0.609249 0
    outer loop
      vertex 110.404 -85.2067 2.19
      vertex 110.085 -84.7915 0
      vertex 110.085 -84.7915 2.19
    endloop
  endfacet
  facet normal 0.792979 0.609249 0
    outer loop
      vertex 110.085 -84.7915 0
      vertex 110.404 -85.2067 2.19
      vertex 110.404 -85.2067 0
    endloop
  endfacet
  facet normal 0.991526 -0.129911 0
    outer loop
      vertex 109.023 -80.8271 2.19
      vertex 109.091 -80.3081 0
      vertex 109.091 -80.3081 2.19
    endloop
  endfacet
  facet normal 0.991526 -0.129911 0
    outer loop
      vertex 109.091 -80.3081 0
      vertex 109.023 -80.8271 2.19
      vertex 109.023 -80.8271 0
    endloop
  endfacet
  facet normal -0.30082 0.953681 0
    outer loop
      vertex 117.052 -86.9882 0
      vertex 116.553 -87.1456 2.19
      vertex 117.052 -86.9882 2.19
    endloop
  endfacet
  facet normal -0.30082 0.953681 0
    outer loop
      vertex 116.553 -87.1456 2.19
      vertex 117.052 -86.9882 0
      vertex 116.553 -87.1456 0
    endloop
  endfacet
  facet normal 0.976411 -0.215919 0
    outer loop
      vertex 109.091 -80.3081 2.19
      vertex 109.204 -79.7971 0
      vertex 109.204 -79.7971 2.19
    endloop
  endfacet
  facet normal 0.976411 -0.215919 0
    outer loop
      vertex 109.204 -79.7971 0
      vertex 109.091 -80.3081 2.19
      vertex 109.091 -80.3081 0
    endloop
  endfacet
  facet normal -0.73786 0.674954 0
    outer loop
      vertex 119.243 -85.5926 0
      vertex 119.596 -85.2067 2.19
      vertex 119.596 -85.2067 0
    endloop
  endfacet
  facet normal -0.73786 0.674954 0
    outer loop
      vertex 119.596 -85.2067 2.19
      vertex 119.243 -85.5926 0
      vertex 119.243 -85.5926 2.19
    endloop
  endfacet
  facet normal -0.675586 0.737281 0
    outer loop
      vertex 119.243 -85.5926 0
      vertex 118.857 -85.9463 2.19
      vertex 119.243 -85.5926 2.19
    endloop
  endfacet
  facet normal -0.675586 0.737281 0
    outer loop
      vertex 118.857 -85.9463 2.19
      vertex 119.243 -85.5926 0
      vertex 118.857 -85.9463 0
    endloop
  endfacet
  facet normal 0.999034 -0.043943 0
    outer loop
      vertex 109 -81.35 2.19
      vertex 109.023 -80.8271 0
      vertex 109.023 -80.8271 2.19
    endloop
  endfacet
  facet normal 0.999034 -0.043943 0
    outer loop
      vertex 109.023 -80.8271 0
      vertex 109 -81.35 2.19
      vertex 109 -81.35 0
    endloop
  endfacet
  facet normal 0.999034 0.043943 0
    outer loop
      vertex 109.023 -81.8729 2.19
      vertex 109 -81.35 0
      vertex 109 -81.35 2.19
    endloop
  endfacet
  facet normal 0.999034 0.043943 0
    outer loop
      vertex 109 -81.35 0
      vertex 109.023 -81.8729 2.19
      vertex 109.023 -81.8729 0
    endloop
  endfacet
  facet normal -0.0435533 -0.999051 0
    outer loop
      vertex 115 -75.35 0
      vertex 115.523 -75.3728 2.19
      vertex 115 -75.35 2.19
    endloop
  endfacet
  facet normal -0.0435533 -0.999051 -0
    outer loop
      vertex 115.523 -75.3728 2.19
      vertex 115 -75.35 0
      vertex 115.523 -75.3728 0
    endloop
  endfacet
  facet normal 0.886775 -0.4622 0
    outer loop
      vertex 109.562 -78.8143 2.19
      vertex 109.804 -78.35 0
      vertex 109.804 -78.35 2.19
    endloop
  endfacet
  facet normal 0.886775 -0.4622 0
    outer loop
      vertex 109.804 -78.35 0
      vertex 109.562 -78.8143 2.19
      vertex 109.562 -78.8143 0
    endloop
  endfacet
  facet normal -0.461834 0.886966 0
    outer loop
      vertex 118 -86.5462 0
      vertex 117.536 -86.7878 2.19
      vertex 118 -86.5462 2.19
    endloop
  endfacet
  facet normal -0.461834 0.886966 0
    outer loop
      vertex 117.536 -86.7878 2.19
      vertex 118 -86.5462 0
      vertex 117.536 -86.7878 0
    endloop
  endfacet
  facet normal 0.382554 0.923933 -0
    outer loop
      vertex 112.948 -86.9882 0
      vertex 112.464 -86.7878 2.19
      vertex 112.948 -86.9882 2.19
    endloop
  endfacet
  facet normal 0.382554 0.923933 0
    outer loop
      vertex 112.464 -86.7878 2.19
      vertex 112.948 -86.9882 0
      vertex 112.464 -86.7878 0
    endloop
  endfacet
  facet normal -0.130662 -0.991427 0
    outer loop
      vertex 115.523 -75.3728 0
      vertex 116.042 -75.4412 2.19
      vertex 115.523 -75.3728 2.19
    endloop
  endfacet
  facet normal -0.130662 -0.991427 -0
    outer loop
      vertex 116.042 -75.4412 2.19
      vertex 115.523 -75.3728 0
      vertex 116.042 -75.4412 0
    endloop
  endfacet
  facet normal 0.0435533 0.999051 -0
    outer loop
      vertex 115 -87.35 0
      vertex 114.477 -87.3272 2.19
      vertex 115 -87.35 2.19
    endloop
  endfacet
  facet normal 0.0435533 0.999051 0
    outer loop
      vertex 114.477 -87.3272 2.19
      vertex 115 -87.35 0
      vertex 114.477 -87.3272 0
    endloop
  endfacet
  facet normal -0.792979 0.609249 0
    outer loop
      vertex 119.596 77.4933 0
      vertex 119.915 77.9085 2.19
      vertex 119.915 77.9085 0
    endloop
  endfacet
  facet normal -0.792979 0.609249 0
    outer loop
      vertex 119.915 77.9085 2.19
      vertex 119.596 77.4933 0
      vertex 119.596 77.4933 2.19
    endloop
  endfacet
  facet normal -0.991526 -0.129911 0
    outer loop
      vertex 120.977 81.8729 0
      vertex 120.909 82.3919 2.19
      vertex 120.909 82.3919 0
    endloop
  endfacet
  facet normal -0.991526 -0.129911 0
    outer loop
      vertex 120.909 82.3919 2.19
      vertex 120.977 81.8729 0
      vertex 120.977 81.8729 2.19
    endloop
  endfacet
  facet normal -0.999034 -0.043943 0
    outer loop
      vertex 121 81.35 0
      vertex 120.977 81.8729 2.19
      vertex 120.977 81.8729 0
    endloop
  endfacet
  facet normal -0.999034 -0.043943 0
    outer loop
      vertex 120.977 81.8729 2.19
      vertex 121 81.35 0
      vertex 121 81.35 2.19
    endloop
  endfacet
  facet normal -0.976411 -0.215919 0
    outer loop
      vertex 120.909 82.3919 0
      vertex 120.796 82.9029 2.19
      vertex 120.796 82.9029 0
    endloop
  endfacet
  facet normal -0.976411 -0.215919 0
    outer loop
      vertex 120.796 82.9029 2.19
      vertex 120.909 82.3919 0
      vertex 120.909 82.3919 2.19
    endloop
  endfacet
  facet normal -0.30082 0.953681 0
    outer loop
      vertex 117.052 75.7118 0
      vertex 116.553 75.5544 2.19
      vertex 117.052 75.7118 2.19
    endloop
  endfacet
  facet normal -0.30082 0.953681 0
    outer loop
      vertex 116.553 75.5544 2.19
      vertex 117.052 75.7118 0
      vertex 116.553 75.5544 0
    endloop
  endfacet
  facet normal 0.953386 0.301753 0
    outer loop
      vertex 109.362 79.2979 2.19
      vertex 109.204 79.7971 0
      vertex 109.204 79.7971 2.19
    endloop
  endfacet
  facet normal 0.953386 0.301753 0
    outer loop
      vertex 109.204 79.7971 0
      vertex 109.362 79.2979 2.19
      vertex 109.362 79.2979 0
    endloop
  endfacet
  facet normal -0.924091 -0.382172 0
    outer loop
      vertex 120.638 83.4021 0
      vertex 120.438 83.8857 2.19
      vertex 120.438 83.8857 0
    endloop
  endfacet
  facet normal -0.924091 -0.382172 0
    outer loop
      vertex 120.438 83.8857 2.19
      vertex 120.638 83.4021 0
      vertex 120.638 83.4021 2.19
    endloop
  endfacet
  facet normal -0.608031 0.793913 0
    outer loop
      vertex 118.857 76.7537 0
      vertex 118.441 76.4351 2.19
      vertex 118.857 76.7537 2.19
    endloop
  endfacet
  facet normal -0.608031 0.793913 0
    outer loop
      vertex 118.441 76.4351 2.19
      vertex 118.857 76.7537 0
      vertex 118.441 76.4351 0
    endloop
  endfacet
  facet normal -0.792979 -0.609249 0
    outer loop
      vertex 119.915 84.7915 0
      vertex 119.596 85.2067 2.19
      vertex 119.596 85.2067 0
    endloop
  endfacet
  facet normal -0.792979 -0.609249 0
    outer loop
      vertex 119.596 85.2067 2.19
      vertex 119.915 84.7915 0
      vertex 119.915 84.7915 2.19
    endloop
  endfacet
  facet normal 0 0 -1
    outer loop
      vertex 117.25 81.35 2.19
      vertex 121 81.35 2.19
      vertex 120.977 80.8271 2.19
    endloop
  endfacet
  facet normal 0 0 -1
    outer loop
      vertex 117.241 81.1539 2.19
      vertex 120.977 80.8271 2.19
      vertex 120.909 80.3081 2.19
    endloop
  endfacet
  facet normal 0 0 -1
    outer loop
      vertex 121 81.35 2.19
      vertex 117.25 81.35 2.19
      vertex 120.977 81.8729 2.19
    endloop
  endfacet
  facet normal 0 0 -1
    outer loop
      vertex 117.216 80.9593 2.19
      vertex 120.909 80.3081 2.19
      vertex 120.796 79.7971 2.19
    endloop
  endfacet
  facet normal 0 0 -1
    outer loop
      vertex 117.241 81.5461 2.19
      vertex 120.977 81.8729 2.19
      vertex 117.25 81.35 2.19
    endloop
  endfacet
  facet normal 0 0 -1
    outer loop
      vertex 117.173 80.7677 2.19
      vertex 120.796 79.7971 2.19
      vertex 120.638 79.2979 2.19
    endloop
  endfacet
  facet normal -0 0 -1
    outer loop
      vertex 120.977 81.8729 2.19
      vertex 117.241 81.5461 2.19
      vertex 120.909 82.3919 2.19
    endloop
  endfacet
  facet normal 0 0 -1
    outer loop
      vertex 117.114 80.5805 2.19
      vertex 120.638 79.2979 2.19
      vertex 120.438 78.8143 2.19
    endloop
  endfacet
  facet normal 0 0 -1
    outer loop
      vertex 117.216 81.7407 2.19
      vertex 120.909 82.3919 2.19
      vertex 117.241 81.5461 2.19
    endloop
  endfacet
  facet normal 0 0 -1
    outer loop
      vertex 117.039 80.3991 2.19
      vertex 120.438 78.8143 2.19
      vertex 120.196 78.35 2.19
    endloop
  endfacet
  facet normal -0 0 -1
    outer loop
      vertex 120.909 82.3919 2.19
      vertex 117.216 81.7407 2.19
      vertex 120.796 82.9029 2.19
    endloop
  endfacet
  facet normal 0 0 -1
    outer loop
      vertex 116.949 80.225 2.19
      vertex 120.196 78.35 2.19
      vertex 119.915 77.9085 2.19
    endloop
  endfacet
  facet normal 0 0 -1
    outer loop
      vertex 117.173 81.9323 2.19
      vertex 120.796 82.9029 2.19
      vertex 117.216 81.7407 2.19
    endloop
  endfacet
  facet normal 0 0 -1
    outer loop
      vertex 116.843 80.0595 2.19
      vertex 119.915 77.9085 2.19
      vertex 119.596 77.4933 2.19
    endloop
  endfacet
  facet normal -0 0 -1
    outer loop
      vertex 120.796 82.9029 2.19
      vertex 117.173 81.9323 2.19
      vertex 120.638 83.4021 2.19
    endloop
  endfacet
  facet normal 0 0 -1
    outer loop
      vertex 116.724 79.9037 2.19
      vertex 119.596 77.4933 2.19
      vertex 119.243 77.1074 2.19
    endloop
  endfacet
  facet normal 0 0 -1
    outer loop
      vertex 117.114 82.1195 2.19
      vertex 120.638 83.4021 2.19
      vertex 117.173 81.9323 2.19
    endloop
  endfacet
  facet normal 0 0 -1
    outer loop
      vertex 116.591 79.759 2.19
      vertex 119.243 77.1074 2.19
      vertex 118.857 76.7537 2.19
    endloop
  endfacet
  facet normal -0 0 -1
    outer loop
      vertex 120.638 83.4021 2.19
      vertex 117.114 82.1195 2.19
      vertex 120.438 83.8857 2.19
    endloop
  endfacet
  facet normal 0 0 -1
    outer loop
      vertex 116.446 79.6264 2.19
      vertex 118.857 76.7537 2.19
      vertex 118.441 76.4351 2.19
    endloop
  endfacet
  facet normal 0 0 -1
    outer loop
      vertex 117.039 82.3009 2.19
      vertex 120.438 83.8857 2.19
      vertex 117.114 82.1195 2.19
    endloop
  endfacet
  facet normal 0 0 -1
    outer loop
      vertex 116.291 79.5069 2.19
      vertex 118.441 76.4351 2.19
      vertex 118 76.1538 2.19
    endloop
  endfacet
  facet normal -0 0 -1
    outer loop
      vertex 120.438 83.8857 2.19
      vertex 117.039 82.3009 2.19
      vertex 120.196 84.35 2.19
    endloop
  endfacet
  facet normal 0 0 -1
    outer loop
      vertex 116.125 79.4014 2.19
      vertex 118 76.1538 2.19
      vertex 117.536 75.9122 2.19
    endloop
  endfacet
  facet normal 0 0 -1
    outer loop
      vertex 116.949 82.475 2.19
      vertex 120.196 84.35 2.19
      vertex 117.039 82.3009 2.19
    endloop
  endfacet
  facet normal -0 0 -1
    outer loop
      vertex 120.196 84.35 2.19
      vertex 116.949 82.475 2.19
      vertex 119.915 84.7915 2.19
    endloop
  endfacet
  facet normal 0 0 -1
    outer loop
      vertex 120.977 80.8271 2.19
      vertex 117.241 81.1539 2.19
      vertex 117.25 81.35 2.19
    endloop
  endfacet
  facet normal 0 0 -1
    outer loop
      vertex 120.909 80.3081 2.19
      vertex 117.216 80.9593 2.19
      vertex 117.241 81.1539 2.19
    endloop
  endfacet
  facet normal 0 0 -1
    outer loop
      vertex 120.796 79.7971 2.19
      vertex 117.173 80.7677 2.19
      vertex 117.216 80.9593 2.19
    endloop
  endfacet
  facet normal 0 0 -1
    outer loop
      vertex 120.638 79.2979 2.19
      vertex 117.114 80.5805 2.19
      vertex 117.173 80.7677 2.19
    endloop
  endfacet
  facet normal 0 0 -1
    outer loop
      vertex 115.951 79.3108 2.19
      vertex 117.536 75.9122 2.19
      vertex 117.052 75.7118 2.19
    endloop
  endfacet
  facet normal 0 0 -1
    outer loop
      vertex 120.438 78.8143 2.19
      vertex 117.039 80.3991 2.19
      vertex 117.114 80.5805 2.19
    endloop
  endfacet
  facet normal 0 0 -1
    outer loop
      vertex 120.196 78.35 2.19
      vertex 116.949 80.225 2.19
      vertex 117.039 80.3991 2.19
    endloop
  endfacet
  facet normal 0 0 -1
    outer loop
      vertex 119.915 77.9085 2.19
      vertex 116.843 80.0595 2.19
      vertex 116.949 80.225 2.19
    endloop
  endfacet
  facet normal 0 0 -1
    outer loop
      vertex 119.596 77.4933 2.19
      vertex 116.724 79.9037 2.19
      vertex 116.843 80.0595 2.19
    endloop
  endfacet
  facet normal 0 0 -1
    outer loop
      vertex 119.243 77.1074 2.19
      vertex 116.591 79.759 2.19
      vertex 116.724 79.9037 2.19
    endloop
  endfacet
  facet normal 0 0 -1
    outer loop
      vertex 115.77 79.2357 2.19
      vertex 117.052 75.7118 2.19
      vertex 116.553 75.5544 2.19
    endloop
  endfacet
  facet normal 0 0 -1
    outer loop
      vertex 118.857 76.7537 2.19
      vertex 116.446 79.6264 2.19
      vertex 116.591 79.759 2.19
    endloop
  endfacet
  facet normal 0 0 -1
    outer loop
      vertex 118.441 76.4351 2.19
      vertex 116.291 79.5069 2.19
      vertex 116.446 79.6264 2.19
    endloop
  endfacet
  facet normal 0 0 -1
    outer loop
      vertex 118 76.1538 2.19
      vertex 116.125 79.4014 2.19
      vertex 116.291 79.5069 2.19
    endloop
  endfacet
  facet normal 0 0 -1
    outer loop
      vertex 115.582 79.1767 2.19
      vertex 116.553 75.5544 2.19
      vertex 116.042 75.4412 2.19
    endloop
  endfacet
  facet normal 0 0 -1
    outer loop
      vertex 117.536 75.9122 2.19
      vertex 115.951 79.3108 2.19
      vertex 116.125 79.4014 2.19
    endloop
  endfacet
  facet normal 0 0 -1
    outer loop
      vertex 117.052 75.7118 2.19
      vertex 115.77 79.2357 2.19
      vertex 115.951 79.3108 2.19
    endloop
  endfacet
  facet normal 0 0 -1
    outer loop
      vertex 116.553 75.5544 2.19
      vertex 115.582 79.1767 2.19
      vertex 115.77 79.2357 2.19
    endloop
  endfacet
  facet normal 0 0 -1
    outer loop
      vertex 115.391 79.1342 2.19
      vertex 116.042 75.4412 2.19
      vertex 115.523 75.3728 2.19
    endloop
  endfacet
  facet normal 0 0 -1
    outer loop
      vertex 116.042 75.4412 2.19
      vertex 115.391 79.1342 2.19
      vertex 115.582 79.1767 2.19
    endloop
  endfacet
  facet normal 0 0 -1
    outer loop
      vertex 115.523 75.3728 2.19
      vertex 115.196 79.1086 2.19
      vertex 115.391 79.1342 2.19
    endloop
  endfacet
  facet normal 0 0 -1
    outer loop
      vertex 115 75.35 2.19
      vertex 115.196 79.1086 2.19
      vertex 115.523 75.3728 2.19
    endloop
  endfacet
  facet normal 0 0 -1
    outer loop
      vertex 115 75.35 2.19
      vertex 115 79.1 2.19
      vertex 115.196 79.1086 2.19
    endloop
  endfacet
  facet normal 0 0 -1
    outer loop
      vertex 115 75.35 2.19
      vertex 114.804 79.1086 2.19
      vertex 115 79.1 2.19
    endloop
  endfacet
  facet normal 0 0 -1
    outer loop
      vertex 114.477 75.3728 2.19
      vertex 114.804 79.1086 2.19
      vertex 115 75.35 2.19
    endloop
  endfacet
  facet normal -0 0 -1
    outer loop
      vertex 114.804 79.1086 2.19
      vertex 114.477 75.3728 2.19
      vertex 114.609 79.1342 2.19
    endloop
  endfacet
  facet normal 0 0 -1
    outer loop
      vertex 113.958 75.4412 2.19
      vertex 114.609 79.1342 2.19
      vertex 114.477 75.3728 2.19
    endloop
  endfacet
  facet normal -0 0 -1
    outer loop
      vertex 114.609 79.1342 2.19
      vertex 113.958 75.4412 2.19
      vertex 114.418 79.1767 2.19
    endloop
  endfacet
  facet normal 0 0 -1
    outer loop
      vertex 113.447 75.5544 2.19
      vertex 114.418 79.1767 2.19
      vertex 113.958 75.4412 2.19
    endloop
  endfacet
  facet normal -0 0 -1
    outer loop
      vertex 114.418 79.1767 2.19
      vertex 113.447 75.5544 2.19
      vertex 114.23 79.2357 2.19
    endloop
  endfacet
  facet normal 0 0 -1
    outer loop
      vertex 112.948 75.7118 2.19
      vertex 114.23 79.2357 2.19
      vertex 113.447 75.5544 2.19
    endloop
  endfacet
  facet normal -0 0 -1
    outer loop
      vertex 114.23 79.2357 2.19
      vertex 112.948 75.7118 2.19
      vertex 114.049 79.3108 2.19
    endloop
  endfacet
  facet normal 0 0 -1
    outer loop
      vertex 112.464 75.9122 2.19
      vertex 114.049 79.3108 2.19
      vertex 112.948 75.7118 2.19
    endloop
  endfacet
  facet normal -0 0 -1
    outer loop
      vertex 114.049 79.3108 2.19
      vertex 112.464 75.9122 2.19
      vertex 113.875 79.4014 2.19
    endloop
  endfacet
  facet normal 0 0 -1
    outer loop
      vertex 112 76.1538 2.19
      vertex 113.875 79.4014 2.19
      vertex 112.464 75.9122 2.19
    endloop
  endfacet
  facet normal -0 0 -1
    outer loop
      vertex 113.875 79.4014 2.19
      vertex 112 76.1538 2.19
      vertex 113.709 79.5069 2.19
    endloop
  endfacet
  facet normal 0 0 -1
    outer loop
      vertex 111.559 76.4351 2.19
      vertex 113.709 79.5069 2.19
      vertex 112 76.1538 2.19
    endloop
  endfacet
  facet normal -0 0 -1
    outer loop
      vertex 113.709 79.5069 2.19
      vertex 111.559 76.4351 2.19
      vertex 113.554 79.6264 2.19
    endloop
  endfacet
  facet normal 0 0 -1
    outer loop
      vertex 111.143 76.7537 2.19
      vertex 113.554 79.6264 2.19
      vertex 111.559 76.4351 2.19
    endloop
  endfacet
  facet normal -0 0 -1
    outer loop
      vertex 113.554 79.6264 2.19
      vertex 111.143 76.7537 2.19
      vertex 113.409 79.759 2.19
    endloop
  endfacet
  facet normal 0 0 -1
    outer loop
      vertex 110.757 77.1074 2.19
      vertex 113.409 79.759 2.19
      vertex 111.143 76.7537 2.19
    endloop
  endfacet
  facet normal -0 0 -1
    outer loop
      vertex 113.409 79.759 2.19
      vertex 110.757 77.1074 2.19
      vertex 113.276 79.9037 2.19
    endloop
  endfacet
  facet normal 0 0 -1
    outer loop
      vertex 110.404 77.4933 2.19
      vertex 113.276 79.9037 2.19
      vertex 110.757 77.1074 2.19
    endloop
  endfacet
  facet normal -0 0 -1
    outer loop
      vertex 113.276 79.9037 2.19
      vertex 110.404 77.4933 2.19
      vertex 113.157 80.0595 2.19
    endloop
  endfacet
  facet normal 0 0 -1
    outer loop
      vertex 110.085 77.9085 2.19
      vertex 113.157 80.0595 2.19
      vertex 110.404 77.4933 2.19
    endloop
  endfacet
  facet normal -0 0 -1
    outer loop
      vertex 113.157 80.0595 2.19
      vertex 110.085 77.9085 2.19
      vertex 113.051 80.225 2.19
    endloop
  endfacet
  facet normal 0 0 -1
    outer loop
      vertex 116.843 82.6405 2.19
      vertex 119.915 84.7915 2.19
      vertex 116.949 82.475 2.19
    endloop
  endfacet
  facet normal -0 0 -1
    outer loop
      vertex 119.915 84.7915 2.19
      vertex 116.843 82.6405 2.19
      vertex 119.596 85.2067 2.19
    endloop
  endfacet
  facet normal 0 0 -1
    outer loop
      vertex 116.724 82.7963 2.19
      vertex 119.596 85.2067 2.19
      vertex 116.843 82.6405 2.19
    endloop
  endfacet
  facet normal -0 0 -1
    outer loop
      vertex 119.596 85.2067 2.19
      vertex 116.724 82.7963 2.19
      vertex 119.243 85.5926 2.19
    endloop
  endfacet
  facet normal 0 0 -1
    outer loop
      vertex 116.591 82.941 2.19
      vertex 119.243 85.5926 2.19
      vertex 116.724 82.7963 2.19
    endloop
  endfacet
  facet normal -0 0 -1
    outer loop
      vertex 119.243 85.5926 2.19
      vertex 116.591 82.941 2.19
      vertex 118.857 85.9463 2.19
    endloop
  endfacet
  facet normal 0 0 -1
    outer loop
      vertex 116.446 83.0736 2.19
      vertex 118.857 85.9463 2.19
      vertex 116.591 82.941 2.19
    endloop
  endfacet
  facet normal -0 0 -1
    outer loop
      vertex 118.857 85.9463 2.19
      vertex 116.446 83.0736 2.19
      vertex 118.441 86.2649 2.19
    endloop
  endfacet
  facet normal 0 0 -1
    outer loop
      vertex 116.291 83.1931 2.19
      vertex 118.441 86.2649 2.19
      vertex 116.446 83.0736 2.19
    endloop
  endfacet
  facet normal -0 0 -1
    outer loop
      vertex 118.441 86.2649 2.19
      vertex 116.291 83.1931 2.19
      vertex 118 86.5462 2.19
    endloop
  endfacet
  facet normal 0 0 -1
    outer loop
      vertex 116.125 83.2986 2.19
      vertex 118 86.5462 2.19
      vertex 116.291 83.1931 2.19
    endloop
  endfacet
  facet normal -0 0 -1
    outer loop
      vertex 118 86.5462 2.19
      vertex 116.125 83.2986 2.19
      vertex 117.536 86.7878 2.19
    endloop
  endfacet
  facet normal 0 0 -1
    outer loop
      vertex 115.951 83.3892 2.19
      vertex 117.536 86.7878 2.19
      vertex 116.125 83.2986 2.19
    endloop
  endfacet
  facet normal -0 0 -1
    outer loop
      vertex 117.536 86.7878 2.19
      vertex 115.951 83.3892 2.19
      vertex 117.052 86.9882 2.19
    endloop
  endfacet
  facet normal 0 0 -1
    outer loop
      vertex 115.77 83.4643 2.19
      vertex 117.052 86.9882 2.19
      vertex 115.951 83.3892 2.19
    endloop
  endfacet
  facet normal -0 0 -1
    outer loop
      vertex 117.052 86.9882 2.19
      vertex 115.77 83.4643 2.19
      vertex 116.553 87.1456 2.19
    endloop
  endfacet
  facet normal 0 0 -1
    outer loop
      vertex 115.582 83.5233 2.19
      vertex 116.553 87.1456 2.19
      vertex 115.77 83.4643 2.19
    endloop
  endfacet
  facet normal -0 0 -1
    outer loop
      vertex 116.553 87.1456 2.19
      vertex 115.582 83.5233 2.19
      vertex 116.042 87.2589 2.19
    endloop
  endfacet
  facet normal 0 0 -1
    outer loop
      vertex 115.391 83.5658 2.19
      vertex 116.042 87.2589 2.19
      vertex 115.582 83.5233 2.19
    endloop
  endfacet
  facet normal -0 0 -1
    outer loop
      vertex 116.042 87.2589 2.19
      vertex 115.391 83.5658 2.19
      vertex 115.523 87.3272 2.19
    endloop
  endfacet
  facet normal 0 0 -1
    outer loop
      vertex 115.196 83.5914 2.19
      vertex 115.523 87.3272 2.19
      vertex 115.391 83.5658 2.19
    endloop
  endfacet
  facet normal 0 0 -1
    outer loop
      vertex 115 83.6 2.19
      vertex 115.523 87.3272 2.19
      vertex 115.196 83.5914 2.19
    endloop
  endfacet
  facet normal 0 0 -1
    outer loop
      vertex 115 83.6 2.19
      vertex 115 87.35 2.19
      vertex 115.523 87.3272 2.19
    endloop
  endfacet
  facet normal 0 0 -1
    outer loop
      vertex 114.804 83.5914 2.19
      vertex 115 87.35 2.19
      vertex 115 83.6 2.19
    endloop
  endfacet
  facet normal 0 0 -1
    outer loop
      vertex 114.477 87.3272 2.19
      vertex 114.804 83.5914 2.19
      vertex 114.609 83.5658 2.19
    endloop
  endfacet
  facet normal 0 0 -1
    outer loop
      vertex 114.804 83.5914 2.19
      vertex 114.477 87.3272 2.19
      vertex 115 87.35 2.19
    endloop
  endfacet
  facet normal 0 0 -1
    outer loop
      vertex 113.958 87.2589 2.19
      vertex 114.609 83.5658 2.19
      vertex 114.418 83.5233 2.19
    endloop
  endfacet
  facet normal 0 0 -1
    outer loop
      vertex 113.447 87.1456 2.19
      vertex 114.418 83.5233 2.19
      vertex 114.23 83.4643 2.19
    endloop
  endfacet
  facet normal 0 0 -1
    outer loop
      vertex 112.948 86.9882 2.19
      vertex 114.23 83.4643 2.19
      vertex 114.049 83.3892 2.19
    endloop
  endfacet
  facet normal 0 0 -1
    outer loop
      vertex 114.609 83.5658 2.19
      vertex 113.958 87.2589 2.19
      vertex 114.477 87.3272 2.19
    endloop
  endfacet
  facet normal 0 0 -1
    outer loop
      vertex 112.464 86.7878 2.19
      vertex 114.049 83.3892 2.19
      vertex 113.875 83.2986 2.19
    endloop
  endfacet
  facet normal 0 0 -1
    outer loop
      vertex 112 86.5462 2.19
      vertex 113.875 83.2986 2.19
      vertex 113.709 83.1931 2.19
    endloop
  endfacet
  facet normal 0 0 -1
    outer loop
      vertex 111.559 86.2649 2.19
      vertex 113.709 83.1931 2.19
      vertex 113.554 83.0736 2.19
    endloop
  endfacet
  facet normal 0 0 -1
    outer loop
      vertex 114.418 83.5233 2.19
      vertex 113.447 87.1456 2.19
      vertex 113.958 87.2589 2.19
    endloop
  endfacet
  facet normal 0 0 -1
    outer loop
      vertex 111.143 85.9463 2.19
      vertex 113.554 83.0736 2.19
      vertex 113.409 82.941 2.19
    endloop
  endfacet
  facet normal 0 0 -1
    outer loop
      vertex 110.757 85.5926 2.19
      vertex 113.409 82.941 2.19
      vertex 113.276 82.7963 2.19
    endloop
  endfacet
  facet normal 0 0 -1
    outer loop
      vertex 110.404 85.2067 2.19
      vertex 113.276 82.7963 2.19
      vertex 113.157 82.6405 2.19
    endloop
  endfacet
  facet normal 0 0 -1
    outer loop
      vertex 110.085 84.7915 2.19
      vertex 113.157 82.6405 2.19
      vertex 113.051 82.475 2.19
    endloop
  endfacet
  facet normal 0 0 -1
    outer loop
      vertex 109.804 84.35 2.19
      vertex 113.051 82.475 2.19
      vertex 112.961 82.3009 2.19
    endloop
  endfacet
  facet normal 0 0 -1
    outer loop
      vertex 114.23 83.4643 2.19
      vertex 112.948 86.9882 2.19
      vertex 113.447 87.1456 2.19
    endloop
  endfacet
  facet normal 0 0 -1
    outer loop
      vertex 109.562 83.8857 2.19
      vertex 112.961 82.3009 2.19
      vertex 112.886 82.1195 2.19
    endloop
  endfacet
  facet normal 0 0 -1
    outer loop
      vertex 109.362 83.4021 2.19
      vertex 112.886 82.1195 2.19
      vertex 112.827 81.9323 2.19
    endloop
  endfacet
  facet normal 0 0 -1
    outer loop
      vertex 109.204 82.9029 2.19
      vertex 112.827 81.9323 2.19
      vertex 112.784 81.7407 2.19
    endloop
  endfacet
  facet normal 0 0 -1
    outer loop
      vertex 109.091 82.3919 2.19
      vertex 112.784 81.7407 2.19
      vertex 112.759 81.5461 2.19
    endloop
  endfacet
  facet normal 0 0 -1
    outer loop
      vertex 109.023 81.8729 2.19
      vertex 112.759 81.5461 2.19
      vertex 112.75 81.35 2.19
    endloop
  endfacet
  facet normal 0 0 -1
    outer loop
      vertex 109.804 78.35 2.19
      vertex 113.051 80.225 2.19
      vertex 110.085 77.9085 2.19
    endloop
  endfacet
  facet normal 0 0 -1
    outer loop
      vertex 114.049 83.3892 2.19
      vertex 112.464 86.7878 2.19
      vertex 112.948 86.9882 2.19
    endloop
  endfacet
  facet normal -0 0 -1
    outer loop
      vertex 113.051 80.225 2.19
      vertex 109.804 78.35 2.19
      vertex 112.961 80.3991 2.19
    endloop
  endfacet
  facet normal 0 0 -1
    outer loop
      vertex 113.875 83.2986 2.19
      vertex 112 86.5462 2.19
      vertex 112.464 86.7878 2.19
    endloop
  endfacet
  facet normal 0 0 -1
    outer loop
      vertex 109.562 78.8143 2.19
      vertex 112.961 80.3991 2.19
      vertex 109.804 78.35 2.19
    endloop
  endfacet
  facet normal 0 0 -1
    outer loop
      vertex 113.709 83.1931 2.19
      vertex 111.559 86.2649 2.19
      vertex 112 86.5462 2.19
    endloop
  endfacet
  facet normal -0 0 -1
    outer loop
      vertex 112.961 80.3991 2.19
      vertex 109.562 78.8143 2.19
      vertex 112.886 80.5805 2.19
    endloop
  endfacet
  facet normal 0 0 -1
    outer loop
      vertex 113.554 83.0736 2.19
      vertex 111.143 85.9463 2.19
      vertex 111.559 86.2649 2.19
    endloop
  endfacet
  facet normal 0 0 -1
    outer loop
      vertex 109.362 79.2979 2.19
      vertex 112.886 80.5805 2.19
      vertex 109.562 78.8143 2.19
    endloop
  endfacet
  facet normal 0 0 -1
    outer loop
      vertex 113.409 82.941 2.19
      vertex 110.757 85.5926 2.19
      vertex 111.143 85.9463 2.19
    endloop
  endfacet
  facet normal -0 0 -1
    outer loop
      vertex 112.886 80.5805 2.19
      vertex 109.362 79.2979 2.19
      vertex 112.827 80.7677 2.19
    endloop
  endfacet
  facet normal 0 0 -1
    outer loop
      vertex 113.276 82.7963 2.19
      vertex 110.404 85.2067 2.19
      vertex 110.757 85.5926 2.19
    endloop
  endfacet
  facet normal 0 0 -1
    outer loop
      vertex 109.204 79.7971 2.19
      vertex 112.827 80.7677 2.19
      vertex 109.362 79.2979 2.19
    endloop
  endfacet
  facet normal 0 0 -1
    outer loop
      vertex 113.157 82.6405 2.19
      vertex 110.085 84.7915 2.19
      vertex 110.404 85.2067 2.19
    endloop
  endfacet
  facet normal -0 0 -1
    outer loop
      vertex 112.827 80.7677 2.19
      vertex 109.204 79.7971 2.19
      vertex 112.784 80.9593 2.19
    endloop
  endfacet
  facet normal 0 0 -1
    outer loop
      vertex 113.051 82.475 2.19
      vertex 109.804 84.35 2.19
      vertex 110.085 84.7915 2.19
    endloop
  endfacet
  facet normal 0 0 -1
    outer loop
      vertex 109.091 80.3081 2.19
      vertex 112.784 80.9593 2.19
      vertex 109.204 79.7971 2.19
    endloop
  endfacet
  facet normal 0 0 -1
    outer loop
      vertex 112.961 82.3009 2.19
      vertex 109.562 83.8857 2.19
      vertex 109.804 84.35 2.19
    endloop
  endfacet
  facet normal -0 0 -1
    outer loop
      vertex 112.784 80.9593 2.19
      vertex 109.091 80.3081 2.19
      vertex 112.759 81.1539 2.19
    endloop
  endfacet
  facet normal 0 0 -1
    outer loop
      vertex 112.886 82.1195 2.19
      vertex 109.362 83.4021 2.19
      vertex 109.562 83.8857 2.19
    endloop
  endfacet
  facet normal 0 0 -1
    outer loop
      vertex 109.023 80.8271 2.19
      vertex 112.759 81.1539 2.19
      vertex 109.091 80.3081 2.19
    endloop
  endfacet
  facet normal 0 0 -1
    outer loop
      vertex 112.827 81.9323 2.19
      vertex 109.204 82.9029 2.19
      vertex 109.362 83.4021 2.19
    endloop
  endfacet
  facet normal -0 0 -1
    outer loop
      vertex 112.759 81.1539 2.19
      vertex 109.023 80.8271 2.19
      vertex 112.75 81.35 2.19
    endloop
  endfacet
  facet normal 0 0 -1
    outer loop
      vertex 112.784 81.7407 2.19
      vertex 109.091 82.3919 2.19
      vertex 109.204 82.9029 2.19
    endloop
  endfacet
  facet normal 0 0 -1
    outer loop
      vertex 109 81.35 2.19
      vertex 112.75 81.35 2.19
      vertex 109.023 80.8271 2.19
    endloop
  endfacet
  facet normal 0 0 -1
    outer loop
      vertex 112.759 81.5461 2.19
      vertex 109.023 81.8729 2.19
      vertex 109.091 82.3919 2.19
    endloop
  endfacet
  facet normal 0 0 -1
    outer loop
      vertex 112.75 81.35 2.19
      vertex 109 81.35 2.19
      vertex 109.023 81.8729 2.19
    endloop
  endfacet
  facet normal 0.0435533 0.999051 -0
    outer loop
      vertex 115 75.35 0
      vertex 114.477 75.3728 2.19
      vertex 115 75.35 2.19
    endloop
  endfacet
  facet normal 0.0435533 0.999051 0
    outer loop
      vertex 114.477 75.3728 2.19
      vertex 115 75.35 0
      vertex 114.477 75.3728 0
    endloop
  endfacet
  facet normal -0.953386 -0.301753 0
    outer loop
      vertex 120.796 82.9029 0
      vertex 120.638 83.4021 2.19
      vertex 120.638 83.4021 0
    endloop
  endfacet
  facet normal -0.953386 -0.301753 0
    outer loop
      vertex 120.638 83.4021 2.19
      vertex 120.796 82.9029 0
      vertex 120.796 82.9029 2.19
    endloop
  endfacet
  facet normal -0.999034 0.043943 0
    outer loop
      vertex 120.977 80.8271 0
      vertex 121 81.35 2.19
      vertex 121 81.35 0
    endloop
  endfacet
  facet normal -0.999034 0.043943 0
    outer loop
      vertex 121 81.35 2.19
      vertex 120.977 80.8271 0
      vertex 120.977 80.8271 2.19
    endloop
  endfacet
  facet normal -0.886775 0.4622 0
    outer loop
      vertex 120.196 78.35 0
      vertex 120.438 78.8143 2.19
      vertex 120.438 78.8143 0
    endloop
  endfacet
  facet normal -0.886775 0.4622 0
    outer loop
      vertex 120.438 78.8143 2.19
      vertex 120.196 78.35 0
      vertex 120.196 78.35 2.19
    endloop
  endfacet
  facet normal 0.73786 0.674954 0
    outer loop
      vertex 110.757 77.1074 2.19
      vertex 110.404 77.4933 0
      vertex 110.404 77.4933 2.19
    endloop
  endfacet
  facet normal 0.73786 0.674954 0
    outer loop
      vertex 110.404 77.4933 0
      vertex 110.757 77.1074 2.19
      vertex 110.757 77.1074 0
    endloop
  endfacet
  facet normal 0.537778 0.843086 -0
    outer loop
      vertex 112 76.1538 0
      vertex 111.559 76.4351 2.19
      vertex 112 76.1538 2.19
    endloop
  endfacet
  facet normal 0.537778 0.843086 0
    outer loop
      vertex 111.559 76.4351 2.19
      vertex 112 76.1538 0
      vertex 111.559 76.4351 0
    endloop
  endfacet
  facet normal -0.991526 0.129911 0
    outer loop
      vertex 120.909 80.3081 0
      vertex 120.977 80.8271 2.19
      vertex 120.977 80.8271 0
    endloop
  endfacet
  facet normal -0.991526 0.129911 0
    outer loop
      vertex 120.977 80.8271 2.19
      vertex 120.909 80.3081 0
      vertex 120.909 80.3081 2.19
    endloop
  endfacet
  facet normal -0.461834 -0.886966 0
    outer loop
      vertex 117.536 86.7878 0
      vertex 118 86.5462 2.19
      vertex 117.536 86.7878 2.19
    endloop
  endfacet
  facet normal -0.461834 -0.886966 -0
    outer loop
      vertex 118 86.5462 2.19
      vertex 117.536 86.7878 0
      vertex 118 86.5462 0
    endloop
  endfacet
  facet normal 0.991526 -0.129911 0
    outer loop
      vertex 109.023 81.8729 2.19
      vertex 109.091 82.3919 0
      vertex 109.091 82.3919 2.19
    endloop
  endfacet
  facet normal 0.991526 -0.129911 0
    outer loop
      vertex 109.091 82.3919 0
      vertex 109.023 81.8729 2.19
      vertex 109.023 81.8729 0
    endloop
  endfacet
  facet normal 0.886775 -0.4622 0
    outer loop
      vertex 109.562 83.8857 2.19
      vertex 109.804 84.35 0
      vertex 109.804 84.35 2.19
    endloop
  endfacet
  facet normal 0.886775 -0.4622 0
    outer loop
      vertex 109.804 84.35 0
      vertex 109.562 83.8857 2.19
      vertex 109.562 83.8857 0
    endloop
  endfacet
  facet normal -0.608031 -0.793913 0
    outer loop
      vertex 118.441 86.2649 0
      vertex 118.857 85.9463 2.19
      vertex 118.441 86.2649 2.19
    endloop
  endfacet
  facet normal -0.608031 -0.793913 -0
    outer loop
      vertex 118.857 85.9463 2.19
      vertex 118.441 86.2649 0
      vertex 118.857 85.9463 0
    endloop
  endfacet
  facet normal 0.537778 -0.843086 0
    outer loop
      vertex 111.559 86.2649 0
      vertex 112 86.5462 2.19
      vertex 111.559 86.2649 2.19
    endloop
  endfacet
  facet normal 0.537778 -0.843086 0
    outer loop
      vertex 112 86.5462 2.19
      vertex 111.559 86.2649 0
      vertex 112 86.5462 0
    endloop
  endfacet
  facet normal -0.461834 0.886966 0
    outer loop
      vertex 118 76.1538 0
      vertex 117.536 75.9122 2.19
      vertex 118 76.1538 2.19
    endloop
  endfacet
  facet normal -0.461834 0.886966 0
    outer loop
      vertex 117.536 75.9122 2.19
      vertex 118 76.1538 0
      vertex 117.536 75.9122 0
    endloop
  endfacet
  facet normal 0.0435533 -0.999051 0
    outer loop
      vertex 114.477 87.3272 0
      vertex 115 87.35 2.19
      vertex 114.477 87.3272 2.19
    endloop
  endfacet
  facet normal 0.0435533 -0.999051 0
    outer loop
      vertex 115 87.35 2.19
      vertex 114.477 87.3272 0
      vertex 115 87.35 0
    endloop
  endfacet
  facet normal -0.924091 0.382172 0
    outer loop
      vertex 120.438 78.8143 0
      vertex 120.638 79.2979 2.19
      vertex 120.638 79.2979 0
    endloop
  endfacet
  facet normal -0.924091 0.382172 0
    outer loop
      vertex 120.638 79.2979 2.19
      vertex 120.438 78.8143 0
      vertex 120.438 78.8143 2.19
    endloop
  endfacet
  facet normal -0.382554 -0.923933 0
    outer loop
      vertex 117.052 86.9882 0
      vertex 117.536 86.7878 2.19
      vertex 117.052 86.9882 2.19
    endloop
  endfacet
  facet normal -0.382554 -0.923933 -0
    outer loop
      vertex 117.536 86.7878 2.19
      vertex 117.052 86.9882 0
      vertex 117.536 86.7878 0
    endloop
  endfacet
  facet normal -0.537778 -0.843086 0
    outer loop
      vertex 118 86.5462 0
      vertex 118.441 86.2649 2.19
      vertex 118 86.5462 2.19
    endloop
  endfacet
  facet normal -0.537778 -0.843086 -0
    outer loop
      vertex 118.441 86.2649 2.19
      vertex 118 86.5462 0
      vertex 118.441 86.2649 0
    endloop
  endfacet
  facet normal -0.675586 0.737281 0
    outer loop
      vertex 119.243 77.1074 0
      vertex 118.857 76.7537 2.19
      vertex 119.243 77.1074 2.19
    endloop
  endfacet
  facet normal -0.675586 0.737281 0
    outer loop
      vertex 118.857 76.7537 2.19
      vertex 119.243 77.1074 0
      vertex 118.857 76.7537 0
    endloop
  endfacet
  facet normal -0.0435533 -0.999051 0
    outer loop
      vertex 115 87.35 0
      vertex 115.523 87.3272 2.19
      vertex 115 87.35 2.19
    endloop
  endfacet
  facet normal -0.0435533 -0.999051 -0
    outer loop
      vertex 115.523 87.3272 2.19
      vertex 115 87.35 0
      vertex 115.523 87.3272 0
    endloop
  endfacet
  facet normal 0.924091 0.382172 0
    outer loop
      vertex 109.562 78.8143 2.19
      vertex 109.362 79.2979 0
      vertex 109.362 79.2979 2.19
    endloop
  endfacet
  facet normal 0.924091 0.382172 0
    outer loop
      vertex 109.362 79.2979 0
      vertex 109.562 78.8143 2.19
      vertex 109.562 78.8143 0
    endloop
  endfacet
  facet normal 0.953386 -0.301753 0
    outer loop
      vertex 109.204 82.9029 2.19
      vertex 109.362 83.4021 0
      vertex 109.362 83.4021 2.19
    endloop
  endfacet
  facet normal 0.953386 -0.301753 0
    outer loop
      vertex 109.362 83.4021 0
      vertex 109.204 82.9029 2.19
      vertex 109.204 82.9029 0
    endloop
  endfacet
  facet normal 0.999034 0.043943 0
    outer loop
      vertex 109.023 80.8271 2.19
      vertex 109 81.35 0
      vertex 109 81.35 2.19
    endloop
  endfacet
  facet normal 0.999034 0.043943 0
    outer loop
      vertex 109 81.35 0
      vertex 109.023 80.8271 2.19
      vertex 109.023 80.8271 0
    endloop
  endfacet
  facet normal 0.461834 -0.886966 0
    outer loop
      vertex 112 86.5462 0
      vertex 112.464 86.7878 2.19
      vertex 112 86.5462 2.19
    endloop
  endfacet
  facet normal 0.461834 -0.886966 0
    outer loop
      vertex 112.464 86.7878 2.19
      vertex 112 86.5462 0
      vertex 112.464 86.7878 0
    endloop
  endfacet
  facet normal -0.30082 -0.953681 0
    outer loop
      vertex 116.553 87.1456 0
      vertex 117.052 86.9882 2.19
      vertex 116.553 87.1456 2.19
    endloop
  endfacet
  facet normal -0.30082 -0.953681 -0
    outer loop
      vertex 117.052 86.9882 2.19
      vertex 116.553 87.1456 0
      vertex 117.052 86.9882 0
    endloop
  endfacet
  facet normal 0.216465 -0.97629 0
    outer loop
      vertex 113.447 87.1456 0
      vertex 113.958 87.2589 2.19
      vertex 113.447 87.1456 2.19
    endloop
  endfacet
  facet normal 0.216465 -0.97629 0
    outer loop
      vertex 113.958 87.2589 2.19
      vertex 113.447 87.1456 0
      vertex 113.958 87.2589 0
    endloop
  endfacet
  facet normal -0.537778 0.843086 0
    outer loop
      vertex 118.441 76.4351 0
      vertex 118 76.1538 2.19
      vertex 118.441 76.4351 2.19
    endloop
  endfacet
  facet normal -0.537778 0.843086 0
    outer loop
      vertex 118 76.1538 2.19
      vertex 118.441 76.4351 0
      vertex 118 76.1538 0
    endloop
  endfacet
  facet normal -0.73786 0.674954 0
    outer loop
      vertex 119.243 77.1074 0
      vertex 119.596 77.4933 2.19
      vertex 119.596 77.4933 0
    endloop
  endfacet
  facet normal -0.73786 0.674954 0
    outer loop
      vertex 119.596 77.4933 2.19
      vertex 119.243 77.1074 0
      vertex 119.243 77.1074 2.19
    endloop
  endfacet
  facet normal 0.999034 -0.043943 0
    outer loop
      vertex 109 81.35 2.19
      vertex 109.023 81.8729 0
      vertex 109.023 81.8729 2.19
    endloop
  endfacet
  facet normal 0.999034 -0.043943 0
    outer loop
      vertex 109.023 81.8729 0
      vertex 109 81.35 2.19
      vertex 109 81.35 0
    endloop
  endfacet
  facet normal 0.675586 -0.737281 0
    outer loop
      vertex 110.757 85.5926 0
      vertex 111.143 85.9463 2.19
      vertex 110.757 85.5926 2.19
    endloop
  endfacet
  facet normal 0.675586 -0.737281 0
    outer loop
      vertex 111.143 85.9463 2.19
      vertex 110.757 85.5926 0
      vertex 111.143 85.9463 0
    endloop
  endfacet
  facet normal -0.843622 -0.536937 0
    outer loop
      vertex 120.196 84.35 0
      vertex 119.915 84.7915 2.19
      vertex 119.915 84.7915 0
    endloop
  endfacet
  facet normal -0.843622 -0.536937 0
    outer loop
      vertex 119.915 84.7915 2.19
      vertex 120.196 84.35 0
      vertex 120.196 84.35 2.19
    endloop
  endfacet
  facet normal 0.30082 -0.953681 0
    outer loop
      vertex 112.948 86.9882 0
      vertex 113.447 87.1456 2.19
      vertex 112.948 86.9882 2.19
    endloop
  endfacet
  facet normal 0.30082 -0.953681 0
    outer loop
      vertex 113.447 87.1456 2.19
      vertex 112.948 86.9882 0
      vertex 113.447 87.1456 0
    endloop
  endfacet
  facet normal -0.382554 0.923933 0
    outer loop
      vertex 117.536 75.9122 0
      vertex 117.052 75.7118 2.19
      vertex 117.536 75.9122 2.19
    endloop
  endfacet
  facet normal -0.382554 0.923933 0
    outer loop
      vertex 117.052 75.7118 2.19
      vertex 117.536 75.9122 0
      vertex 117.052 75.7118 0
    endloop
  endfacet
  facet normal -0.0435533 0.999051 0
    outer loop
      vertex 115.523 75.3728 0
      vertex 115 75.35 2.19
      vertex 115.523 75.3728 2.19
    endloop
  endfacet
  facet normal -0.0435533 0.999051 0
    outer loop
      vertex 115 75.35 2.19
      vertex 115.523 75.3728 0
      vertex 115 75.35 0
    endloop
  endfacet
  facet normal -0.886775 -0.4622 0
    outer loop
      vertex 120.438 83.8857 0
      vertex 120.196 84.35 2.19
      vertex 120.196 84.35 0
    endloop
  endfacet
  facet normal -0.886775 -0.4622 0
    outer loop
      vertex 120.196 84.35 2.19
      vertex 120.438 83.8857 0
      vertex 120.438 83.8857 2.19
    endloop
  endfacet
  facet normal -0.976411 0.215919 0
    outer loop
      vertex 120.796 79.7971 0
      vertex 120.909 80.3081 2.19
      vertex 120.909 80.3081 0
    endloop
  endfacet
  facet normal -0.976411 0.215919 0
    outer loop
      vertex 120.909 80.3081 2.19
      vertex 120.796 79.7971 0
      vertex 120.796 79.7971 2.19
    endloop
  endfacet
  facet normal -0.130474 -0.991452 0
    outer loop
      vertex 115.523 87.3272 0
      vertex 116.042 87.2589 2.19
      vertex 115.523 87.3272 2.19
    endloop
  endfacet
  facet normal -0.130474 -0.991452 -0
    outer loop
      vertex 116.042 87.2589 2.19
      vertex 115.523 87.3272 0
      vertex 116.042 87.2589 0
    endloop
  endfacet
  facet normal -0.675586 -0.737281 0
    outer loop
      vertex 118.857 85.9463 0
      vertex 119.243 85.5926 2.19
      vertex 118.857 85.9463 2.19
    endloop
  endfacet
  facet normal -0.675586 -0.737281 -0
    outer loop
      vertex 119.243 85.5926 2.19
      vertex 118.857 85.9463 0
      vertex 119.243 85.5926 0
    endloop
  endfacet
  facet normal -0.953386 0.301753 0
    outer loop
      vertex 120.638 79.2979 0
      vertex 120.796 79.7971 2.19
      vertex 120.796 79.7971 0
    endloop
  endfacet
  facet normal -0.953386 0.301753 0
    outer loop
      vertex 120.796 79.7971 2.19
      vertex 120.638 79.2979 0
      vertex 120.638 79.2979 2.19
    endloop
  endfacet
  facet normal 0.73786 -0.674954 0
    outer loop
      vertex 110.404 85.2067 2.19
      vertex 110.757 85.5926 0
      vertex 110.757 85.5926 2.19
    endloop
  endfacet
  facet normal 0.73786 -0.674954 0
    outer loop
      vertex 110.757 85.5926 0
      vertex 110.404 85.2067 2.19
      vertex 110.404 85.2067 0
    endloop
  endfacet
  facet normal 0.792979 -0.609249 0
    outer loop
      vertex 110.085 84.7915 2.19
      vertex 110.404 85.2067 0
      vertex 110.404 85.2067 2.19
    endloop
  endfacet
  facet normal 0.792979 -0.609249 0
    outer loop
      vertex 110.404 85.2067 0
      vertex 110.085 84.7915 2.19
      vertex 110.085 84.7915 0
    endloop
  endfacet
  facet normal -0.216283 0.976331 0
    outer loop
      vertex 116.553 75.5544 0
      vertex 116.042 75.4412 2.19
      vertex 116.553 75.5544 2.19
    endloop
  endfacet
  facet normal -0.216283 0.976331 0
    outer loop
      vertex 116.042 75.4412 2.19
      vertex 116.553 75.5544 0
      vertex 116.042 75.4412 0
    endloop
  endfacet
  facet normal 0.382554 -0.923933 0
    outer loop
      vertex 112.464 86.7878 0
      vertex 112.948 86.9882 2.19
      vertex 112.464 86.7878 2.19
    endloop
  endfacet
  facet normal 0.382554 -0.923933 0
    outer loop
      vertex 112.948 86.9882 2.19
      vertex 112.464 86.7878 0
      vertex 112.948 86.9882 0
    endloop
  endfacet
  facet normal 0.130474 -0.991452 0
    outer loop
      vertex 113.958 87.2589 0
      vertex 114.477 87.3272 2.19
      vertex 113.958 87.2589 2.19
    endloop
  endfacet
  facet normal 0.130474 -0.991452 0
    outer loop
      vertex 114.477 87.3272 2.19
      vertex 113.958 87.2589 0
      vertex 114.477 87.3272 0
    endloop
  endfacet
  facet normal -0.130662 0.991427 0
    outer loop
      vertex 116.042 75.4412 0
      vertex 115.523 75.3728 2.19
      vertex 116.042 75.4412 2.19
    endloop
  endfacet
  facet normal -0.130662 0.991427 0
    outer loop
      vertex 115.523 75.3728 2.19
      vertex 116.042 75.4412 0
      vertex 115.523 75.3728 0
    endloop
  endfacet
  facet normal 0.30082 0.953681 -0
    outer loop
      vertex 113.447 75.5544 0
      vertex 112.948 75.7118 2.19
      vertex 113.447 75.5544 2.19
    endloop
  endfacet
  facet normal 0.30082 0.953681 0
    outer loop
      vertex 112.948 75.7118 2.19
      vertex 113.447 75.5544 0
      vertex 112.948 75.7118 0
    endloop
  endfacet
  facet normal 0.991526 0.129911 0
    outer loop
      vertex 109.091 80.3081 2.19
      vertex 109.023 80.8271 0
      vertex 109.023 80.8271 2.19
    endloop
  endfacet
  facet normal 0.991526 0.129911 0
    outer loop
      vertex 109.023 80.8271 0
      vertex 109.091 80.3081 2.19
      vertex 109.091 80.3081 0
    endloop
  endfacet
  facet normal 0.886775 0.4622 0
    outer loop
      vertex 109.804 78.35 2.19
      vertex 109.562 78.8143 0
      vertex 109.562 78.8143 2.19
    endloop
  endfacet
  facet normal 0.886775 0.4622 0
    outer loop
      vertex 109.562 78.8143 0
      vertex 109.804 78.35 2.19
      vertex 109.804 78.35 0
    endloop
  endfacet
  facet normal -0.843622 0.536937 0
    outer loop
      vertex 119.915 77.9085 0
      vertex 120.196 78.35 2.19
      vertex 120.196 78.35 0
    endloop
  endfacet
  facet normal -0.843622 0.536937 0
    outer loop
      vertex 120.196 78.35 2.19
      vertex 119.915 77.9085 0
      vertex 119.915 77.9085 2.19
    endloop
  endfacet
  facet normal 0.608031 0.793913 -0
    outer loop
      vertex 111.559 76.4351 0
      vertex 111.143 76.7537 2.19
      vertex 111.559 76.4351 2.19
    endloop
  endfacet
  facet normal 0.608031 0.793913 0
    outer loop
      vertex 111.143 76.7537 2.19
      vertex 111.559 76.4351 0
      vertex 111.143 76.7537 0
    endloop
  endfacet
  facet normal 0.130662 0.991427 -0
    outer loop
      vertex 114.477 75.3728 0
      vertex 113.958 75.4412 2.19
      vertex 114.477 75.3728 2.19
    endloop
  endfacet
  facet normal 0.130662 0.991427 0
    outer loop
      vertex 113.958 75.4412 2.19
      vertex 114.477 75.3728 0
      vertex 113.958 75.4412 0
    endloop
  endfacet
  facet normal 0.792979 0.609249 0
    outer loop
      vertex 110.404 77.4933 2.19
      vertex 110.085 77.9085 0
      vertex 110.085 77.9085 2.19
    endloop
  endfacet
  facet normal 0.792979 0.609249 0
    outer loop
      vertex 110.085 77.9085 0
      vertex 110.404 77.4933 2.19
      vertex 110.404 77.4933 0
    endloop
  endfacet
  facet normal 0.461834 0.886966 -0
    outer loop
      vertex 112.464 75.9122 0
      vertex 112 76.1538 2.19
      vertex 112.464 75.9122 2.19
    endloop
  endfacet
  facet normal 0.461834 0.886966 0
    outer loop
      vertex 112 76.1538 2.19
      vertex 112.464 75.9122 0
      vertex 112 76.1538 0
    endloop
  endfacet
  facet normal 0.843622 -0.536937 0
    outer loop
      vertex 109.804 84.35 2.19
      vertex 110.085 84.7915 0
      vertex 110.085 84.7915 2.19
    endloop
  endfacet
  facet normal 0.843622 -0.536937 0
    outer loop
      vertex 110.085 84.7915 0
      vertex 109.804 84.35 2.19
      vertex 109.804 84.35 0
    endloop
  endfacet
  facet normal -0.73786 -0.674954 0
    outer loop
      vertex 119.596 85.2067 0
      vertex 119.243 85.5926 2.19
      vertex 119.243 85.5926 0
    endloop
  endfacet
  facet normal -0.73786 -0.674954 0
    outer loop
      vertex 119.243 85.5926 2.19
      vertex 119.596 85.2067 0
      vertex 119.596 85.2067 2.19
    endloop
  endfacet
  facet normal 0.843622 0.536937 0
    outer loop
      vertex 110.085 77.9085 2.19
      vertex 109.804 78.35 0
      vertex 109.804 78.35 2.19
    endloop
  endfacet
  facet normal 0.843622 0.536937 0
    outer loop
      vertex 109.804 78.35 0
      vertex 110.085 77.9085 2.19
      vertex 110.085 77.9085 0
    endloop
  endfacet
  facet normal 0.976411 0.215919 0
    outer loop
      vertex 109.204 79.7971 2.19
      vertex 109.091 80.3081 0
      vertex 109.091 80.3081 2.19
    endloop
  endfacet
  facet normal 0.976411 0.215919 0
    outer loop
      vertex 109.091 80.3081 0
      vertex 109.204 79.7971 2.19
      vertex 109.204 79.7971 0
    endloop
  endfacet
  facet normal 0.924091 -0.382172 0
    outer loop
      vertex 109.362 83.4021 2.19
      vertex 109.562 83.8857 0
      vertex 109.562 83.8857 2.19
    endloop
  endfacet
  facet normal 0.924091 -0.382172 0
    outer loop
      vertex 109.562 83.8857 0
      vertex 109.362 83.4021 2.19
      vertex 109.362 83.4021 0
    endloop
  endfacet
  facet normal 0.608031 -0.793913 0
    outer loop
      vertex 111.143 85.9463 0
      vertex 111.559 86.2649 2.19
      vertex 111.143 85.9463 2.19
    endloop
  endfacet
  facet normal 0.608031 -0.793913 0
    outer loop
      vertex 111.559 86.2649 2.19
      vertex 111.143 85.9463 0
      vertex 111.559 86.2649 0
    endloop
  endfacet
  facet normal -0.216465 -0.97629 0
    outer loop
      vertex 116.042 87.2589 0
      vertex 116.553 87.1456 2.19
      vertex 116.042 87.2589 2.19
    endloop
  endfacet
  facet normal -0.216465 -0.97629 -0
    outer loop
      vertex 116.553 87.1456 2.19
      vertex 116.042 87.2589 0
      vertex 116.553 87.1456 0
    endloop
  endfacet
  facet normal 0.216283 0.976331 -0
    outer loop
      vertex 113.958 75.4412 0
      vertex 113.447 75.5544 2.19
      vertex 113.958 75.4412 2.19
    endloop
  endfacet
  facet normal 0.216283 0.976331 0
    outer loop
      vertex 113.447 75.5544 2.19
      vertex 113.958 75.4412 0
      vertex 113.447 75.5544 0
    endloop
  endfacet
  facet normal 0.675586 0.737281 -0
    outer loop
      vertex 111.143 76.7537 0
      vertex 110.757 77.1074 2.19
      vertex 111.143 76.7537 2.19
    endloop
  endfacet
  facet normal 0.675586 0.737281 0
    outer loop
      vertex 110.757 77.1074 2.19
      vertex 111.143 76.7537 0
      vertex 110.757 77.1074 0
    endloop
  endfacet
  facet normal 0.976411 -0.215919 0
    outer loop
      vertex 109.091 82.3919 2.19
      vertex 109.204 82.9029 0
      vertex 109.204 82.9029 2.19
    endloop
  endfacet
  facet normal 0.976411 -0.215919 0
    outer loop
      vertex 109.204 82.9029 0
      vertex 109.091 82.3919 2.19
      vertex 109.091 82.3919 0
    endloop
  endfacet
  facet normal 0.382554 0.923933 -0
    outer loop
      vertex 112.948 75.7118 0
      vertex 112.464 75.9122 2.19
      vertex 112.948 75.7118 2.19
    endloop
  endfacet
  facet normal 0.382554 0.923933 0
    outer loop
      vertex 112.464 75.9122 2.19
      vertex 112.948 75.7118 0
      vertex 112.464 75.9122 0
    endloop
  endfacet
  facet normal -0.707107 0 -0.707107
    outer loop
      vertex 3.01227 4.5 0
      vertex 0 96.35 3.01227
      vertex 3.01227 96.35 0
    endloop
  endfacet
  facet normal -0.707107 -0 -0.707107
    outer loop
      vertex 0 96.35 3.01227
      vertex 3.01227 4.5 0
      vertex 0 4.5 3.01227
    endloop
  endfacet
  facet normal -0.707107 0 -0.707107
    outer loop
      vertex 3.01227 -96.35 0
      vertex 0 -4.5 3.01227
      vertex 3.01227 -4.5 0
    endloop
  endfacet
  facet normal -0.707107 -0 -0.707107
    outer loop
      vertex 0 -4.5 3.01227
      vertex 3.01227 -96.35 0
      vertex 0 -96.35 3.01227
    endloop
  endfacet
  facet normal 0.707138 0 -0.707075
    outer loop
      vertex 126.988 4.5 0
      vertex 130 96.35 3.01227
      vertex 130 4.5 3.01227
    endloop
  endfacet
  facet normal 0.707138 0 -0.707075
    outer loop
      vertex 130 96.35 3.01227
      vertex 126.988 4.5 0
      vertex 126.988 96.35 0
    endloop
  endfacet
  facet normal 0.707138 0 -0.707075
    outer loop
      vertex 126.988 -96.35 0
      vertex 130 -4.5 3.01227
      vertex 130 -96.35 3.01227
    endloop
  endfacet
  facet normal 0.707138 0 -0.707075
    outer loop
      vertex 130 -4.5 3.01227
      vertex 126.988 -96.35 0
      vertex 126.988 -4.5 0
    endloop
  endfacet
  facet normal -0.991458 -0.130428 0
    outer loop
      vertex 25.2414 -81.1539 0
      vertex 25.2158 -80.9593 12
      vertex 25.2158 -80.9593 0
    endloop
  endfacet
  facet normal -0.991458 -0.130428 0
    outer loop
      vertex 25.2158 -80.9593 12
      vertex 25.2414 -81.1539 0
      vertex 25.2414 -81.1539 12
    endloop
  endfacet
  facet normal -0.99904 -0.0438131 0
    outer loop
      vertex 25.25 -81.35 0
      vertex 25.2414 -81.1539 12
      vertex 25.2414 -81.1539 0
    endloop
  endfacet
  facet normal -0.99904 -0.0438131 0
    outer loop
      vertex 25.2414 -81.1539 12
      vertex 25.25 -81.35 0
      vertex 25.25 -81.35 12
    endloop
  endfacet
  facet normal -0.976271 -0.216553 0
    outer loop
      vertex 25.2158 -80.9593 0
      vertex 25.1733 -80.7677 12
      vertex 25.1733 -80.7677 0
    endloop
  endfacet
  facet normal -0.976271 -0.216553 0
    outer loop
      vertex 25.1733 -80.7677 12
      vertex 25.2158 -80.9593 0
      vertex 25.2158 -80.9593 12
    endloop
  endfacet
  facet normal 0.382517 0.923949 -0
    outer loop
      vertex 22.2305 -83.4643 0
      vertex 22.0491 -83.3892 12
      vertex 22.2305 -83.4643 12
    endloop
  endfacet
  facet normal 0.382517 0.923949 0
    outer loop
      vertex 22.0491 -83.3892 12
      vertex 22.2305 -83.4643 0
      vertex 22.0491 -83.3892 0
    endloop
  endfacet
  facet normal -0.608603 -0.793475 0
    outer loop
      vertex 24.2905 -79.5069 0
      vertex 24.4463 -79.6264 12
      vertex 24.2905 -79.5069 12
    endloop
  endfacet
  facet normal -0.608603 -0.793475 -0
    outer loop
      vertex 24.4463 -79.6264 12
      vertex 24.2905 -79.5069 0
      vertex 24.4463 -79.6264 0
    endloop
  endfacet
  facet normal -0.537535 0.843242 0
    outer loop
      vertex 24.2905 -83.1931 0
      vertex 24.125 -83.2986 12
      vertex 24.2905 -83.1931 12
    endloop
  endfacet
  facet normal -0.537535 0.843242 0
    outer loop
      vertex 24.125 -83.2986 12
      vertex 24.2905 -83.1931 0
      vertex 24.125 -83.2986 0
    endloop
  endfacet
  facet normal -0.793475 -0.608603 0
    outer loop
      vertex 24.8431 -80.0595 0
      vertex 24.7236 -79.9037 12
      vertex 24.7236 -79.9037 0
    endloop
  endfacet
  facet normal -0.793475 -0.608603 0
    outer loop
      vertex 24.7236 -79.9037 12
      vertex 24.8431 -80.0595 0
      vertex 24.8431 -80.0595 12
    endloop
  endfacet
  facet normal 0.130428 0.991458 -0
    outer loop
      vertex 22.8039 -83.5914 0
      vertex 22.6093 -83.5658 12
      vertex 22.8039 -83.5914 12
    endloop
  endfacet
  facet normal 0.130428 0.991458 0
    outer loop
      vertex 22.6093 -83.5658 12
      vertex 22.8039 -83.5914 0
      vertex 22.6093 -83.5658 0
    endloop
  endfacet
  facet normal -0.73726 0.675609 0
    outer loop
      vertex 24.591 -82.941 0
      vertex 24.7236 -82.7963 12
      vertex 24.7236 -82.7963 0
    endloop
  endfacet
  facet normal -0.73726 0.675609 0
    outer loop
      vertex 24.7236 -82.7963 12
      vertex 24.591 -82.941 0
      vertex 24.591 -82.941 12
    endloop
  endfacet
  facet normal 0.300595 0.953752 -0
    outer loop
      vertex 22.4177 -83.5233 0
      vertex 22.2305 -83.4643 12
      vertex 22.4177 -83.5233 12
    endloop
  endfacet
  facet normal 0.300595 0.953752 0
    outer loop
      vertex 22.2305 -83.4643 12
      vertex 22.4177 -83.5233 0
      vertex 22.2305 -83.4643 0
    endloop
  endfacet
  facet normal 0.991458 0.130428 0
    outer loop
      vertex 20.7842 -81.7407 12
      vertex 20.7586 -81.5461 2.19
      vertex 20.7586 -81.5461 12
    endloop
  endfacet
  facet normal 0.991458 0.130428 0
    outer loop
      vertex 20.7586 -81.5461 2.19
      vertex 20.7842 -81.7407 12
      vertex 20.7842 -81.7407 2.19
    endloop
  endfacet
  facet normal -0.953752 -0.300595 0
    outer loop
      vertex 25.1733 -80.7677 0
      vertex 25.1143 -80.5805 12
      vertex 25.1143 -80.5805 0
    endloop
  endfacet
  facet normal -0.953752 -0.300595 0
    outer loop
      vertex 25.1143 -80.5805 12
      vertex 25.1733 -80.7677 0
      vertex 25.1733 -80.7677 12
    endloop
  endfacet
  facet normal -0.300595 0.953752 0
    outer loop
      vertex 23.7695 -83.4643 0
      vertex 23.5823 -83.5233 12
      vertex 23.7695 -83.4643 12
    endloop
  endfacet
  facet normal -0.300595 0.953752 0
    outer loop
      vertex 23.5823 -83.5233 12
      vertex 23.7695 -83.4643 0
      vertex 23.5823 -83.5233 0
    endloop
  endfacet
  facet normal 0.923808 0.382855 0
    outer loop
      vertex 20.8857 -82.1195 12
      vertex 20.9305 -82.2276 2.19
      vertex 20.8857 -82.1195 2.19
    endloop
  endfacet
  facet normal 0.923949 0.382517 4.36654e-06
    outer loop
      vertex 20.9608 -82.3009 12
      vertex 20.9305 -82.2276 2.19
      vertex 20.8857 -82.1195 12
    endloop
  endfacet
  facet normal 0.924155 0.382018 -0
    outer loop
      vertex 20.9608 -82.3009 0
      vertex 20.9305 -82.2276 2.19
      vertex 20.9608 -82.3009 12
    endloop
  endfacet
  facet normal 0.924155 0.382018 0
    outer loop
      vertex 20.9305 -82.2276 2.19
      vertex 20.9608 -82.3009 0
      vertex 20.9305 -82.2276 0
    endloop
  endfacet
  facet normal -0.923949 0.382517 0
    outer loop
      vertex 25.0392 -82.3009 0
      vertex 25.1143 -82.1195 12
      vertex 25.1143 -82.1195 0
    endloop
  endfacet
  facet normal -0.923949 0.382517 0
    outer loop
      vertex 25.1143 -82.1195 12
      vertex 25.0392 -82.3009 0
      vertex 25.0392 -82.3009 12
    endloop
  endfacet
  facet normal 0.887075 0.461625 0
    outer loop
      vertex 21.0514 -82.475 12
      vertex 20.9608 -82.3009 0
      vertex 20.9608 -82.3009 12
    endloop
  endfacet
  facet normal 0.887075 0.461625 0
    outer loop
      vertex 20.9608 -82.3009 0
      vertex 21.0514 -82.475 12
      vertex 21.0514 -82.475 0
    endloop
  endfacet
  facet normal -0.216553 0.976271 0
    outer loop
      vertex 23.5823 -83.5233 0
      vertex 23.3907 -83.5658 12
      vertex 23.5823 -83.5233 12
    endloop
  endfacet
  facet normal -0.216553 0.976271 0
    outer loop
      vertex 23.3907 -83.5658 12
      vertex 23.5823 -83.5233 0
      vertex 23.3907 -83.5658 0
    endloop
  endfacet
  facet normal -0.887075 -0.461625 0
    outer loop
      vertex 25.0392 -80.3991 0
      vertex 24.9486 -80.225 12
      vertex 24.9486 -80.225 0
    endloop
  endfacet
  facet normal -0.887075 -0.461625 0
    outer loop
      vertex 24.9486 -80.225 12
      vertex 25.0392 -80.3991 0
      vertex 25.0392 -80.3991 12
    endloop
  endfacet
  facet normal 0 0 -1
    outer loop
      vertex 27.4829 -81.7422 17
      vertex 27.4829 -80.9578 17
      vertex 27.5 -81.35 17
    endloop
  endfacet
  facet normal 0 0 -1
    outer loop
      vertex 27.4316 -82.1314 17
      vertex 27.4829 -80.9578 17
      vertex 27.4829 -81.7422 17
    endloop
  endfacet
  facet normal 0 0 -1
    outer loop
      vertex 27.4316 -82.1314 17
      vertex 27.4316 -80.5686 17
      vertex 27.4829 -80.9578 17
    endloop
  endfacet
  facet normal 0 0 -1
    outer loop
      vertex 27.3467 -82.5147 17
      vertex 27.4316 -80.5686 17
      vertex 27.4316 -82.1314 17
    endloop
  endfacet
  facet normal 0 0 -1
    outer loop
      vertex 27.3467 -82.5147 17
      vertex 27.3467 -80.1853 17
      vertex 27.4316 -80.5686 17
    endloop
  endfacet
  facet normal 0 0 -1
    outer loop
      vertex 27.2286 -82.8891 17
      vertex 27.3467 -80.1853 17
      vertex 27.3467 -82.5147 17
    endloop
  endfacet
  facet normal 0 0 -1
    outer loop
      vertex 27.2286 -82.8891 17
      vertex 27.2286 -79.8109 17
      vertex 27.3467 -80.1853 17
    endloop
  endfacet
  facet normal 0 0 -1
    outer loop
      vertex 27.0784 -83.2518 17
      vertex 27.2286 -79.8109 17
      vertex 27.2286 -82.8891 17
    endloop
  endfacet
  facet normal 0 0 -1
    outer loop
      vertex 27.0784 -83.2518 17
      vertex 27.0784 -79.4482 17
      vertex 27.2286 -79.8109 17
    endloop
  endfacet
  facet normal 0 0 -1
    outer loop
      vertex 26.8971 -83.6 17
      vertex 27.0784 -79.4482 17
      vertex 27.0784 -83.2518 17
    endloop
  endfacet
  facet normal 0 0 -1
    outer loop
      vertex 26.8971 -83.6 17
      vertex 26.8971 -79.1 17
      vertex 27.0784 -79.4482 17
    endloop
  endfacet
  facet normal 0 0 -1
    outer loop
      vertex 26.6862 -83.9311 17
      vertex 26.8971 -79.1 17
      vertex 26.8971 -83.6 17
    endloop
  endfacet
  facet normal 0 0 -1
    outer loop
      vertex 26.6862 -83.9311 17
      vertex 26.6862 -78.7689 17
      vertex 26.8971 -79.1 17
    endloop
  endfacet
  facet normal 0 0 -1
    outer loop
      vertex 26.4472 -84.2425 17
      vertex 26.6862 -78.7689 17
      vertex 26.6862 -83.9311 17
    endloop
  endfacet
  facet normal 0 0 -1
    outer loop
      vertex 26.4472 -84.2425 17
      vertex 26.4472 -78.4575 17
      vertex 26.6862 -78.7689 17
    endloop
  endfacet
  facet normal 0 0 -1
    outer loop
      vertex 26.182 -84.532 17
      vertex 26.4472 -78.4575 17
      vertex 26.4472 -84.2425 17
    endloop
  endfacet
  facet normal 0 0 -1
    outer loop
      vertex 26.182 -84.532 17
      vertex 26.182 -78.168 17
      vertex 26.4472 -78.4575 17
    endloop
  endfacet
  facet normal 0 0 -1
    outer loop
      vertex 25.8925 -84.7972 17
      vertex 26.182 -78.168 17
      vertex 26.182 -84.532 17
    endloop
  endfacet
  facet normal 0 0 -1
    outer loop
      vertex 25.8925 -84.7972 17
      vertex 25.8925 -77.9028 17
      vertex 26.182 -78.168 17
    endloop
  endfacet
  facet normal 0 0 -1
    outer loop
      vertex 25.5811 -85.0362 17
      vertex 25.8925 -77.9028 17
      vertex 25.8925 -84.7972 17
    endloop
  endfacet
  facet normal 0 0 -1
    outer loop
      vertex 25.5811 -85.0362 17
      vertex 25.5811 -77.6638 17
      vertex 25.8925 -77.9028 17
    endloop
  endfacet
  facet normal 0 0 -1
    outer loop
      vertex 25.25 -85.2471 17
      vertex 25.5811 -77.6638 17
      vertex 25.5811 -85.0362 17
    endloop
  endfacet
  facet normal 0 0 -1
    outer loop
      vertex 25.25 -85.2471 17
      vertex 25.25 -77.4529 17
      vertex 25.5811 -77.6638 17
    endloop
  endfacet
  facet normal 0 0 -1
    outer loop
      vertex 24.9018 -85.4284 17
      vertex 25.25 -77.4529 17
      vertex 25.25 -85.2471 17
    endloop
  endfacet
  facet normal 0 0 -1
    outer loop
      vertex 24.9018 -85.4284 17
      vertex 24.9018 -77.2716 17
      vertex 25.25 -77.4529 17
    endloop
  endfacet
  facet normal 0 0 -1
    outer loop
      vertex 24.5391 -85.5786 17
      vertex 24.9018 -77.2716 17
      vertex 24.9018 -85.4284 17
    endloop
  endfacet
  facet normal 0 0 -1
    outer loop
      vertex 24.5391 -85.5786 17
      vertex 24.5391 -77.1214 17
      vertex 24.9018 -77.2716 17
    endloop
  endfacet
  facet normal 0 0 -1
    outer loop
      vertex 24.1647 -85.6967 17
      vertex 24.5391 -77.1214 17
      vertex 24.5391 -85.5786 17
    endloop
  endfacet
  facet normal 0 0 -1
    outer loop
      vertex 24.1647 -85.6967 17
      vertex 24.1647 -77.0033 17
      vertex 24.5391 -77.1214 17
    endloop
  endfacet
  facet normal 0 0 -1
    outer loop
      vertex 23.7814 -85.7816 17
      vertex 24.1647 -77.0033 17
      vertex 24.1647 -85.6967 17
    endloop
  endfacet
  facet normal 0 0 -1
    outer loop
      vertex 23.7814 -85.7816 17
      vertex 23.7814 -76.9184 17
      vertex 24.1647 -77.0033 17
    endloop
  endfacet
  facet normal 0 0 -1
    outer loop
      vertex 23.3922 -85.8329 17
      vertex 23.7814 -76.9184 17
      vertex 23.7814 -85.7816 17
    endloop
  endfacet
  facet normal 0 0 -1
    outer loop
      vertex 23.3922 -85.8329 17
      vertex 23.3922 -76.8671 17
      vertex 23.7814 -76.9184 17
    endloop
  endfacet
  facet normal 0 0 -1
    outer loop
      vertex 23 -85.85 17
      vertex 23.3922 -76.8671 17
      vertex 23.3922 -85.8329 17
    endloop
  endfacet
  facet normal 0 0 -1
    outer loop
      vertex 23 -85.85 17
      vertex 23 -76.85 17
      vertex 23.3922 -76.8671 17
    endloop
  endfacet
  facet normal 0 0 -1
    outer loop
      vertex 22.6078 -85.8329 17
      vertex 23 -76.85 17
      vertex 23 -85.85 17
    endloop
  endfacet
  facet normal 0 0 -1
    outer loop
      vertex 22.6078 -85.8329 17
      vertex 22.6078 -76.8671 17
      vertex 23 -76.85 17
    endloop
  endfacet
  facet normal 0 0 -1
    outer loop
      vertex 22.2186 -85.7816 17
      vertex 22.6078 -76.8671 17
      vertex 22.6078 -85.8329 17
    endloop
  endfacet
  facet normal 0 0 -1
    outer loop
      vertex 22.2186 -85.7816 17
      vertex 22.2186 -76.9184 17
      vertex 22.6078 -76.8671 17
    endloop
  endfacet
  facet normal 0 0 -1
    outer loop
      vertex 21.8353 -85.6967 17
      vertex 22.2186 -76.9184 17
      vertex 22.2186 -85.7816 17
    endloop
  endfacet
  facet normal 0 0 -1
    outer loop
      vertex 21.8353 -85.6967 17
      vertex 21.8353 -77.0033 17
      vertex 22.2186 -76.9184 17
    endloop
  endfacet
  facet normal 0 0 -1
    outer loop
      vertex 21.4609 -85.5786 17
      vertex 21.8353 -77.0033 17
      vertex 21.8353 -85.6967 17
    endloop
  endfacet
  facet normal 0 0 -1
    outer loop
      vertex 21.4609 -85.5786 17
      vertex 21.4609 -77.1214 17
      vertex 21.8353 -77.0033 17
    endloop
  endfacet
  facet normal 0 0 -1
    outer loop
      vertex 21.0982 -85.4284 17
      vertex 21.4609 -77.1214 17
      vertex 21.4609 -85.5786 17
    endloop
  endfacet
  facet normal 0 0 -1
    outer loop
      vertex 21.0982 -85.4284 17
      vertex 21.0982 -77.2716 17
      vertex 21.4609 -77.1214 17
    endloop
  endfacet
  facet normal 0 0 -1
    outer loop
      vertex 20.75 -85.2471 17
      vertex 21.0982 -77.2716 17
      vertex 21.0982 -85.4284 17
    endloop
  endfacet
  facet normal 0 0 -1
    outer loop
      vertex 20.75 -85.2471 17
      vertex 20.75 -77.4529 17
      vertex 21.0982 -77.2716 17
    endloop
  endfacet
  facet normal 0 0 -1
    outer loop
      vertex 20.1773 -84.8508 17
      vertex 20.75 -85.2471 17
      vertex 20.4189 -85.0362 17
    endloop
  endfacet
  facet normal 0 0 -1
    outer loop
      vertex 20.75 -85.2471 17
      vertex 20.1773 -84.8508 17
      vertex 20.75 -77.4529 17
    endloop
  endfacet
  facet normal 0 0 -1
    outer loop
      vertex 20.1773 -77.8492 17
      vertex 20.75 -77.4529 17
      vertex 20.1773 -84.8508 17
    endloop
  endfacet
  facet normal 0 0 -1
    outer loop
      vertex 20.75 -77.4529 17
      vertex 20.1773 -77.8492 17
      vertex 20.4189 -77.6638 17
    endloop
  endfacet
  facet normal -0.887075 0.461625 0
    outer loop
      vertex 24.9486 -82.475 0
      vertex 25.0392 -82.3009 12
      vertex 25.0392 -82.3009 0
    endloop
  endfacet
  facet normal -0.887075 0.461625 0
    outer loop
      vertex 25.0392 -82.3009 12
      vertex 24.9486 -82.475 0
      vertex 24.9486 -82.475 12
    endloop
  endfacet
  facet normal -0.991458 0.130428 0
    outer loop
      vertex 25.2158 -81.7407 0
      vertex 25.2414 -81.5461 12
      vertex 25.2414 -81.5461 0
    endloop
  endfacet
  facet normal -0.991458 0.130428 0
    outer loop
      vertex 25.2414 -81.5461 12
      vertex 25.2158 -81.7407 0
      vertex 25.2158 -81.7407 12
    endloop
  endfacet
  facet normal -0.99904 0.0438131 0
    outer loop
      vertex 25.2414 -81.5461 0
      vertex 25.25 -81.35 12
      vertex 25.25 -81.35 0
    endloop
  endfacet
  facet normal -0.99904 0.0438131 0
    outer loop
      vertex 25.25 -81.35 12
      vertex 25.2414 -81.5461 0
      vertex 25.2414 -81.5461 12
    endloop
  endfacet
  facet normal -0.461625 0.887075 0
    outer loop
      vertex 24.125 -83.2986 0
      vertex 23.9509 -83.3892 12
      vertex 24.125 -83.2986 12
    endloop
  endfacet
  facet normal -0.461625 0.887075 0
    outer loop
      vertex 23.9509 -83.3892 12
      vertex 24.125 -83.2986 0
      vertex 23.9509 -83.3892 0
    endloop
  endfacet
  facet normal 0.73726 0.675609 0
    outer loop
      vertex 21.409 -82.941 12
      vertex 21.2764 -82.7963 0
      vertex 21.2764 -82.7963 12
    endloop
  endfacet
  facet normal 0.73726 0.675609 0
    outer loop
      vertex 21.2764 -82.7963 0
      vertex 21.409 -82.941 12
      vertex 21.409 -82.941 0
    endloop
  endfacet
  facet normal 0.0438131 0.99904 -0
    outer loop
      vertex 23 -83.6 0
      vertex 22.8039 -83.5914 12
      vertex 23 -83.6 12
    endloop
  endfacet
  facet normal 0.0438131 0.99904 0
    outer loop
      vertex 22.8039 -83.5914 12
      vertex 23 -83.6 0
      vertex 22.8039 -83.5914 0
    endloop
  endfacet
  facet normal 0.300595 -0.953752 0
    outer loop
      vertex 22.2305 -79.2357 0
      vertex 22.4177 -79.1767 12
      vertex 22.2305 -79.2357 12
    endloop
  endfacet
  facet normal 0.300595 -0.953752 0
    outer loop
      vertex 22.4177 -79.1767 12
      vertex 22.2305 -79.2357 0
      vertex 22.4177 -79.1767 0
    endloop
  endfacet
  facet normal 0.608603 0.793475 -0
    outer loop
      vertex 21.7095 -83.1931 0
      vertex 21.5537 -83.0736 12
      vertex 21.7095 -83.1931 12
    endloop
  endfacet
  facet normal 0.608603 0.793475 0
    outer loop
      vertex 21.5537 -83.0736 12
      vertex 21.7095 -83.1931 0
      vertex 21.5537 -83.0736 0
    endloop
  endfacet
  facet normal 0.675609 0.73726 -0
    outer loop
      vertex 21.5537 -83.0736 0
      vertex 21.409 -82.941 12
      vertex 21.5537 -83.0736 12
    endloop
  endfacet
  facet normal 0.675609 0.73726 0
    outer loop
      vertex 21.409 -82.941 12
      vertex 21.5537 -83.0736 0
      vertex 21.409 -82.941 0
    endloop
  endfacet
  facet normal -0.675609 -0.73726 0
    outer loop
      vertex 24.4463 -79.6264 0
      vertex 24.591 -79.759 12
      vertex 24.4463 -79.6264 12
    endloop
  endfacet
  facet normal -0.675609 -0.73726 -0
    outer loop
      vertex 24.591 -79.759 12
      vertex 24.4463 -79.6264 0
      vertex 24.591 -79.759 0
    endloop
  endfacet
  facet normal 0.216553 -0.976271 0
    outer loop
      vertex 22.4177 -79.1767 0
      vertex 22.6093 -79.1342 12
      vertex 22.4177 -79.1767 12
    endloop
  endfacet
  facet normal 0.216553 -0.976271 0
    outer loop
      vertex 22.6093 -79.1342 12
      vertex 22.4177 -79.1767 0
      vertex 22.6093 -79.1342 0
    endloop
  endfacet
  facet normal 0.991458 -0.130428 0
    outer loop
      vertex 20.7586 -81.1539 12
      vertex 20.7842 -80.9593 2.19
      vertex 20.7842 -80.9593 12
    endloop
  endfacet
  facet normal 0.991458 -0.130428 0
    outer loop
      vertex 20.7842 -80.9593 2.19
      vertex 20.7586 -81.1539 12
      vertex 20.7586 -81.1539 2.19
    endloop
  endfacet
  facet normal -0.843242 0.537535 0
    outer loop
      vertex 24.8431 -82.6405 0
      vertex 24.9486 -82.475 12
      vertex 24.9486 -82.475 0
    endloop
  endfacet
  facet normal -0.843242 0.537535 0
    outer loop
      vertex 24.9486 -82.475 12
      vertex 24.8431 -82.6405 0
      vertex 24.8431 -82.6405 12
    endloop
  endfacet
  facet normal 0.537535 -0.843242 0
    outer loop
      vertex 21.7095 -79.5069 0
      vertex 21.875 -79.4014 12
      vertex 21.7095 -79.5069 12
    endloop
  endfacet
  facet normal 0.537535 -0.843242 0
    outer loop
      vertex 21.875 -79.4014 12
      vertex 21.7095 -79.5069 0
      vertex 21.875 -79.4014 0
    endloop
  endfacet
  facet normal -0.300595 -0.953752 0
    outer loop
      vertex 23.5823 -79.1767 0
      vertex 23.7695 -79.2357 12
      vertex 23.5823 -79.1767 12
    endloop
  endfacet
  facet normal -0.300595 -0.953752 -0
    outer loop
      vertex 23.7695 -79.2357 12
      vertex 23.5823 -79.1767 0
      vertex 23.7695 -79.2357 0
    endloop
  endfacet
  facet normal -0.923949 -0.382517 0
    outer loop
      vertex 25.1143 -80.5805 0
      vertex 25.0392 -80.3991 12
      vertex 25.0392 -80.3991 0
    endloop
  endfacet
  facet normal -0.923949 -0.382517 0
    outer loop
      vertex 25.0392 -80.3991 12
      vertex 25.1143 -80.5805 0
      vertex 25.1143 -80.5805 12
    endloop
  endfacet
  facet normal -0.382517 0.923949 0
    outer loop
      vertex 23.9509 -83.3892 0
      vertex 23.7695 -83.4643 12
      vertex 23.9509 -83.3892 12
    endloop
  endfacet
  facet normal -0.382517 0.923949 0
    outer loop
      vertex 23.7695 -83.4643 12
      vertex 23.9509 -83.3892 0
      vertex 23.7695 -83.4643 0
    endloop
  endfacet
  facet normal -0.953752 0.300595 0
    outer loop
      vertex 25.1143 -82.1195 0
      vertex 25.1733 -81.9323 12
      vertex 25.1733 -81.9323 0
    endloop
  endfacet
  facet normal -0.953752 0.300595 0
    outer loop
      vertex 25.1733 -81.9323 12
      vertex 25.1143 -82.1195 0
      vertex 25.1143 -82.1195 12
    endloop
  endfacet
  facet normal -0.461625 -0.887075 0
    outer loop
      vertex 23.9509 -79.3108 0
      vertex 24.125 -79.4014 12
      vertex 23.9509 -79.3108 12
    endloop
  endfacet
  facet normal -0.461625 -0.887075 -0
    outer loop
      vertex 24.125 -79.4014 12
      vertex 23.9509 -79.3108 0
      vertex 24.125 -79.4014 0
    endloop
  endfacet
  facet normal -0.216553 -0.976271 0
    outer loop
      vertex 23.3907 -79.1342 0
      vertex 23.5823 -79.1767 12
      vertex 23.3907 -79.1342 12
    endloop
  endfacet
  facet normal -0.216553 -0.976271 -0
    outer loop
      vertex 23.5823 -79.1767 12
      vertex 23.3907 -79.1342 0
      vertex 23.5823 -79.1767 0
    endloop
  endfacet
  facet normal -0.537535 -0.843242 0
    outer loop
      vertex 24.125 -79.4014 0
      vertex 24.2905 -79.5069 12
      vertex 24.125 -79.4014 12
    endloop
  endfacet
  facet normal -0.537535 -0.843242 -0
    outer loop
      vertex 24.2905 -79.5069 12
      vertex 24.125 -79.4014 0
      vertex 24.2905 -79.5069 0
    endloop
  endfacet
  facet normal 0.0438131 -0.99904 0
    outer loop
      vertex 22.8039 -79.1086 0
      vertex 23 -79.1 12
      vertex 22.8039 -79.1086 12
    endloop
  endfacet
  facet normal 0.0438131 -0.99904 0
    outer loop
      vertex 23 -79.1 12
      vertex 22.8039 -79.1086 0
      vertex 23 -79.1 0
    endloop
  endfacet
  facet normal 0.843242 0.537535 0
    outer loop
      vertex 21.1569 -82.6405 12
      vertex 21.0514 -82.475 0
      vertex 21.0514 -82.475 12
    endloop
  endfacet
  facet normal 0.843242 0.537535 0
    outer loop
      vertex 21.0514 -82.475 0
      vertex 21.1569 -82.6405 12
      vertex 21.1569 -82.6405 0
    endloop
  endfacet
  facet normal 0.953752 -0.300595 0
    outer loop
      vertex 20.8267 -80.7677 12
      vertex 20.8857 -80.5805 2.19
      vertex 20.8857 -80.5805 12
    endloop
  endfacet
  facet normal 0.953752 -0.300595 0
    outer loop
      vertex 20.8857 -80.5805 2.19
      vertex 20.8267 -80.7677 12
      vertex 20.8267 -80.7677 2.19
    endloop
  endfacet
  facet normal 0.537535 0.843242 -0
    outer loop
      vertex 21.875 -83.2986 0
      vertex 21.7095 -83.1931 12
      vertex 21.875 -83.2986 12
    endloop
  endfacet
  facet normal 0.537535 0.843242 0
    outer loop
      vertex 21.7095 -83.1931 12
      vertex 21.875 -83.2986 0
      vertex 21.7095 -83.1931 0
    endloop
  endfacet
  facet normal -0.843242 -0.537535 0
    outer loop
      vertex 24.9486 -80.225 0
      vertex 24.8431 -80.0595 12
      vertex 24.8431 -80.0595 0
    endloop
  endfacet
  facet normal -0.843242 -0.537535 0
    outer loop
      vertex 24.8431 -80.0595 12
      vertex 24.9486 -80.225 0
      vertex 24.9486 -80.225 12
    endloop
  endfacet
  facet normal -0.608603 0.793475 0
    outer loop
      vertex 24.4463 -83.0736 0
      vertex 24.2905 -83.1931 12
      vertex 24.4463 -83.0736 12
    endloop
  endfacet
  facet normal -0.608603 0.793475 0
    outer loop
      vertex 24.2905 -83.1931 12
      vertex 24.4463 -83.0736 0
      vertex 24.2905 -83.1931 0
    endloop
  endfacet
  facet normal -0.0438131 -0.99904 0
    outer loop
      vertex 23 -79.1 0
      vertex 23.1961 -79.1086 12
      vertex 23 -79.1 12
    endloop
  endfacet
  facet normal -0.0438131 -0.99904 -0
    outer loop
      vertex 23.1961 -79.1086 12
      vertex 23 -79.1 0
      vertex 23.1961 -79.1086 0
    endloop
  endfacet
  facet normal 0.924155 -0.382018 0
    outer loop
      vertex 20.9608 -80.3991 12
      vertex 20.9305 -80.4724 2.19
      vertex 20.9608 -80.3991 0
    endloop
  endfacet
  facet normal 0.923949 -0.382517 4.36654e-06
    outer loop
      vertex 20.8857 -80.5805 12
      vertex 20.9305 -80.4724 2.19
      vertex 20.9608 -80.3991 12
    endloop
  endfacet
  facet normal 0.923808 -0.382855 0
    outer loop
      vertex 20.9305 -80.4724 2.19
      vertex 20.8857 -80.5805 12
      vertex 20.8857 -80.5805 2.19
    endloop
  endfacet
  facet normal 0.924155 -0.382018 0
    outer loop
      vertex 20.9608 -80.3991 0
      vertex 20.9305 -80.4724 2.19
      vertex 20.9305 -80.4724 0
    endloop
  endfacet
  facet normal 0.73726 -0.675609 0
    outer loop
      vertex 21.2764 -79.9037 12
      vertex 21.409 -79.759 0
      vertex 21.409 -79.759 12
    endloop
  endfacet
  facet normal 0.73726 -0.675609 0
    outer loop
      vertex 21.409 -79.759 0
      vertex 21.2764 -79.9037 12
      vertex 21.2764 -79.9037 0
    endloop
  endfacet
  facet normal -0.130428 0.991458 0
    outer loop
      vertex 23.3907 -83.5658 0
      vertex 23.1961 -83.5914 12
      vertex 23.3907 -83.5658 12
    endloop
  endfacet
  facet normal -0.130428 0.991458 0
    outer loop
      vertex 23.1961 -83.5914 12
      vertex 23.3907 -83.5658 0
      vertex 23.1961 -83.5914 0
    endloop
  endfacet
  facet normal -0.793475 0.608603 0
    outer loop
      vertex 24.7236 -82.7963 0
      vertex 24.8431 -82.6405 12
      vertex 24.8431 -82.6405 0
    endloop
  endfacet
  facet normal -0.793475 0.608603 0
    outer loop
      vertex 24.8431 -82.6405 12
      vertex 24.7236 -82.7963 0
      vertex 24.7236 -82.7963 12
    endloop
  endfacet
  facet normal 0.382517 -0.923949 0
    outer loop
      vertex 22.0491 -79.3108 0
      vertex 22.2305 -79.2357 12
      vertex 22.0491 -79.3108 12
    endloop
  endfacet
  facet normal 0.382517 -0.923949 0
    outer loop
      vertex 22.2305 -79.2357 12
      vertex 22.0491 -79.3108 0
      vertex 22.2305 -79.2357 0
    endloop
  endfacet
  facet normal -0.0438131 0.99904 0
    outer loop
      vertex 23.1961 -83.5914 0
      vertex 23 -83.6 12
      vertex 23.1961 -83.5914 12
    endloop
  endfacet
  facet normal -0.0438131 0.99904 0
    outer loop
      vertex 23 -83.6 12
      vertex 23.1961 -83.5914 0
      vertex 23 -83.6 0
    endloop
  endfacet
  facet normal 0.99904 0.0438131 0
    outer loop
      vertex 20.7586 -81.5461 12
      vertex 20.75 -81.35 2.19
      vertex 20.75 -81.35 12
    endloop
  endfacet
  facet normal 0.99904 0.0438131 0
    outer loop
      vertex 20.75 -81.35 2.19
      vertex 20.7586 -81.5461 12
      vertex 20.7586 -81.5461 2.19
    endloop
  endfacet
  facet normal 0.130428 -0.991458 0
    outer loop
      vertex 22.6093 -79.1342 0
      vertex 22.8039 -79.1086 12
      vertex 22.6093 -79.1342 12
    endloop
  endfacet
  facet normal 0.130428 -0.991458 0
    outer loop
      vertex 22.8039 -79.1086 12
      vertex 22.6093 -79.1342 0
      vertex 22.8039 -79.1086 0
    endloop
  endfacet
  facet normal 0.793475 -0.608603 0
    outer loop
      vertex 21.1569 -80.0595 12
      vertex 21.2764 -79.9037 0
      vertex 21.2764 -79.9037 12
    endloop
  endfacet
  facet normal 0.793475 -0.608603 0
    outer loop
      vertex 21.2764 -79.9037 0
      vertex 21.1569 -80.0595 12
      vertex 21.1569 -80.0595 0
    endloop
  endfacet
  facet normal -0.675609 0.73726 0
    outer loop
      vertex 24.591 -82.941 0
      vertex 24.4463 -83.0736 12
      vertex 24.591 -82.941 12
    endloop
  endfacet
  facet normal -0.675609 0.73726 0
    outer loop
      vertex 24.4463 -83.0736 12
      vertex 24.591 -82.941 0
      vertex 24.4463 -83.0736 0
    endloop
  endfacet
  facet normal 0.953752 0.300595 0
    outer loop
      vertex 20.8857 -82.1195 12
      vertex 20.8267 -81.9323 2.19
      vertex 20.8267 -81.9323 12
    endloop
  endfacet
  facet normal 0.953752 0.300595 0
    outer loop
      vertex 20.8267 -81.9323 2.19
      vertex 20.8857 -82.1195 12
      vertex 20.8857 -82.1195 2.19
    endloop
  endfacet
  facet normal -0.130428 -0.991458 0
    outer loop
      vertex 23.1961 -79.1086 0
      vertex 23.3907 -79.1342 12
      vertex 23.1961 -79.1086 12
    endloop
  endfacet
  facet normal -0.130428 -0.991458 -0
    outer loop
      vertex 23.3907 -79.1342 12
      vertex 23.1961 -79.1086 0
      vertex 23.3907 -79.1342 0
    endloop
  endfacet
  facet normal 0.976271 -0.216553 0
    outer loop
      vertex 20.7842 -80.9593 12
      vertex 20.8267 -80.7677 2.19
      vertex 20.8267 -80.7677 12
    endloop
  endfacet
  facet normal 0.976271 -0.216553 0
    outer loop
      vertex 20.8267 -80.7677 2.19
      vertex 20.7842 -80.9593 12
      vertex 20.7842 -80.9593 2.19
    endloop
  endfacet
  facet normal 0.976271 0.216553 0
    outer loop
      vertex 20.8267 -81.9323 12
      vertex 20.7842 -81.7407 2.19
      vertex 20.7842 -81.7407 12
    endloop
  endfacet
  facet normal 0.976271 0.216553 0
    outer loop
      vertex 20.7842 -81.7407 2.19
      vertex 20.8267 -81.9323 12
      vertex 20.8267 -81.9323 2.19
    endloop
  endfacet
  facet normal 0.461625 -0.887075 0
    outer loop
      vertex 21.875 -79.4014 0
      vertex 22.0491 -79.3108 12
      vertex 21.875 -79.4014 12
    endloop
  endfacet
  facet normal 0.461625 -0.887075 0
    outer loop
      vertex 22.0491 -79.3108 12
      vertex 21.875 -79.4014 0
      vertex 22.0491 -79.3108 0
    endloop
  endfacet
  facet normal 0.843242 -0.537535 0
    outer loop
      vertex 21.0514 -80.225 12
      vertex 21.1569 -80.0595 0
      vertex 21.1569 -80.0595 12
    endloop
  endfacet
  facet normal 0.843242 -0.537535 0
    outer loop
      vertex 21.1569 -80.0595 0
      vertex 21.0514 -80.225 12
      vertex 21.0514 -80.225 0
    endloop
  endfacet
  facet normal -0.73726 -0.675609 0
    outer loop
      vertex 24.7236 -79.9037 0
      vertex 24.591 -79.759 12
      vertex 24.591 -79.759 0
    endloop
  endfacet
  facet normal -0.73726 -0.675609 0
    outer loop
      vertex 24.591 -79.759 12
      vertex 24.7236 -79.9037 0
      vertex 24.7236 -79.9037 12
    endloop
  endfacet
  facet normal -0.382517 -0.923949 0
    outer loop
      vertex 23.7695 -79.2357 0
      vertex 23.9509 -79.3108 12
      vertex 23.7695 -79.2357 12
    endloop
  endfacet
  facet normal -0.382517 -0.923949 -0
    outer loop
      vertex 23.9509 -79.3108 12
      vertex 23.7695 -79.2357 0
      vertex 23.9509 -79.3108 0
    endloop
  endfacet
  facet normal 0.216553 0.976271 -0
    outer loop
      vertex 22.6093 -83.5658 0
      vertex 22.4177 -83.5233 12
      vertex 22.6093 -83.5658 12
    endloop
  endfacet
  facet normal 0.216553 0.976271 0
    outer loop
      vertex 22.4177 -83.5233 12
      vertex 22.6093 -83.5658 0
      vertex 22.4177 -83.5233 0
    endloop
  endfacet
  facet normal -0.976271 0.216553 0
    outer loop
      vertex 25.1733 -81.9323 0
      vertex 25.2158 -81.7407 12
      vertex 25.2158 -81.7407 0
    endloop
  endfacet
  facet normal -0.976271 0.216553 0
    outer loop
      vertex 25.2158 -81.7407 12
      vertex 25.1733 -81.9323 0
      vertex 25.1733 -81.9323 12
    endloop
  endfacet
  facet normal 0.99904 -0.0438131 0
    outer loop
      vertex 20.75 -81.35 12
      vertex 20.7586 -81.1539 2.19
      vertex 20.7586 -81.1539 12
    endloop
  endfacet
  facet normal 0.99904 -0.0438131 0
    outer loop
      vertex 20.7586 -81.1539 2.19
      vertex 20.75 -81.35 12
      vertex 20.75 -81.35 2.19
    endloop
  endfacet
  facet normal 0.608603 -0.793475 0
    outer loop
      vertex 21.5537 -79.6264 0
      vertex 21.7095 -79.5069 12
      vertex 21.5537 -79.6264 12
    endloop
  endfacet
  facet normal 0.608603 -0.793475 0
    outer loop
      vertex 21.7095 -79.5069 12
      vertex 21.5537 -79.6264 0
      vertex 21.7095 -79.5069 0
    endloop
  endfacet
  facet normal 0.675609 -0.73726 0
    outer loop
      vertex 21.409 -79.759 0
      vertex 21.5537 -79.6264 12
      vertex 21.409 -79.759 12
    endloop
  endfacet
  facet normal 0.675609 -0.73726 0
    outer loop
      vertex 21.5537 -79.6264 12
      vertex 21.409 -79.759 0
      vertex 21.5537 -79.6264 0
    endloop
  endfacet
  facet normal 0.887075 -0.461625 0
    outer loop
      vertex 20.9608 -80.3991 12
      vertex 21.0514 -80.225 0
      vertex 21.0514 -80.225 12
    endloop
  endfacet
  facet normal 0.887075 -0.461625 0
    outer loop
      vertex 21.0514 -80.225 0
      vertex 20.9608 -80.3991 12
      vertex 20.9608 -80.3991 0
    endloop
  endfacet
  facet normal 0.793475 0.608603 0
    outer loop
      vertex 21.2764 -82.7963 12
      vertex 21.1569 -82.6405 0
      vertex 21.1569 -82.6405 12
    endloop
  endfacet
  facet normal 0.793475 0.608603 0
    outer loop
      vertex 21.1569 -82.6405 0
      vertex 21.2764 -82.7963 12
      vertex 21.2764 -82.7963 0
    endloop
  endfacet
  facet normal 0.461625 0.887075 -0
    outer loop
      vertex 22.0491 -83.3892 0
      vertex 21.875 -83.2986 12
      vertex 22.0491 -83.3892 12
    endloop
  endfacet
  facet normal 0.461625 0.887075 0
    outer loop
      vertex 21.875 -83.2986 12
      vertex 22.0491 -83.3892 0
      vertex 21.875 -83.2986 0
    endloop
  endfacet
  facet normal 0.923911 -0.382607 0
    outer loop
      vertex 18.7714 -79.8109 16
      vertex 18.9216 -79.4482 12
      vertex 18.9216 -79.4482 16
    endloop
  endfacet
  facet normal 0.923911 -0.382607 0
    outer loop
      vertex 18.9216 -79.4482 12
      vertex 18.7714 -79.8109 16
      vertex 18.7714 -79.8109 12
    endloop
  endfacet
  facet normal -0.999051 0.0435588 0
    outer loop
      vertex 27.4829 -81.7422 12
      vertex 27.5 -81.35 17
      vertex 27.5 -81.35 12
    endloop
  endfacet
  facet normal -0.999051 0.0435588 0
    outer loop
      vertex 27.5 -81.35 17
      vertex 27.4829 -81.7422 12
      vertex 27.4829 -81.7422 17
    endloop
  endfacet
  facet normal -0.991425 -0.130679 0
    outer loop
      vertex 27.4829 -80.9578 12
      vertex 27.4316 -80.5686 17
      vertex 27.4316 -80.5686 12
    endloop
  endfacet
  facet normal -0.991425 -0.130679 0
    outer loop
      vertex 27.4316 -80.5686 17
      vertex 27.4829 -80.9578 12
      vertex 27.4829 -80.9578 17
    endloop
  endfacet
  facet normal -0.999051 -0.0435588 0
    outer loop
      vertex 27.5 -81.35 12
      vertex 27.4829 -80.9578 17
      vertex 27.4829 -80.9578 12
    endloop
  endfacet
  facet normal -0.999051 -0.0435588 0
    outer loop
      vertex 27.4829 -80.9578 17
      vertex 27.5 -81.35 12
      vertex 27.5 -81.35 17
    endloop
  endfacet
  facet normal -0.886971 -0.461826 0
    outer loop
      vertex 27.0784 -79.4482 12
      vertex 26.8971 -79.1 17
      vertex 26.8971 -79.1 12
    endloop
  endfacet
  facet normal -0.886971 -0.461826 0
    outer loop
      vertex 26.8971 -79.1 17
      vertex 27.0784 -79.4482 12
      vertex 27.0784 -79.4482 17
    endloop
  endfacet
  facet normal 0.461826 -0.886971 0
    outer loop
      vertex 20.75 -77.4529 12
      vertex 21.0982 -77.2716 17
      vertex 20.75 -77.4529 17
    endloop
  endfacet
  facet normal 0.461826 -0.886971 0
    outer loop
      vertex 21.0982 -77.2716 17
      vertex 20.75 -77.4529 12
      vertex 21.0982 -77.2716 12
    endloop
  endfacet
  facet normal -0.300827 -0.953679 0
    outer loop
      vertex 24.1647 -77.0033 12
      vertex 24.5391 -77.1214 17
      vertex 24.1647 -77.0033 17
    endloop
  endfacet
  facet normal -0.300827 -0.953679 -0
    outer loop
      vertex 24.5391 -77.1214 17
      vertex 24.1647 -77.0033 12
      vertex 24.5391 -77.1214 12
    endloop
  endfacet
  facet normal 0.675482 0.737376 -0
    outer loop
      vertex 20.1075 -84.7972 12
      vertex 19.818 -84.532 16.3776
      vertex 20.1075 -84.7972 16.879
    endloop
  endfacet
  facet normal 0.675482 0.737376 0
    outer loop
      vertex 19.818 -84.532 16.3776
      vertex 20.1075 -84.7972 12
      vertex 19.818 -84.532 12
    endloop
  endfacet
  facet normal -0.216256 -0.976337 0
    outer loop
      vertex 23.7814 -76.9184 12
      vertex 24.1647 -77.0033 17
      vertex 23.7814 -76.9184 17
    endloop
  endfacet
  facet normal -0.216256 -0.976337 -0
    outer loop
      vertex 24.1647 -77.0033 17
      vertex 23.7814 -76.9184 12
      vertex 24.1647 -77.0033 12
    endloop
  endfacet
  facet normal 0.216256 -0.976337 0
    outer loop
      vertex 21.8353 -77.0033 12
      vertex 22.2186 -76.9184 17
      vertex 21.8353 -77.0033 17
    endloop
  endfacet
  facet normal 0.216256 -0.976337 0
    outer loop
      vertex 22.2186 -76.9184 17
      vertex 21.8353 -77.0033 12
      vertex 22.2186 -76.9184 12
    endloop
  endfacet
  facet normal -0.0435588 0.999051 0
    outer loop
      vertex 23.3922 -85.8329 12
      vertex 23 -85.85 17
      vertex 23.3922 -85.8329 17
    endloop
  endfacet
  facet normal -0.0435588 0.999051 0
    outer loop
      vertex 23 -85.85 17
      vertex 23.3922 -85.8329 12
      vertex 23 -85.85 12
    endloop
  endfacet
  facet normal -0.537238 0.843431 0
    outer loop
      vertex 25.5811 -85.0362 12
      vertex 25.25 -85.2471 17
      vertex 25.5811 -85.0362 17
    endloop
  endfacet
  facet normal -0.537238 0.843431 0
    outer loop
      vertex 25.25 -85.2471 17
      vertex 25.5811 -85.0362 12
      vertex 25.25 -85.2471 12
    endloop
  endfacet
  facet normal -0.991425 0.130679 0
    outer loop
      vertex 27.4316 -82.1314 12
      vertex 27.4829 -81.7422 17
      vertex 27.4829 -81.7422 12
    endloop
  endfacet
  facet normal -0.991425 0.130679 0
    outer loop
      vertex 27.4829 -81.7422 17
      vertex 27.4316 -82.1314 12
      vertex 27.4316 -82.1314 17
    endloop
  endfacet
  facet normal 0.300827 -0.953679 0
    outer loop
      vertex 21.4609 -77.1214 12
      vertex 21.8353 -77.0033 17
      vertex 21.4609 -77.1214 17
    endloop
  endfacet
  facet normal 0.300827 -0.953679 0
    outer loop
      vertex 21.8353 -77.0033 17
      vertex 21.4609 -77.1214 12
      vertex 21.8353 -77.0033 12
    endloop
  endfacet
  facet normal -0.976337 -0.216256 0
    outer loop
      vertex 27.4316 -80.5686 12
      vertex 27.3467 -80.1853 17
      vertex 27.3467 -80.1853 12
    endloop
  endfacet
  facet normal -0.976337 -0.216256 0
    outer loop
      vertex 27.3467 -80.1853 17
      vertex 27.4316 -80.5686 12
      vertex 27.4316 -80.5686 17
    endloop
  endfacet
  facet normal 0.300827 0.953679 -0
    outer loop
      vertex 21.8353 -85.6967 12
      vertex 21.4609 -85.5786 17
      vertex 21.8353 -85.6967 17
    endloop
  endfacet
  facet normal 0.300827 0.953679 0
    outer loop
      vertex 21.4609 -85.5786 17
      vertex 21.8353 -85.6967 12
      vertex 21.4609 -85.5786 12
    endloop
  endfacet
  facet normal -0.737376 0.675482 0
    outer loop
      vertex 26.182 -84.532 12
      vertex 26.4472 -84.2425 17
      vertex 26.4472 -84.2425 12
    endloop
  endfacet
  facet normal -0.737376 0.675482 0
    outer loop
      vertex 26.4472 -84.2425 17
      vertex 26.182 -84.532 12
      vertex 26.182 -84.532 17
    endloop
  endfacet
  facet normal -0.953679 0.300827 0
    outer loop
      vertex 27.2286 -82.8891 12
      vertex 27.3467 -82.5147 17
      vertex 27.3467 -82.5147 12
    endloop
  endfacet
  facet normal -0.953679 0.300827 0
    outer loop
      vertex 27.3467 -82.5147 17
      vertex 27.2286 -82.8891 12
      vertex 27.2286 -82.8891 17
    endloop
  endfacet
  facet normal -0.923911 0.382607 0
    outer loop
      vertex 27.0784 -83.2518 12
      vertex 27.2286 -82.8891 17
      vertex 27.2286 -82.8891 12
    endloop
  endfacet
  facet normal -0.923911 0.382607 0
    outer loop
      vertex 27.2286 -82.8891 17
      vertex 27.0784 -83.2518 12
      vertex 27.0784 -83.2518 17
    endloop
  endfacet
  facet normal 0.675482 -0.737376 0
    outer loop
      vertex 20.1075 -77.9028 12
      vertex 19.818 -78.168 16.3776
      vertex 19.818 -78.168 12
    endloop
  endfacet
  facet normal 0.675482 -0.737376 0
    outer loop
      vertex 19.818 -78.168 16.3776
      vertex 20.1075 -77.9028 12
      vertex 20.1075 -77.9028 16.879
    endloop
  endfacet
  facet normal -0.843431 0.537238 0
    outer loop
      vertex 26.6862 -83.9311 12
      vertex 26.8971 -83.6 17
      vertex 26.8971 -83.6 12
    endloop
  endfacet
  facet normal -0.843431 0.537238 0
    outer loop
      vertex 26.8971 -83.6 17
      vertex 26.6862 -83.9311 12
      vertex 26.6862 -83.9311 17
    endloop
  endfacet
  facet normal 0.0435588 -0.999051 0
    outer loop
      vertex 22.6078 -76.8671 12
      vertex 23 -76.85 17
      vertex 22.6078 -76.8671 17
    endloop
  endfacet
  facet normal 0.0435588 -0.999051 0
    outer loop
      vertex 23 -76.85 17
      vertex 22.6078 -76.8671 12
      vertex 23 -76.85 12
    endloop
  endfacet
  facet normal 0.953679 0.300827 0
    outer loop
      vertex 18.7714 -82.8891 16
      vertex 18.6533 -82.5147 12
      vertex 18.6533 -82.5147 16
    endloop
  endfacet
  facet normal 0.953679 0.300827 0
    outer loop
      vertex 18.6533 -82.5147 12
      vertex 18.7714 -82.8891 16
      vertex 18.7714 -82.8891 12
    endloop
  endfacet
  facet normal 0.537238 0.843431 -0
    outer loop
      vertex 20.75 -85.2471 12
      vertex 20.4189 -85.0362 17
      vertex 20.75 -85.2471 17
    endloop
  endfacet
  facet normal 0.537238 0.843431 0
    outer loop
      vertex 20.4189 -85.0362 17
      vertex 20.75 -85.2471 12
      vertex 20.4189 -85.0362 12
    endloop
  endfacet
  facet normal -0.608849 0.793286 0
    outer loop
      vertex 25.8925 -84.7972 12
      vertex 25.5811 -85.0362 17
      vertex 25.8925 -84.7972 17
    endloop
  endfacet
  facet normal -0.608849 0.793286 0
    outer loop
      vertex 25.5811 -85.0362 17
      vertex 25.8925 -84.7972 12
      vertex 25.5811 -85.0362 12
    endloop
  endfacet
  facet normal -0.953679 -0.300827 0
    outer loop
      vertex 27.3467 -80.1853 12
      vertex 27.2286 -79.8109 17
      vertex 27.2286 -79.8109 12
    endloop
  endfacet
  facet normal -0.953679 -0.300827 0
    outer loop
      vertex 27.2286 -79.8109 17
      vertex 27.3467 -80.1853 12
      vertex 27.3467 -80.1853 17
    endloop
  endfacet
  facet normal -0.461826 0.886971 0
    outer loop
      vertex 25.25 -85.2471 12
      vertex 24.9018 -85.4284 17
      vertex 25.25 -85.2471 17
    endloop
  endfacet
  facet normal -0.461826 0.886971 0
    outer loop
      vertex 24.9018 -85.4284 17
      vertex 25.25 -85.2471 12
      vertex 24.9018 -85.4284 12
    endloop
  endfacet
  facet normal -0.0435588 -0.999051 0
    outer loop
      vertex 23 -76.85 12
      vertex 23.3922 -76.8671 17
      vertex 23 -76.85 17
    endloop
  endfacet
  facet normal -0.0435588 -0.999051 -0
    outer loop
      vertex 23.3922 -76.8671 17
      vertex 23 -76.85 12
      vertex 23.3922 -76.8671 12
    endloop
  endfacet
  facet normal 0.793286 0.608849 0
    outer loop
      vertex 19.5528 -84.2425 16
      vertex 19.3138 -83.9311 12
      vertex 19.3138 -83.9311 16
    endloop
  endfacet
  facet normal 0.793286 0.608849 0
    outer loop
      vertex 19.3138 -83.9311 12
      vertex 19.5528 -84.2425 16
      vertex 19.5528 -84.2425 12
    endloop
  endfacet
  facet normal 0.923911 0.382607 0
    outer loop
      vertex 18.9216 -83.2518 16
      vertex 18.7714 -82.8891 12
      vertex 18.7714 -82.8891 16
    endloop
  endfacet
  facet normal 0.923911 0.382607 0
    outer loop
      vertex 18.7714 -82.8891 12
      vertex 18.9216 -83.2518 16
      vertex 18.9216 -83.2518 12
    endloop
  endfacet
  facet normal -0.675482 0.737376 0
    outer loop
      vertex 26.182 -84.532 12
      vertex 25.8925 -84.7972 17
      vertex 26.182 -84.532 17
    endloop
  endfacet
  facet normal -0.675482 0.737376 0
    outer loop
      vertex 25.8925 -84.7972 17
      vertex 26.182 -84.532 12
      vertex 25.8925 -84.7972 12
    endloop
  endfacet
  facet normal 0.216256 0.976337 -0
    outer loop
      vertex 22.2186 -85.7816 12
      vertex 21.8353 -85.6967 17
      vertex 22.2186 -85.7816 17
    endloop
  endfacet
  facet normal 0.216256 0.976337 0
    outer loop
      vertex 21.8353 -85.6967 17
      vertex 22.2186 -85.7816 12
      vertex 21.8353 -85.6967 12
    endloop
  endfacet
  facet normal -0.216256 0.976337 0
    outer loop
      vertex 24.1647 -85.6967 12
      vertex 23.7814 -85.7816 17
      vertex 24.1647 -85.6967 17
    endloop
  endfacet
  facet normal -0.216256 0.976337 0
    outer loop
      vertex 23.7814 -85.7816 17
      vertex 24.1647 -85.6967 12
      vertex 23.7814 -85.7816 12
    endloop
  endfacet
  facet normal 0.991425 -0.130679 0
    outer loop
      vertex 18.5171 -80.9578 16
      vertex 18.5684 -80.5686 12
      vertex 18.5684 -80.5686 16
    endloop
  endfacet
  facet normal 0.991425 -0.130679 0
    outer loop
      vertex 18.5684 -80.5686 12
      vertex 18.5171 -80.9578 16
      vertex 18.5171 -80.9578 12
    endloop
  endfacet
  facet normal -0.608849 -0.793286 0
    outer loop
      vertex 25.5811 -77.6638 12
      vertex 25.8925 -77.9028 17
      vertex 25.5811 -77.6638 17
    endloop
  endfacet
  facet normal -0.608849 -0.793286 -0
    outer loop
      vertex 25.8925 -77.9028 17
      vertex 25.5811 -77.6638 12
      vertex 25.8925 -77.9028 12
    endloop
  endfacet
  facet normal 0.60879 -0.793331 0.000239897
    outer loop
      vertex 20.1075 -77.9028 16.879
      vertex 20.4189 -77.6638 17
      vertex 20.1773 -77.8492 17
    endloop
  endfacet
  facet normal 0.608849 -0.793286 0
    outer loop
      vertex 20.4189 -77.6638 12
      vertex 20.1075 -77.9028 16.879
      vertex 20.1075 -77.9028 12
    endloop
  endfacet
  facet normal 0.608849 -0.793286 0
    outer loop
      vertex 20.1075 -77.9028 16.879
      vertex 20.4189 -77.6638 12
      vertex 20.4189 -77.6638 17
    endloop
  endfacet
  facet normal 0.537238 -0.843431 0
    outer loop
      vertex 20.4189 -77.6638 12
      vertex 20.75 -77.4529 17
      vertex 20.4189 -77.6638 17
    endloop
  endfacet
  facet normal 0.537238 -0.843431 0
    outer loop
      vertex 20.75 -77.4529 17
      vertex 20.4189 -77.6638 12
      vertex 20.75 -77.4529 12
    endloop
  endfacet
  facet normal -0.130679 0.991425 0
    outer loop
      vertex 23.7814 -85.7816 12
      vertex 23.3922 -85.8329 17
      vertex 23.7814 -85.7816 17
    endloop
  endfacet
  facet normal -0.130679 0.991425 0
    outer loop
      vertex 23.3922 -85.8329 17
      vertex 23.7814 -85.7816 12
      vertex 23.3922 -85.8329 12
    endloop
  endfacet
  facet normal -0.793286 0.608849 0
    outer loop
      vertex 26.4472 -84.2425 12
      vertex 26.6862 -83.9311 17
      vertex 26.6862 -83.9311 12
    endloop
  endfacet
  facet normal -0.793286 0.608849 0
    outer loop
      vertex 26.6862 -83.9311 17
      vertex 26.4472 -84.2425 12
      vertex 26.4472 -84.2425 17
    endloop
  endfacet
  facet normal -0.793286 -0.608849 0
    outer loop
      vertex 26.6862 -78.7689 12
      vertex 26.4472 -78.4575 17
      vertex 26.4472 -78.4575 12
    endloop
  endfacet
  facet normal -0.793286 -0.608849 0
    outer loop
      vertex 26.4472 -78.4575 17
      vertex 26.6862 -78.7689 12
      vertex 26.6862 -78.7689 17
    endloop
  endfacet
  facet normal -0.382607 -0.923911 0
    outer loop
      vertex 24.5391 -77.1214 12
      vertex 24.9018 -77.2716 17
      vertex 24.5391 -77.1214 17
    endloop
  endfacet
  facet normal -0.382607 -0.923911 -0
    outer loop
      vertex 24.9018 -77.2716 17
      vertex 24.5391 -77.1214 12
      vertex 24.9018 -77.2716 12
    endloop
  endfacet
  facet normal -0.537238 -0.843431 0
    outer loop
      vertex 25.25 -77.4529 12
      vertex 25.5811 -77.6638 17
      vertex 25.25 -77.4529 17
    endloop
  endfacet
  facet normal -0.537238 -0.843431 -0
    outer loop
      vertex 25.5811 -77.6638 17
      vertex 25.25 -77.4529 12
      vertex 25.5811 -77.6638 12
    endloop
  endfacet
  facet normal -0.923911 -0.382607 0
    outer loop
      vertex 27.2286 -79.8109 12
      vertex 27.0784 -79.4482 17
      vertex 27.0784 -79.4482 12
    endloop
  endfacet
  facet normal -0.923911 -0.382607 0
    outer loop
      vertex 27.0784 -79.4482 17
      vertex 27.2286 -79.8109 12
      vertex 27.2286 -79.8109 17
    endloop
  endfacet
  facet normal -0.976337 0.216256 0
    outer loop
      vertex 27.3467 -82.5147 12
      vertex 27.4316 -82.1314 17
      vertex 27.4316 -82.1314 12
    endloop
  endfacet
  facet normal -0.976337 0.216256 0
    outer loop
      vertex 27.4316 -82.1314 17
      vertex 27.3467 -82.5147 12
      vertex 27.3467 -82.5147 17
    endloop
  endfacet
  facet normal 0.60879 0.793331 0.000239897
    outer loop
      vertex 20.4189 -85.0362 17
      vertex 20.1075 -84.7972 16.879
      vertex 20.1773 -84.8508 17
    endloop
  endfacet
  facet normal 0.608849 0.793286 -0
    outer loop
      vertex 20.4189 -85.0362 12
      vertex 20.1075 -84.7972 16.879
      vertex 20.4189 -85.0362 17
    endloop
  endfacet
  facet normal 0.608849 0.793286 0
    outer loop
      vertex 20.1075 -84.7972 16.879
      vertex 20.4189 -85.0362 12
      vertex 20.1075 -84.7972 12
    endloop
  endfacet
  facet normal -0.843431 -0.537238 0
    outer loop
      vertex 26.8971 -79.1 12
      vertex 26.6862 -78.7689 17
      vertex 26.6862 -78.7689 12
    endloop
  endfacet
  facet normal -0.843431 -0.537238 0
    outer loop
      vertex 26.6862 -78.7689 17
      vertex 26.8971 -79.1 12
      vertex 26.8971 -79.1 17
    endloop
  endfacet
  facet normal 0.737214 0.67566 0
    outer loop
      vertex 19.6 -84.294 16
      vertex 19.5528 -84.2425 12
      vertex 19.5528 -84.2425 16
    endloop
  endfacet
  facet normal 0.737411 0.675444 -0
    outer loop
      vertex 19.818 -84.532 12
      vertex 19.6 -84.294 16
      vertex 19.818 -84.532 16.3776
    endloop
  endfacet
  facet normal 0.737376 0.675482 -4.20266e-06
    outer loop
      vertex 19.6 -84.294 16
      vertex 19.818 -84.532 12
      vertex 19.5528 -84.2425 12
    endloop
  endfacet
  facet normal -0.382607 0.923911 0
    outer loop
      vertex 24.9018 -85.4284 12
      vertex 24.5391 -85.5786 17
      vertex 24.9018 -85.4284 17
    endloop
  endfacet
  facet normal -0.382607 0.923911 0
    outer loop
      vertex 24.5391 -85.5786 17
      vertex 24.9018 -85.4284 12
      vertex 24.5391 -85.5786 12
    endloop
  endfacet
  facet normal 0.737411 -0.675444 0
    outer loop
      vertex 19.6 -78.406 16
      vertex 19.818 -78.168 12
      vertex 19.818 -78.168 16.3776
    endloop
  endfacet
  facet normal 0.737214 -0.67566 0
    outer loop
      vertex 19.5528 -78.4575 12
      vertex 19.6 -78.406 16
      vertex 19.5528 -78.4575 16
    endloop
  endfacet
  facet normal 0.737376 -0.675482 -4.20266e-06
    outer loop
      vertex 19.6 -78.406 16
      vertex 19.5528 -78.4575 12
      vertex 19.818 -78.168 12
    endloop
  endfacet
  facet normal -0.130679 -0.991425 0
    outer loop
      vertex 23.3922 -76.8671 12
      vertex 23.7814 -76.9184 17
      vertex 23.3922 -76.8671 17
    endloop
  endfacet
  facet normal -0.130679 -0.991425 -0
    outer loop
      vertex 23.7814 -76.9184 17
      vertex 23.3922 -76.8671 12
      vertex 23.7814 -76.9184 12
    endloop
  endfacet
  facet normal 0.0435588 0.999051 -0
    outer loop
      vertex 23 -85.85 12
      vertex 22.6078 -85.8329 17
      vertex 23 -85.85 17
    endloop
  endfacet
  facet normal 0.0435588 0.999051 0
    outer loop
      vertex 22.6078 -85.8329 17
      vertex 23 -85.85 12
      vertex 22.6078 -85.8329 12
    endloop
  endfacet
  facet normal 0.382607 -0.923911 0
    outer loop
      vertex 21.0982 -77.2716 12
      vertex 21.4609 -77.1214 17
      vertex 21.0982 -77.2716 17
    endloop
  endfacet
  facet normal 0.382607 -0.923911 0
    outer loop
      vertex 21.4609 -77.1214 17
      vertex 21.0982 -77.2716 12
      vertex 21.4609 -77.1214 12
    endloop
  endfacet
  facet normal 0.843431 0.537238 0
    outer loop
      vertex 19.3138 -83.9311 16
      vertex 19.1029 -83.6 12
      vertex 19.1029 -83.6 16
    endloop
  endfacet
  facet normal 0.843431 0.537238 0
    outer loop
      vertex 19.1029 -83.6 12
      vertex 19.3138 -83.9311 16
      vertex 19.3138 -83.9311 12
    endloop
  endfacet
  facet normal -0.461826 -0.886971 0
    outer loop
      vertex 24.9018 -77.2716 12
      vertex 25.25 -77.4529 17
      vertex 24.9018 -77.2716 17
    endloop
  endfacet
  facet normal -0.461826 -0.886971 -0
    outer loop
      vertex 25.25 -77.4529 17
      vertex 24.9018 -77.2716 12
      vertex 25.25 -77.4529 12
    endloop
  endfacet
  facet normal 0.991425 0.130679 0
    outer loop
      vertex 18.5684 -82.1314 16
      vertex 18.5171 -81.7422 12
      vertex 18.5171 -81.7422 16
    endloop
  endfacet
  facet normal 0.991425 0.130679 0
    outer loop
      vertex 18.5171 -81.7422 12
      vertex 18.5684 -82.1314 16
      vertex 18.5684 -82.1314 12
    endloop
  endfacet
  facet normal 0.130679 -0.991425 0
    outer loop
      vertex 22.2186 -76.9184 12
      vertex 22.6078 -76.8671 17
      vertex 22.2186 -76.9184 17
    endloop
  endfacet
  facet normal 0.130679 -0.991425 0
    outer loop
      vertex 22.6078 -76.8671 17
      vertex 22.2186 -76.9184 12
      vertex 22.6078 -76.8671 12
    endloop
  endfacet
  facet normal 0.843431 -0.537238 0
    outer loop
      vertex 19.1029 -79.1 16
      vertex 19.3138 -78.7689 12
      vertex 19.3138 -78.7689 16
    endloop
  endfacet
  facet normal 0.843431 -0.537238 0
    outer loop
      vertex 19.3138 -78.7689 12
      vertex 19.1029 -79.1 16
      vertex 19.1029 -79.1 12
    endloop
  endfacet
  facet normal 0.976337 0.216256 0
    outer loop
      vertex 18.6533 -82.5147 16
      vertex 18.5684 -82.1314 12
      vertex 18.5684 -82.1314 16
    endloop
  endfacet
  facet normal 0.976337 0.216256 0
    outer loop
      vertex 18.5684 -82.1314 12
      vertex 18.6533 -82.5147 16
      vertex 18.6533 -82.5147 12
    endloop
  endfacet
  facet normal -0.886971 0.461826 0
    outer loop
      vertex 26.8971 -83.6 12
      vertex 27.0784 -83.2518 17
      vertex 27.0784 -83.2518 12
    endloop
  endfacet
  facet normal -0.886971 0.461826 0
    outer loop
      vertex 27.0784 -83.2518 17
      vertex 26.8971 -83.6 12
      vertex 26.8971 -83.6 17
    endloop
  endfacet
  facet normal -0.675482 -0.737376 0
    outer loop
      vertex 25.8925 -77.9028 12
      vertex 26.182 -78.168 17
      vertex 25.8925 -77.9028 17
    endloop
  endfacet
  facet normal -0.675482 -0.737376 -0
    outer loop
      vertex 26.182 -78.168 17
      vertex 25.8925 -77.9028 12
      vertex 26.182 -78.168 12
    endloop
  endfacet
  facet normal 0.976337 -0.216256 0
    outer loop
      vertex 18.5684 -80.5686 16
      vertex 18.6533 -80.1853 12
      vertex 18.6533 -80.1853 16
    endloop
  endfacet
  facet normal 0.976337 -0.216256 0
    outer loop
      vertex 18.6533 -80.1853 12
      vertex 18.5684 -80.5686 16
      vertex 18.5684 -80.5686 12
    endloop
  endfacet
  facet normal 0.461826 0.886971 -0
    outer loop
      vertex 21.0982 -85.4284 12
      vertex 20.75 -85.2471 17
      vertex 21.0982 -85.4284 17
    endloop
  endfacet
  facet normal 0.461826 0.886971 0
    outer loop
      vertex 20.75 -85.2471 17
      vertex 21.0982 -85.4284 12
      vertex 20.75 -85.2471 12
    endloop
  endfacet
  facet normal 0.793286 -0.608849 0
    outer loop
      vertex 19.3138 -78.7689 16
      vertex 19.5528 -78.4575 12
      vertex 19.5528 -78.4575 16
    endloop
  endfacet
  facet normal 0.793286 -0.608849 0
    outer loop
      vertex 19.5528 -78.4575 12
      vertex 19.3138 -78.7689 16
      vertex 19.3138 -78.7689 12
    endloop
  endfacet
  facet normal 0.130679 0.991425 -0
    outer loop
      vertex 22.6078 -85.8329 12
      vertex 22.2186 -85.7816 17
      vertex 22.6078 -85.8329 17
    endloop
  endfacet
  facet normal 0.130679 0.991425 0
    outer loop
      vertex 22.2186 -85.7816 17
      vertex 22.6078 -85.8329 12
      vertex 22.2186 -85.7816 12
    endloop
  endfacet
  facet normal 0.886971 0.461826 0
    outer loop
      vertex 19.1029 -83.6 16
      vertex 18.9216 -83.2518 12
      vertex 18.9216 -83.2518 16
    endloop
  endfacet
  facet normal 0.886971 0.461826 0
    outer loop
      vertex 18.9216 -83.2518 12
      vertex 19.1029 -83.6 16
      vertex 19.1029 -83.6 12
    endloop
  endfacet
  facet normal -0.737376 -0.675482 0
    outer loop
      vertex 26.4472 -78.4575 12
      vertex 26.182 -78.168 17
      vertex 26.182 -78.168 12
    endloop
  endfacet
  facet normal -0.737376 -0.675482 0
    outer loop
      vertex 26.182 -78.168 17
      vertex 26.4472 -78.4575 12
      vertex 26.4472 -78.4575 17
    endloop
  endfacet
  facet normal 0.999051 -0.0435588 0
    outer loop
      vertex 18.5 -81.35 16
      vertex 18.5171 -80.9578 12
      vertex 18.5171 -80.9578 16
    endloop
  endfacet
  facet normal 0.999051 -0.0435588 0
    outer loop
      vertex 18.5171 -80.9578 12
      vertex 18.5 -81.35 16
      vertex 18.5 -81.35 12
    endloop
  endfacet
  facet normal 0.999051 0.0435588 0
    outer loop
      vertex 18.5171 -81.7422 16
      vertex 18.5 -81.35 12
      vertex 18.5 -81.35 16
    endloop
  endfacet
  facet normal 0.999051 0.0435588 0
    outer loop
      vertex 18.5 -81.35 12
      vertex 18.5171 -81.7422 16
      vertex 18.5171 -81.7422 12
    endloop
  endfacet
  facet normal -0.300827 0.953679 0
    outer loop
      vertex 24.5391 -85.5786 12
      vertex 24.1647 -85.6967 17
      vertex 24.5391 -85.5786 17
    endloop
  endfacet
  facet normal -0.300827 0.953679 0
    outer loop
      vertex 24.1647 -85.6967 17
      vertex 24.5391 -85.5786 12
      vertex 24.1647 -85.6967 12
    endloop
  endfacet
  facet normal 0.953679 -0.300827 0
    outer loop
      vertex 18.6533 -80.1853 16
      vertex 18.7714 -79.8109 12
      vertex 18.7714 -79.8109 16
    endloop
  endfacet
  facet normal 0.953679 -0.300827 0
    outer loop
      vertex 18.7714 -79.8109 12
      vertex 18.6533 -80.1853 16
      vertex 18.6533 -80.1853 12
    endloop
  endfacet
  facet normal 0.382607 0.923911 -0
    outer loop
      vertex 21.4609 -85.5786 12
      vertex 21.0982 -85.4284 17
      vertex 21.4609 -85.5786 17
    endloop
  endfacet
  facet normal 0.382607 0.923911 0
    outer loop
      vertex 21.0982 -85.4284 17
      vertex 21.4609 -85.5786 12
      vertex 21.0982 -85.4284 12
    endloop
  endfacet
  facet normal 0 0 1
    outer loop
      vertex 27.4829 -80.9578 12
      vertex 25.2414 -81.1539 12
      vertex 25.25 -81.35 12
    endloop
  endfacet
  facet normal 0 0 1
    outer loop
      vertex 25.5811 -77.6638 12
      vertex 25.2158 -80.9593 12
      vertex 25.2414 -81.1539 12
    endloop
  endfacet
  facet normal 0 0 1
    outer loop
      vertex 25.5811 -77.6638 12
      vertex 25.1733 -80.7677 12
      vertex 25.2158 -80.9593 12
    endloop
  endfacet
  facet normal 0 0 1
    outer loop
      vertex 25.5811 -77.6638 12
      vertex 25.1143 -80.5805 12
      vertex 25.1733 -80.7677 12
    endloop
  endfacet
  facet normal 0 0 1
    outer loop
      vertex 25.5811 -77.6638 12
      vertex 25.0392 -80.3991 12
      vertex 25.1143 -80.5805 12
    endloop
  endfacet
  facet normal 0 0 1
    outer loop
      vertex 25.5811 -77.6638 12
      vertex 24.9486 -80.225 12
      vertex 25.0392 -80.3991 12
    endloop
  endfacet
  facet normal 0 0 1
    outer loop
      vertex 24.125 -79.4014 12
      vertex 25.25 -77.4529 12
      vertex 24.9018 -77.2716 12
    endloop
  endfacet
  facet normal 0 0 1
    outer loop
      vertex 25.5811 -77.6638 12
      vertex 24.8431 -80.0595 12
      vertex 24.9486 -80.225 12
    endloop
  endfacet
  facet normal 0 0 1
    outer loop
      vertex 25.5811 -77.6638 12
      vertex 24.7236 -79.9037 12
      vertex 24.8431 -80.0595 12
    endloop
  endfacet
  facet normal 0 0 1
    outer loop
      vertex 25.5811 -77.6638 12
      vertex 24.591 -79.759 12
      vertex 24.7236 -79.9037 12
    endloop
  endfacet
  facet normal 0 0 1
    outer loop
      vertex 23.9509 -79.3108 12
      vertex 24.9018 -77.2716 12
      vertex 24.5391 -77.1214 12
    endloop
  endfacet
  facet normal 0 0 1
    outer loop
      vertex 25.5811 -77.6638 12
      vertex 24.4463 -79.6264 12
      vertex 24.591 -79.759 12
    endloop
  endfacet
  facet normal 0 0 1
    outer loop
      vertex 25.5811 -77.6638 12
      vertex 24.2905 -79.5069 12
      vertex 24.4463 -79.6264 12
    endloop
  endfacet
  facet normal 0 0 1
    outer loop
      vertex 23.7695 -79.2357 12
      vertex 24.5391 -77.1214 12
      vertex 24.1647 -77.0033 12
    endloop
  endfacet
  facet normal 0 0 1
    outer loop
      vertex 25.25 -77.4529 12
      vertex 24.125 -79.4014 12
      vertex 24.2905 -79.5069 12
    endloop
  endfacet
  facet normal 0 0 1
    outer loop
      vertex 24.9018 -77.2716 12
      vertex 23.9509 -79.3108 12
      vertex 24.125 -79.4014 12
    endloop
  endfacet
  facet normal 0 0 1
    outer loop
      vertex 23.5823 -79.1767 12
      vertex 24.1647 -77.0033 12
      vertex 23.7814 -76.9184 12
    endloop
  endfacet
  facet normal 0 0 1
    outer loop
      vertex 24.5391 -77.1214 12
      vertex 23.7695 -79.2357 12
      vertex 23.9509 -79.3108 12
    endloop
  endfacet
  facet normal 0 0 1
    outer loop
      vertex 24.1647 -77.0033 12
      vertex 23.5823 -79.1767 12
      vertex 23.7695 -79.2357 12
    endloop
  endfacet
  facet normal 0 0 1
    outer loop
      vertex 23.3907 -79.1342 12
      vertex 23.7814 -76.9184 12
      vertex 23.3922 -76.8671 12
    endloop
  endfacet
  facet normal 0 0 1
    outer loop
      vertex 23.7814 -76.9184 12
      vertex 23.3907 -79.1342 12
      vertex 23.5823 -79.1767 12
    endloop
  endfacet
  facet normal 0 0 1
    outer loop
      vertex 23.3922 -76.8671 12
      vertex 23.1961 -79.1086 12
      vertex 23.3907 -79.1342 12
    endloop
  endfacet
  facet normal 0 0 1
    outer loop
      vertex 23 -76.85 12
      vertex 23.1961 -79.1086 12
      vertex 23.3922 -76.8671 12
    endloop
  endfacet
  facet normal 0 0 1
    outer loop
      vertex 23 -76.85 12
      vertex 23 -79.1 12
      vertex 23.1961 -79.1086 12
    endloop
  endfacet
  facet normal 0 0 1
    outer loop
      vertex 23 -76.85 12
      vertex 22.8039 -79.1086 12
      vertex 23 -79.1 12
    endloop
  endfacet
  facet normal -0 0 1
    outer loop
      vertex 22.6078 -76.8671 12
      vertex 22.8039 -79.1086 12
      vertex 23 -76.85 12
    endloop
  endfacet
  facet normal 0 0 1
    outer loop
      vertex 22.8039 -79.1086 12
      vertex 22.6078 -76.8671 12
      vertex 22.6093 -79.1342 12
    endloop
  endfacet
  facet normal -0 0 1
    outer loop
      vertex 22.2186 -76.9184 12
      vertex 22.6093 -79.1342 12
      vertex 22.6078 -76.8671 12
    endloop
  endfacet
  facet normal 0 0 1
    outer loop
      vertex 22.6093 -79.1342 12
      vertex 22.2186 -76.9184 12
      vertex 22.4177 -79.1767 12
    endloop
  endfacet
  facet normal -0 0 1
    outer loop
      vertex 21.8353 -77.0033 12
      vertex 22.4177 -79.1767 12
      vertex 22.2186 -76.9184 12
    endloop
  endfacet
  facet normal 0 0 1
    outer loop
      vertex 22.4177 -79.1767 12
      vertex 21.8353 -77.0033 12
      vertex 22.2305 -79.2357 12
    endloop
  endfacet
  facet normal -0 0 1
    outer loop
      vertex 21.4609 -77.1214 12
      vertex 22.2305 -79.2357 12
      vertex 21.8353 -77.0033 12
    endloop
  endfacet
  facet normal 0 0 1
    outer loop
      vertex 22.2305 -79.2357 12
      vertex 21.4609 -77.1214 12
      vertex 22.0491 -79.3108 12
    endloop
  endfacet
  facet normal -0 0 1
    outer loop
      vertex 21.0982 -77.2716 12
      vertex 22.0491 -79.3108 12
      vertex 21.4609 -77.1214 12
    endloop
  endfacet
  facet normal 0 0 1
    outer loop
      vertex 22.0491 -79.3108 12
      vertex 21.0982 -77.2716 12
      vertex 21.875 -79.4014 12
    endloop
  endfacet
  facet normal -0 0 1
    outer loop
      vertex 20.75 -77.4529 12
      vertex 21.875 -79.4014 12
      vertex 21.0982 -77.2716 12
    endloop
  endfacet
  facet normal 0 0 1
    outer loop
      vertex 21.875 -79.4014 12
      vertex 20.75 -77.4529 12
      vertex 21.7095 -79.5069 12
    endloop
  endfacet
  facet normal -0 0 1
    outer loop
      vertex 20.4189 -77.6638 12
      vertex 21.7095 -79.5069 12
      vertex 20.75 -77.4529 12
    endloop
  endfacet
  facet normal 0 0 1
    outer loop
      vertex 21.7095 -79.5069 12
      vertex 20.4189 -77.6638 12
      vertex 21.5537 -79.6264 12
    endloop
  endfacet
  facet normal -0 0 1
    outer loop
      vertex 20.1075 -77.9028 12
      vertex 21.5537 -79.6264 12
      vertex 20.4189 -77.6638 12
    endloop
  endfacet
  facet normal 0 0 1
    outer loop
      vertex 21.5537 -79.6264 12
      vertex 20.1075 -77.9028 12
      vertex 21.409 -79.759 12
    endloop
  endfacet
  facet normal -0 0 1
    outer loop
      vertex 19.818 -78.168 12
      vertex 21.409 -79.759 12
      vertex 20.1075 -77.9028 12
    endloop
  endfacet
  facet normal 0 0 1
    outer loop
      vertex 21.409 -79.759 12
      vertex 19.818 -78.168 12
      vertex 21.2764 -79.9037 12
    endloop
  endfacet
  facet normal -0 0 1
    outer loop
      vertex 19.5528 -78.4575 12
      vertex 21.2764 -79.9037 12
      vertex 19.818 -78.168 12
    endloop
  endfacet
  facet normal 0 0 1
    outer loop
      vertex 21.2764 -79.9037 12
      vertex 19.5528 -78.4575 12
      vertex 21.1569 -80.0595 12
    endloop
  endfacet
  facet normal -0 0 1
    outer loop
      vertex 19.3138 -78.7689 12
      vertex 21.1569 -80.0595 12
      vertex 19.5528 -78.4575 12
    endloop
  endfacet
  facet normal 0 0 1
    outer loop
      vertex 21.1569 -80.0595 12
      vertex 19.3138 -78.7689 12
      vertex 21.0514 -80.225 12
    endloop
  endfacet
  facet normal -0 0 1
    outer loop
      vertex 19.1029 -79.1 12
      vertex 21.0514 -80.225 12
      vertex 19.3138 -78.7689 12
    endloop
  endfacet
  facet normal 0 0 1
    outer loop
      vertex 21.0514 -80.225 12
      vertex 19.1029 -79.1 12
      vertex 20.9608 -80.3991 12
    endloop
  endfacet
  facet normal -0 0 1
    outer loop
      vertex 18.9216 -79.4482 12
      vertex 20.9608 -80.3991 12
      vertex 19.1029 -79.1 12
    endloop
  endfacet
  facet normal 0 0 1
    outer loop
      vertex 20.75 -81.35 12
      vertex 20.4189 -85.0362 12
      vertex 20.75 -85.2471 12
    endloop
  endfacet
  facet normal 0 0 1
    outer loop
      vertex 20.9608 -80.3991 12
      vertex 18.9216 -79.4482 12
      vertex 20.8857 -80.5805 12
    endloop
  endfacet
  facet normal 0 0 1
    outer loop
      vertex 20.75 -81.35 12
      vertex 20.1075 -84.7972 12
      vertex 20.4189 -85.0362 12
    endloop
  endfacet
  facet normal -0 0 1
    outer loop
      vertex 18.7714 -79.8109 12
      vertex 20.8857 -80.5805 12
      vertex 18.9216 -79.4482 12
    endloop
  endfacet
  facet normal 0 0 1
    outer loop
      vertex 20.75 -81.35 12
      vertex 19.818 -84.532 12
      vertex 20.1075 -84.7972 12
    endloop
  endfacet
  facet normal 0 0 1
    outer loop
      vertex 20.8857 -80.5805 12
      vertex 18.7714 -79.8109 12
      vertex 20.8267 -80.7677 12
    endloop
  endfacet
  facet normal 0 0 1
    outer loop
      vertex 20.75 -81.35 12
      vertex 19.5528 -84.2425 12
      vertex 19.818 -84.532 12
    endloop
  endfacet
  facet normal -0 0 1
    outer loop
      vertex 18.6533 -80.1853 12
      vertex 20.8267 -80.7677 12
      vertex 18.7714 -79.8109 12
    endloop
  endfacet
  facet normal 0 0 1
    outer loop
      vertex 20.75 -81.35 12
      vertex 19.3138 -83.9311 12
      vertex 19.5528 -84.2425 12
    endloop
  endfacet
  facet normal 0 0 1
    outer loop
      vertex 20.8267 -80.7677 12
      vertex 18.6533 -80.1853 12
      vertex 20.7842 -80.9593 12
    endloop
  endfacet
  facet normal 0 0 1
    outer loop
      vertex 20.75 -81.35 12
      vertex 19.1029 -83.6 12
      vertex 19.3138 -83.9311 12
    endloop
  endfacet
  facet normal -0 0 1
    outer loop
      vertex 18.5684 -80.5686 12
      vertex 20.7842 -80.9593 12
      vertex 18.6533 -80.1853 12
    endloop
  endfacet
  facet normal 0 0 1
    outer loop
      vertex 20.75 -81.35 12
      vertex 18.9216 -83.2518 12
      vertex 19.1029 -83.6 12
    endloop
  endfacet
  facet normal 0 0 1
    outer loop
      vertex 20.7842 -80.9593 12
      vertex 18.5684 -80.5686 12
      vertex 20.7586 -81.1539 12
    endloop
  endfacet
  facet normal 0 0 1
    outer loop
      vertex 20.75 -81.35 12
      vertex 18.7714 -82.8891 12
      vertex 18.9216 -83.2518 12
    endloop
  endfacet
  facet normal -0 0 1
    outer loop
      vertex 18.5171 -80.9578 12
      vertex 20.7586 -81.1539 12
      vertex 18.5684 -80.5686 12
    endloop
  endfacet
  facet normal 0 0 1
    outer loop
      vertex 20.75 -81.35 12
      vertex 18.6533 -82.5147 12
      vertex 18.7714 -82.8891 12
    endloop
  endfacet
  facet normal 0 0 1
    outer loop
      vertex 20.7586 -81.1539 12
      vertex 18.5171 -80.9578 12
      vertex 20.75 -81.35 12
    endloop
  endfacet
  facet normal 0 0 1
    outer loop
      vertex 20.75 -81.35 12
      vertex 18.5684 -82.1314 12
      vertex 18.6533 -82.5147 12
    endloop
  endfacet
  facet normal 0 0 1
    outer loop
      vertex 18.5 -81.35 12
      vertex 20.75 -81.35 12
      vertex 18.5171 -80.9578 12
    endloop
  endfacet
  facet normal 0 0 1
    outer loop
      vertex 20.75 -81.35 12
      vertex 18.5171 -81.7422 12
      vertex 18.5684 -82.1314 12
    endloop
  endfacet
  facet normal 0 0 1
    outer loop
      vertex 20.75 -81.35 12
      vertex 18.5 -81.35 12
      vertex 18.5171 -81.7422 12
    endloop
  endfacet
  facet normal 0 0 1
    outer loop
      vertex 25.25 -81.35 12
      vertex 27.5 -81.35 12
      vertex 27.4829 -80.9578 12
    endloop
  endfacet
  facet normal 0 0 1
    outer loop
      vertex 25.2414 -81.1539 12
      vertex 27.4829 -80.9578 12
      vertex 27.4316 -80.5686 12
    endloop
  endfacet
  facet normal 0 0 1
    outer loop
      vertex 27.5 -81.35 12
      vertex 25.25 -81.35 12
      vertex 27.4829 -81.7422 12
    endloop
  endfacet
  facet normal 0 0 1
    outer loop
      vertex 25.2414 -81.1539 12
      vertex 27.4316 -80.5686 12
      vertex 27.3467 -80.1853 12
    endloop
  endfacet
  facet normal -0 0 1
    outer loop
      vertex 25.2414 -81.5461 12
      vertex 27.4829 -81.7422 12
      vertex 25.25 -81.35 12
    endloop
  endfacet
  facet normal 0 0 1
    outer loop
      vertex 25.2414 -81.1539 12
      vertex 27.3467 -80.1853 12
      vertex 27.2286 -79.8109 12
    endloop
  endfacet
  facet normal 0 0 1
    outer loop
      vertex 27.4829 -81.7422 12
      vertex 25.2414 -81.5461 12
      vertex 27.4316 -82.1314 12
    endloop
  endfacet
  facet normal 0 0 1
    outer loop
      vertex 25.2414 -81.1539 12
      vertex 27.2286 -79.8109 12
      vertex 27.0784 -79.4482 12
    endloop
  endfacet
  facet normal -0 0 1
    outer loop
      vertex 25.2158 -81.7407 12
      vertex 27.4316 -82.1314 12
      vertex 25.2414 -81.5461 12
    endloop
  endfacet
  facet normal 0 0 1
    outer loop
      vertex 25.2414 -81.1539 12
      vertex 27.0784 -79.4482 12
      vertex 26.8971 -79.1 12
    endloop
  endfacet
  facet normal 0 0 1
    outer loop
      vertex 27.4316 -82.1314 12
      vertex 25.2158 -81.7407 12
      vertex 27.3467 -82.5147 12
    endloop
  endfacet
  facet normal 0 0 1
    outer loop
      vertex 25.2414 -81.1539 12
      vertex 26.8971 -79.1 12
      vertex 26.6862 -78.7689 12
    endloop
  endfacet
  facet normal -0 0 1
    outer loop
      vertex 25.1733 -81.9323 12
      vertex 27.3467 -82.5147 12
      vertex 25.2158 -81.7407 12
    endloop
  endfacet
  facet normal 0 0 1
    outer loop
      vertex 25.2414 -81.1539 12
      vertex 26.6862 -78.7689 12
      vertex 26.4472 -78.4575 12
    endloop
  endfacet
  facet normal 0 0 1
    outer loop
      vertex 27.3467 -82.5147 12
      vertex 25.1733 -81.9323 12
      vertex 27.2286 -82.8891 12
    endloop
  endfacet
  facet normal 0 0 1
    outer loop
      vertex 25.2414 -81.1539 12
      vertex 26.4472 -78.4575 12
      vertex 26.182 -78.168 12
    endloop
  endfacet
  facet normal -0 0 1
    outer loop
      vertex 25.1143 -82.1195 12
      vertex 27.2286 -82.8891 12
      vertex 25.1733 -81.9323 12
    endloop
  endfacet
  facet normal 0 0 1
    outer loop
      vertex 25.2414 -81.1539 12
      vertex 26.182 -78.168 12
      vertex 25.8925 -77.9028 12
    endloop
  endfacet
  facet normal 0 0 1
    outer loop
      vertex 27.2286 -82.8891 12
      vertex 25.1143 -82.1195 12
      vertex 27.0784 -83.2518 12
    endloop
  endfacet
  facet normal 0 0 1
    outer loop
      vertex 25.2414 -81.1539 12
      vertex 25.8925 -77.9028 12
      vertex 25.5811 -77.6638 12
    endloop
  endfacet
  facet normal -0 0 1
    outer loop
      vertex 25.0392 -82.3009 12
      vertex 27.0784 -83.2518 12
      vertex 25.1143 -82.1195 12
    endloop
  endfacet
  facet normal 0 0 1
    outer loop
      vertex 24.2905 -79.5069 12
      vertex 25.5811 -77.6638 12
      vertex 25.25 -77.4529 12
    endloop
  endfacet
  facet normal 0 0 1
    outer loop
      vertex 27.0784 -83.2518 12
      vertex 25.0392 -82.3009 12
      vertex 26.8971 -83.6 12
    endloop
  endfacet
  facet normal -0 0 1
    outer loop
      vertex 24.9486 -82.475 12
      vertex 26.8971 -83.6 12
      vertex 25.0392 -82.3009 12
    endloop
  endfacet
  facet normal 0 0 1
    outer loop
      vertex 26.8971 -83.6 12
      vertex 24.9486 -82.475 12
      vertex 26.6862 -83.9311 12
    endloop
  endfacet
  facet normal -0 0 1
    outer loop
      vertex 24.8431 -82.6405 12
      vertex 26.6862 -83.9311 12
      vertex 24.9486 -82.475 12
    endloop
  endfacet
  facet normal 0 0 1
    outer loop
      vertex 26.6862 -83.9311 12
      vertex 24.8431 -82.6405 12
      vertex 26.4472 -84.2425 12
    endloop
  endfacet
  facet normal -0 0 1
    outer loop
      vertex 24.7236 -82.7963 12
      vertex 26.4472 -84.2425 12
      vertex 24.8431 -82.6405 12
    endloop
  endfacet
  facet normal 0 0 1
    outer loop
      vertex 26.4472 -84.2425 12
      vertex 24.7236 -82.7963 12
      vertex 26.182 -84.532 12
    endloop
  endfacet
  facet normal -0 0 1
    outer loop
      vertex 24.591 -82.941 12
      vertex 26.182 -84.532 12
      vertex 24.7236 -82.7963 12
    endloop
  endfacet
  facet normal 0 0 1
    outer loop
      vertex 26.182 -84.532 12
      vertex 24.591 -82.941 12
      vertex 25.8925 -84.7972 12
    endloop
  endfacet
  facet normal -0 0 1
    outer loop
      vertex 24.4463 -83.0736 12
      vertex 25.8925 -84.7972 12
      vertex 24.591 -82.941 12
    endloop
  endfacet
  facet normal 0 0 1
    outer loop
      vertex 25.8925 -84.7972 12
      vertex 24.4463 -83.0736 12
      vertex 25.5811 -85.0362 12
    endloop
  endfacet
  facet normal -0 0 1
    outer loop
      vertex 24.2905 -83.1931 12
      vertex 25.5811 -85.0362 12
      vertex 24.4463 -83.0736 12
    endloop
  endfacet
  facet normal 0 0 1
    outer loop
      vertex 25.5811 -85.0362 12
      vertex 24.2905 -83.1931 12
      vertex 25.25 -85.2471 12
    endloop
  endfacet
  facet normal -0 0 1
    outer loop
      vertex 24.125 -83.2986 12
      vertex 25.25 -85.2471 12
      vertex 24.2905 -83.1931 12
    endloop
  endfacet
  facet normal 0 0 1
    outer loop
      vertex 25.25 -85.2471 12
      vertex 24.125 -83.2986 12
      vertex 24.9018 -85.4284 12
    endloop
  endfacet
  facet normal -0 0 1
    outer loop
      vertex 23.9509 -83.3892 12
      vertex 24.9018 -85.4284 12
      vertex 24.125 -83.2986 12
    endloop
  endfacet
  facet normal 0 0 1
    outer loop
      vertex 24.9018 -85.4284 12
      vertex 23.9509 -83.3892 12
      vertex 24.5391 -85.5786 12
    endloop
  endfacet
  facet normal -0 0 1
    outer loop
      vertex 23.7695 -83.4643 12
      vertex 24.5391 -85.5786 12
      vertex 23.9509 -83.3892 12
    endloop
  endfacet
  facet normal 0 0 1
    outer loop
      vertex 24.5391 -85.5786 12
      vertex 23.7695 -83.4643 12
      vertex 24.1647 -85.6967 12
    endloop
  endfacet
  facet normal -0 0 1
    outer loop
      vertex 23.5823 -83.5233 12
      vertex 24.1647 -85.6967 12
      vertex 23.7695 -83.4643 12
    endloop
  endfacet
  facet normal 0 0 1
    outer loop
      vertex 24.1647 -85.6967 12
      vertex 23.5823 -83.5233 12
      vertex 23.7814 -85.7816 12
    endloop
  endfacet
  facet normal -0 0 1
    outer loop
      vertex 23.3907 -83.5658 12
      vertex 23.7814 -85.7816 12
      vertex 23.5823 -83.5233 12
    endloop
  endfacet
  facet normal 0 0 1
    outer loop
      vertex 23.7814 -85.7816 12
      vertex 23.3907 -83.5658 12
      vertex 23.3922 -85.8329 12
    endloop
  endfacet
  facet normal -0 0 1
    outer loop
      vertex 23.1961 -83.5914 12
      vertex 23.3922 -85.8329 12
      vertex 23.3907 -83.5658 12
    endloop
  endfacet
  facet normal -0 0 1
    outer loop
      vertex 23 -83.6 12
      vertex 23.3922 -85.8329 12
      vertex 23.1961 -83.5914 12
    endloop
  endfacet
  facet normal 0 0 1
    outer loop
      vertex 23 -83.6 12
      vertex 23 -85.85 12
      vertex 23.3922 -85.8329 12
    endloop
  endfacet
  facet normal 0 0 1
    outer loop
      vertex 22.8039 -83.5914 12
      vertex 23 -85.85 12
      vertex 23 -83.6 12
    endloop
  endfacet
  facet normal 0 0 1
    outer loop
      vertex 22.6078 -85.8329 12
      vertex 22.8039 -83.5914 12
      vertex 22.6093 -83.5658 12
    endloop
  endfacet
  facet normal 0 0 1
    outer loop
      vertex 22.8039 -83.5914 12
      vertex 22.6078 -85.8329 12
      vertex 23 -85.85 12
    endloop
  endfacet
  facet normal 0 0 1
    outer loop
      vertex 22.2186 -85.7816 12
      vertex 22.6093 -83.5658 12
      vertex 22.4177 -83.5233 12
    endloop
  endfacet
  facet normal 0 0 1
    outer loop
      vertex 21.8353 -85.6967 12
      vertex 22.4177 -83.5233 12
      vertex 22.2305 -83.4643 12
    endloop
  endfacet
  facet normal 0 0 1
    outer loop
      vertex 22.6093 -83.5658 12
      vertex 22.2186 -85.7816 12
      vertex 22.6078 -85.8329 12
    endloop
  endfacet
  facet normal 0 0 1
    outer loop
      vertex 21.4609 -85.5786 12
      vertex 22.2305 -83.4643 12
      vertex 22.0491 -83.3892 12
    endloop
  endfacet
  facet normal 0 0 1
    outer loop
      vertex 21.0982 -85.4284 12
      vertex 22.0491 -83.3892 12
      vertex 21.875 -83.2986 12
    endloop
  endfacet
  facet normal 0 0 1
    outer loop
      vertex 22.4177 -83.5233 12
      vertex 21.8353 -85.6967 12
      vertex 22.2186 -85.7816 12
    endloop
  endfacet
  facet normal 0 0 1
    outer loop
      vertex 20.75 -85.2471 12
      vertex 21.875 -83.2986 12
      vertex 21.7095 -83.1931 12
    endloop
  endfacet
  facet normal 0 0 1
    outer loop
      vertex 20.75 -85.2471 12
      vertex 21.7095 -83.1931 12
      vertex 21.5537 -83.0736 12
    endloop
  endfacet
  facet normal 0 0 1
    outer loop
      vertex 22.2305 -83.4643 12
      vertex 21.4609 -85.5786 12
      vertex 21.8353 -85.6967 12
    endloop
  endfacet
  facet normal 0 0 1
    outer loop
      vertex 20.75 -85.2471 12
      vertex 21.5537 -83.0736 12
      vertex 21.409 -82.941 12
    endloop
  endfacet
  facet normal 0 0 1
    outer loop
      vertex 20.75 -85.2471 12
      vertex 21.409 -82.941 12
      vertex 21.2764 -82.7963 12
    endloop
  endfacet
  facet normal 0 0 1
    outer loop
      vertex 20.75 -85.2471 12
      vertex 21.2764 -82.7963 12
      vertex 21.1569 -82.6405 12
    endloop
  endfacet
  facet normal 0 0 1
    outer loop
      vertex 22.0491 -83.3892 12
      vertex 21.0982 -85.4284 12
      vertex 21.4609 -85.5786 12
    endloop
  endfacet
  facet normal 0 0 1
    outer loop
      vertex 20.75 -85.2471 12
      vertex 21.1569 -82.6405 12
      vertex 21.0514 -82.475 12
    endloop
  endfacet
  facet normal 0 0 1
    outer loop
      vertex 20.75 -85.2471 12
      vertex 21.0514 -82.475 12
      vertex 20.9608 -82.3009 12
    endloop
  endfacet
  facet normal 0 0 1
    outer loop
      vertex 20.75 -85.2471 12
      vertex 20.9608 -82.3009 12
      vertex 20.8857 -82.1195 12
    endloop
  endfacet
  facet normal 0 0 1
    outer loop
      vertex 20.75 -85.2471 12
      vertex 20.8857 -82.1195 12
      vertex 20.8267 -81.9323 12
    endloop
  endfacet
  facet normal 0 0 1
    outer loop
      vertex 20.75 -85.2471 12
      vertex 20.8267 -81.9323 12
      vertex 20.7842 -81.7407 12
    endloop
  endfacet
  facet normal 0 0 1
    outer loop
      vertex 20.75 -85.2471 12
      vertex 20.7842 -81.7407 12
      vertex 20.7586 -81.5461 12
    endloop
  endfacet
  facet normal 0 0 1
    outer loop
      vertex 21.875 -83.2986 12
      vertex 20.75 -85.2471 12
      vertex 21.0982 -85.4284 12
    endloop
  endfacet
  facet normal 0 0 1
    outer loop
      vertex 20.75 -85.2471 12
      vertex 20.7586 -81.5461 12
      vertex 20.75 -81.35 12
    endloop
  endfacet
  facet normal 0.886971 -0.461826 0
    outer loop
      vertex 18.9216 -79.4482 16
      vertex 19.1029 -79.1 12
      vertex 19.1029 -79.1 16
    endloop
  endfacet
  facet normal 0.886971 -0.461826 0
    outer loop
      vertex 19.1029 -79.1 12
      vertex 18.9216 -79.4482 16
      vertex 18.9216 -79.4482 12
    endloop
  endfacet
  facet normal -0.991458 -0.130428 0
    outer loop
      vertex 25.2414 81.5461 0
      vertex 25.2158 81.7407 12
      vertex 25.2158 81.7407 0
    endloop
  endfacet
  facet normal -0.991458 -0.130428 0
    outer loop
      vertex 25.2158 81.7407 12
      vertex 25.2414 81.5461 0
      vertex 25.2414 81.5461 12
    endloop
  endfacet
  facet normal -0.99904 -0.0438131 0
    outer loop
      vertex 25.25 81.35 0
      vertex 25.2414 81.5461 12
      vertex 25.2414 81.5461 0
    endloop
  endfacet
  facet normal -0.99904 -0.0438131 0
    outer loop
      vertex 25.2414 81.5461 12
      vertex 25.25 81.35 0
      vertex 25.25 81.35 12
    endloop
  endfacet
  facet normal -0.976271 -0.216553 0
    outer loop
      vertex 25.2158 81.7407 0
      vertex 25.1733 81.9323 12
      vertex 25.1733 81.9323 0
    endloop
  endfacet
  facet normal -0.976271 -0.216553 0
    outer loop
      vertex 25.1733 81.9323 12
      vertex 25.2158 81.7407 0
      vertex 25.2158 81.7407 12
    endloop
  endfacet
  facet normal 0.887075 0.461625 0
    outer loop
      vertex 21.0514 80.225 12
      vertex 20.9608 80.3991 0
      vertex 20.9608 80.3991 12
    endloop
  endfacet
  facet normal 0.887075 0.461625 0
    outer loop
      vertex 20.9608 80.3991 0
      vertex 21.0514 80.225 12
      vertex 21.0514 80.225 0
    endloop
  endfacet
  facet normal -0.0438131 0.99904 0
    outer loop
      vertex 23.1961 79.1086 0
      vertex 23 79.1 12
      vertex 23.1961 79.1086 12
    endloop
  endfacet
  facet normal -0.0438131 0.99904 0
    outer loop
      vertex 23 79.1 12
      vertex 23.1961 79.1086 0
      vertex 23 79.1 0
    endloop
  endfacet
  facet normal 0.0438131 0.99904 -0
    outer loop
      vertex 23 79.1 0
      vertex 22.8039 79.1086 12
      vertex 23 79.1 12
    endloop
  endfacet
  facet normal 0.0438131 0.99904 0
    outer loop
      vertex 22.8039 79.1086 12
      vertex 23 79.1 0
      vertex 22.8039 79.1086 0
    endloop
  endfacet
  facet normal 0.73726 0.675609 0
    outer loop
      vertex 21.409 79.759 12
      vertex 21.2764 79.9037 0
      vertex 21.2764 79.9037 12
    endloop
  endfacet
  facet normal 0.73726 0.675609 0
    outer loop
      vertex 21.2764 79.9037 0
      vertex 21.409 79.759 12
      vertex 21.409 79.759 0
    endloop
  endfacet
  facet normal 0.382517 -0.923949 0
    outer loop
      vertex 22.0491 83.3892 0
      vertex 22.2305 83.4643 12
      vertex 22.0491 83.3892 12
    endloop
  endfacet
  facet normal 0.382517 -0.923949 0
    outer loop
      vertex 22.2305 83.4643 12
      vertex 22.0491 83.3892 0
      vertex 22.2305 83.4643 0
    endloop
  endfacet
  facet normal -0.300595 -0.953752 0
    outer loop
      vertex 23.5823 83.5233 0
      vertex 23.7695 83.4643 12
      vertex 23.5823 83.5233 12
    endloop
  endfacet
  facet normal -0.300595 -0.953752 -0
    outer loop
      vertex 23.7695 83.4643 12
      vertex 23.5823 83.5233 0
      vertex 23.7695 83.4643 0
    endloop
  endfacet
  facet normal 0.675609 0.73726 -0
    outer loop
      vertex 21.5537 79.6264 0
      vertex 21.409 79.759 12
      vertex 21.5537 79.6264 12
    endloop
  endfacet
  facet normal 0.675609 0.73726 0
    outer loop
      vertex 21.409 79.759 12
      vertex 21.5537 79.6264 0
      vertex 21.409 79.759 0
    endloop
  endfacet
  facet normal -0.130428 0.991458 0
    outer loop
      vertex 23.3907 79.1342 0
      vertex 23.1961 79.1086 12
      vertex 23.3907 79.1342 12
    endloop
  endfacet
  facet normal -0.130428 0.991458 0
    outer loop
      vertex 23.1961 79.1086 12
      vertex 23.3907 79.1342 0
      vertex 23.1961 79.1086 0
    endloop
  endfacet
  facet normal -0.130428 -0.991458 0
    outer loop
      vertex 23.1961 83.5914 0
      vertex 23.3907 83.5658 12
      vertex 23.1961 83.5914 12
    endloop
  endfacet
  facet normal -0.130428 -0.991458 -0
    outer loop
      vertex 23.3907 83.5658 12
      vertex 23.1961 83.5914 0
      vertex 23.3907 83.5658 0
    endloop
  endfacet
  facet normal -0.537535 -0.843242 0
    outer loop
      vertex 24.125 83.2986 0
      vertex 24.2905 83.1931 12
      vertex 24.125 83.2986 12
    endloop
  endfacet
  facet normal -0.537535 -0.843242 -0
    outer loop
      vertex 24.2905 83.1931 12
      vertex 24.125 83.2986 0
      vertex 24.2905 83.1931 0
    endloop
  endfacet
  facet normal 0.953752 0.300595 0
    outer loop
      vertex 20.8857 80.5805 12
      vertex 20.8267 80.7677 2.19
      vertex 20.8267 80.7677 12
    endloop
  endfacet
  facet normal 0.953752 0.300595 0
    outer loop
      vertex 20.8267 80.7677 2.19
      vertex 20.8857 80.5805 12
      vertex 20.8857 80.5805 2.19
    endloop
  endfacet
  facet normal 0.73726 -0.675609 0
    outer loop
      vertex 21.2764 82.7963 12
      vertex 21.409 82.941 0
      vertex 21.409 82.941 12
    endloop
  endfacet
  facet normal 0.73726 -0.675609 0
    outer loop
      vertex 21.409 82.941 0
      vertex 21.2764 82.7963 12
      vertex 21.2764 82.7963 0
    endloop
  endfacet
  facet normal -0.608603 -0.793475 0
    outer loop
      vertex 24.2905 83.1931 0
      vertex 24.4463 83.0736 12
      vertex 24.2905 83.1931 12
    endloop
  endfacet
  facet normal -0.608603 -0.793475 -0
    outer loop
      vertex 24.4463 83.0736 12
      vertex 24.2905 83.1931 0
      vertex 24.4463 83.0736 0
    endloop
  endfacet
  facet normal 0.130428 0.991458 -0
    outer loop
      vertex 22.8039 79.1086 0
      vertex 22.6093 79.1342 12
      vertex 22.8039 79.1086 12
    endloop
  endfacet
  facet normal 0.130428 0.991458 0
    outer loop
      vertex 22.6093 79.1342 12
      vertex 22.8039 79.1086 0
      vertex 22.6093 79.1342 0
    endloop
  endfacet
  facet normal -0.300595 0.953752 0
    outer loop
      vertex 23.7695 79.2357 0
      vertex 23.5823 79.1767 12
      vertex 23.7695 79.2357 12
    endloop
  endfacet
  facet normal -0.300595 0.953752 0
    outer loop
      vertex 23.5823 79.1767 12
      vertex 23.7695 79.2357 0
      vertex 23.5823 79.1767 0
    endloop
  endfacet
  facet normal -0.991458 0.130428 0
    outer loop
      vertex 25.2158 80.9593 0
      vertex 25.2414 81.1539 12
      vertex 25.2414 81.1539 0
    endloop
  endfacet
  facet normal -0.991458 0.130428 0
    outer loop
      vertex 25.2414 81.1539 12
      vertex 25.2158 80.9593 0
      vertex 25.2158 80.9593 12
    endloop
  endfacet
  facet normal 0.887075 -0.461625 0
    outer loop
      vertex 20.9608 82.3009 12
      vertex 21.0514 82.475 0
      vertex 21.0514 82.475 12
    endloop
  endfacet
  facet normal 0.887075 -0.461625 0
    outer loop
      vertex 21.0514 82.475 0
      vertex 20.9608 82.3009 12
      vertex 20.9608 82.3009 0
    endloop
  endfacet
  facet normal -0.843242 -0.537535 0
    outer loop
      vertex 24.9486 82.475 0
      vertex 24.8431 82.6405 12
      vertex 24.8431 82.6405 0
    endloop
  endfacet
  facet normal -0.843242 -0.537535 0
    outer loop
      vertex 24.8431 82.6405 12
      vertex 24.9486 82.475 0
      vertex 24.9486 82.475 12
    endloop
  endfacet
  facet normal 0.675609 -0.73726 0
    outer loop
      vertex 21.409 82.941 0
      vertex 21.5537 83.0736 12
      vertex 21.409 82.941 12
    endloop
  endfacet
  facet normal 0.675609 -0.73726 0
    outer loop
      vertex 21.5537 83.0736 12
      vertex 21.409 82.941 0
      vertex 21.5537 83.0736 0
    endloop
  endfacet
  facet normal -0.99904 0.0438131 0
    outer loop
      vertex 25.2414 81.1539 0
      vertex 25.25 81.35 12
      vertex 25.25 81.35 0
    endloop
  endfacet
  facet normal -0.99904 0.0438131 0
    outer loop
      vertex 25.25 81.35 12
      vertex 25.2414 81.1539 0
      vertex 25.2414 81.1539 12
    endloop
  endfacet
  facet normal 0.608603 -0.793475 0
    outer loop
      vertex 21.5537 83.0736 0
      vertex 21.7095 83.1931 12
      vertex 21.5537 83.0736 12
    endloop
  endfacet
  facet normal 0.608603 -0.793475 0
    outer loop
      vertex 21.7095 83.1931 12
      vertex 21.5537 83.0736 0
      vertex 21.7095 83.1931 0
    endloop
  endfacet
  facet normal 0.991458 -0.130428 0
    outer loop
      vertex 20.7586 81.5461 12
      vertex 20.7842 81.7407 2.19
      vertex 20.7842 81.7407 12
    endloop
  endfacet
  facet normal 0.991458 -0.130428 0
    outer loop
      vertex 20.7842 81.7407 2.19
      vertex 20.7586 81.5461 12
      vertex 20.7586 81.5461 2.19
    endloop
  endfacet
  facet normal -0.793475 -0.608603 0
    outer loop
      vertex 24.8431 82.6405 0
      vertex 24.7236 82.7963 12
      vertex 24.7236 82.7963 0
    endloop
  endfacet
  facet normal -0.793475 -0.608603 0
    outer loop
      vertex 24.7236 82.7963 12
      vertex 24.8431 82.6405 0
      vertex 24.8431 82.6405 12
    endloop
  endfacet
  facet normal 0.300595 0.953752 -0
    outer loop
      vertex 22.4177 79.1767 0
      vertex 22.2305 79.2357 12
      vertex 22.4177 79.1767 12
    endloop
  endfacet
  facet normal 0.300595 0.953752 0
    outer loop
      vertex 22.2305 79.2357 12
      vertex 22.4177 79.1767 0
      vertex 22.2305 79.2357 0
    endloop
  endfacet
  facet normal 0.793475 0.608603 0
    outer loop
      vertex 21.2764 79.9037 12
      vertex 21.1569 80.0595 0
      vertex 21.1569 80.0595 12
    endloop
  endfacet
  facet normal 0.793475 0.608603 0
    outer loop
      vertex 21.1569 80.0595 0
      vertex 21.2764 79.9037 12
      vertex 21.2764 79.9037 0
    endloop
  endfacet
  facet normal -0.608603 0.793475 0
    outer loop
      vertex 24.4463 79.6264 0
      vertex 24.2905 79.5069 12
      vertex 24.4463 79.6264 12
    endloop
  endfacet
  facet normal -0.608603 0.793475 0
    outer loop
      vertex 24.2905 79.5069 12
      vertex 24.4463 79.6264 0
      vertex 24.2905 79.5069 0
    endloop
  endfacet
  facet normal 0.537535 -0.843242 0
    outer loop
      vertex 21.7095 83.1931 0
      vertex 21.875 83.2986 12
      vertex 21.7095 83.1931 12
    endloop
  endfacet
  facet normal 0.537535 -0.843242 0
    outer loop
      vertex 21.875 83.2986 12
      vertex 21.7095 83.1931 0
      vertex 21.875 83.2986 0
    endloop
  endfacet
  facet normal 0.793475 -0.608603 0
    outer loop
      vertex 21.1569 82.6405 12
      vertex 21.2764 82.7963 0
      vertex 21.2764 82.7963 12
    endloop
  endfacet
  facet normal 0.793475 -0.608603 0
    outer loop
      vertex 21.2764 82.7963 0
      vertex 21.1569 82.6405 12
      vertex 21.1569 82.6405 0
    endloop
  endfacet
  facet normal 0.216553 0.976271 -0
    outer loop
      vertex 22.6093 79.1342 0
      vertex 22.4177 79.1767 12
      vertex 22.6093 79.1342 12
    endloop
  endfacet
  facet normal 0.216553 0.976271 0
    outer loop
      vertex 22.4177 79.1767 12
      vertex 22.6093 79.1342 0
      vertex 22.4177 79.1767 0
    endloop
  endfacet
  facet normal -0.675609 0.73726 0
    outer loop
      vertex 24.591 79.759 0
      vertex 24.4463 79.6264 12
      vertex 24.591 79.759 12
    endloop
  endfacet
  facet normal -0.675609 0.73726 0
    outer loop
      vertex 24.4463 79.6264 12
      vertex 24.591 79.759 0
      vertex 24.4463 79.6264 0
    endloop
  endfacet
  facet normal -0.953752 -0.300595 0
    outer loop
      vertex 25.1733 81.9323 0
      vertex 25.1143 82.1195 12
      vertex 25.1143 82.1195 0
    endloop
  endfacet
  facet normal -0.953752 -0.300595 0
    outer loop
      vertex 25.1143 82.1195 12
      vertex 25.1733 81.9323 0
      vertex 25.1733 81.9323 12
    endloop
  endfacet
  facet normal 0.0438131 -0.99904 0
    outer loop
      vertex 22.8039 83.5914 0
      vertex 23 83.6 12
      vertex 22.8039 83.5914 12
    endloop
  endfacet
  facet normal 0.0438131 -0.99904 0
    outer loop
      vertex 23 83.6 12
      vertex 22.8039 83.5914 0
      vertex 23 83.6 0
    endloop
  endfacet
  facet normal 0.976271 -0.216553 0
    outer loop
      vertex 20.7842 81.7407 12
      vertex 20.8267 81.9323 2.19
      vertex 20.8267 81.9323 12
    endloop
  endfacet
  facet normal 0.976271 -0.216553 0
    outer loop
      vertex 20.8267 81.9323 2.19
      vertex 20.7842 81.7407 12
      vertex 20.7842 81.7407 2.19
    endloop
  endfacet
  facet normal -0.675609 -0.73726 0
    outer loop
      vertex 24.4463 83.0736 0
      vertex 24.591 82.941 12
      vertex 24.4463 83.0736 12
    endloop
  endfacet
  facet normal -0.675609 -0.73726 -0
    outer loop
      vertex 24.591 82.941 12
      vertex 24.4463 83.0736 0
      vertex 24.591 82.941 0
    endloop
  endfacet
  facet normal -0.461625 0.887075 0
    outer loop
      vertex 24.125 79.4014 0
      vertex 23.9509 79.3108 12
      vertex 24.125 79.4014 12
    endloop
  endfacet
  facet normal -0.461625 0.887075 0
    outer loop
      vertex 23.9509 79.3108 12
      vertex 24.125 79.4014 0
      vertex 23.9509 79.3108 0
    endloop
  endfacet
  facet normal -0.923949 -0.382517 0
    outer loop
      vertex 25.1143 82.1195 0
      vertex 25.0392 82.3009 12
      vertex 25.0392 82.3009 0
    endloop
  endfacet
  facet normal -0.923949 -0.382517 0
    outer loop
      vertex 25.0392 82.3009 12
      vertex 25.1143 82.1195 0
      vertex 25.1143 82.1195 12
    endloop
  endfacet
  facet normal 0.608603 0.793475 -0
    outer loop
      vertex 21.7095 79.5069 0
      vertex 21.5537 79.6264 12
      vertex 21.7095 79.5069 12
    endloop
  endfacet
  facet normal 0.608603 0.793475 0
    outer loop
      vertex 21.5537 79.6264 12
      vertex 21.7095 79.5069 0
      vertex 21.5537 79.6264 0
    endloop
  endfacet
  facet normal -0.976271 0.216553 0
    outer loop
      vertex 25.1733 80.7677 0
      vertex 25.2158 80.9593 12
      vertex 25.2158 80.9593 0
    endloop
  endfacet
  facet normal -0.976271 0.216553 0
    outer loop
      vertex 25.2158 80.9593 12
      vertex 25.1733 80.7677 0
      vertex 25.1733 80.7677 12
    endloop
  endfacet
  facet normal 0.300595 -0.953752 0
    outer loop
      vertex 22.2305 83.4643 0
      vertex 22.4177 83.5233 12
      vertex 22.2305 83.4643 12
    endloop
  endfacet
  facet normal 0.300595 -0.953752 0
    outer loop
      vertex 22.4177 83.5233 12
      vertex 22.2305 83.4643 0
      vertex 22.4177 83.5233 0
    endloop
  endfacet
  facet normal -0.216553 -0.976271 0
    outer loop
      vertex 23.3907 83.5658 0
      vertex 23.5823 83.5233 12
      vertex 23.3907 83.5658 12
    endloop
  endfacet
  facet normal -0.216553 -0.976271 -0
    outer loop
      vertex 23.5823 83.5233 12
      vertex 23.3907 83.5658 0
      vertex 23.5823 83.5233 0
    endloop
  endfacet
  facet normal -0.887075 -0.461625 0
    outer loop
      vertex 25.0392 82.3009 0
      vertex 24.9486 82.475 12
      vertex 24.9486 82.475 0
    endloop
  endfacet
  facet normal -0.887075 -0.461625 0
    outer loop
      vertex 24.9486 82.475 12
      vertex 25.0392 82.3009 0
      vertex 25.0392 82.3009 12
    endloop
  endfacet
  facet normal -0.953752 0.300595 0
    outer loop
      vertex 25.1143 80.5805 0
      vertex 25.1733 80.7677 12
      vertex 25.1733 80.7677 0
    endloop
  endfacet
  facet normal -0.953752 0.300595 0
    outer loop
      vertex 25.1733 80.7677 12
      vertex 25.1143 80.5805 0
      vertex 25.1143 80.5805 12
    endloop
  endfacet
  facet normal 0.382517 0.923949 -0
    outer loop
      vertex 22.2305 79.2357 0
      vertex 22.0491 79.3108 12
      vertex 22.2305 79.2357 12
    endloop
  endfacet
  facet normal 0.382517 0.923949 0
    outer loop
      vertex 22.0491 79.3108 12
      vertex 22.2305 79.2357 0
      vertex 22.0491 79.3108 0
    endloop
  endfacet
  facet normal 0.537535 0.843242 -0
    outer loop
      vertex 21.875 79.4014 0
      vertex 21.7095 79.5069 12
      vertex 21.875 79.4014 12
    endloop
  endfacet
  facet normal 0.537535 0.843242 0
    outer loop
      vertex 21.7095 79.5069 12
      vertex 21.875 79.4014 0
      vertex 21.7095 79.5069 0
    endloop
  endfacet
  facet normal -0.382517 -0.923949 0
    outer loop
      vertex 23.7695 83.4643 0
      vertex 23.9509 83.3892 12
      vertex 23.7695 83.4643 12
    endloop
  endfacet
  facet normal -0.382517 -0.923949 -0
    outer loop
      vertex 23.9509 83.3892 12
      vertex 23.7695 83.4643 0
      vertex 23.9509 83.3892 0
    endloop
  endfacet
  facet normal 0.130428 -0.991458 0
    outer loop
      vertex 22.6093 83.5658 0
      vertex 22.8039 83.5914 12
      vertex 22.6093 83.5658 12
    endloop
  endfacet
  facet normal 0.130428 -0.991458 0
    outer loop
      vertex 22.8039 83.5914 12
      vertex 22.6093 83.5658 0
      vertex 22.8039 83.5914 0
    endloop
  endfacet
  facet normal -0.923949 0.382517 0
    outer loop
      vertex 25.0392 80.3991 0
      vertex 25.1143 80.5805 12
      vertex 25.1143 80.5805 0
    endloop
  endfacet
  facet normal -0.923949 0.382517 0
    outer loop
      vertex 25.1143 80.5805 12
      vertex 25.0392 80.3991 0
      vertex 25.0392 80.3991 12
    endloop
  endfacet
  facet normal 0.843242 0.537535 0
    outer loop
      vertex 21.1569 80.0595 12
      vertex 21.0514 80.225 0
      vertex 21.0514 80.225 12
    endloop
  endfacet
  facet normal 0.843242 0.537535 0
    outer loop
      vertex 21.0514 80.225 0
      vertex 21.1569 80.0595 12
      vertex 21.1569 80.0595 0
    endloop
  endfacet
  facet normal 0.216553 -0.976271 0
    outer loop
      vertex 22.4177 83.5233 0
      vertex 22.6093 83.5658 12
      vertex 22.4177 83.5233 12
    endloop
  endfacet
  facet normal 0.216553 -0.976271 0
    outer loop
      vertex 22.6093 83.5658 12
      vertex 22.4177 83.5233 0
      vertex 22.6093 83.5658 0
    endloop
  endfacet
  facet normal -0.843242 0.537535 0
    outer loop
      vertex 24.8431 80.0595 0
      vertex 24.9486 80.225 12
      vertex 24.9486 80.225 0
    endloop
  endfacet
  facet normal -0.843242 0.537535 0
    outer loop
      vertex 24.9486 80.225 12
      vertex 24.8431 80.0595 0
      vertex 24.8431 80.0595 12
    endloop
  endfacet
  facet normal -0.382517 0.923949 0
    outer loop
      vertex 23.9509 79.3108 0
      vertex 23.7695 79.2357 12
      vertex 23.9509 79.3108 12
    endloop
  endfacet
  facet normal -0.382517 0.923949 0
    outer loop
      vertex 23.7695 79.2357 12
      vertex 23.9509 79.3108 0
      vertex 23.7695 79.2357 0
    endloop
  endfacet
  facet normal 0.923808 0.382855 0
    outer loop
      vertex 20.8857 80.5805 12
      vertex 20.9305 80.4724 2.19
      vertex 20.8857 80.5805 2.19
    endloop
  endfacet
  facet normal 0.923949 0.382517 4.36654e-06
    outer loop
      vertex 20.9608 80.3991 12
      vertex 20.9305 80.4724 2.19
      vertex 20.8857 80.5805 12
    endloop
  endfacet
  facet normal 0.924155 0.382018 -0
    outer loop
      vertex 20.9608 80.3991 0
      vertex 20.9305 80.4724 2.19
      vertex 20.9608 80.3991 12
    endloop
  endfacet
  facet normal 0.924155 0.382018 0
    outer loop
      vertex 20.9305 80.4724 2.19
      vertex 20.9608 80.3991 0
      vertex 20.9305 80.4724 0
    endloop
  endfacet
  facet normal 0.991458 0.130428 0
    outer loop
      vertex 20.7842 80.9593 12
      vertex 20.7586 81.1539 2.19
      vertex 20.7586 81.1539 12
    endloop
  endfacet
  facet normal 0.991458 0.130428 0
    outer loop
      vertex 20.7586 81.1539 2.19
      vertex 20.7842 80.9593 12
      vertex 20.7842 80.9593 2.19
    endloop
  endfacet
  facet normal -0.0438131 -0.99904 0
    outer loop
      vertex 23 83.6 0
      vertex 23.1961 83.5914 12
      vertex 23 83.6 12
    endloop
  endfacet
  facet normal -0.0438131 -0.99904 -0
    outer loop
      vertex 23.1961 83.5914 12
      vertex 23 83.6 0
      vertex 23.1961 83.5914 0
    endloop
  endfacet
  facet normal -0.216553 0.976271 0
    outer loop
      vertex 23.5823 79.1767 0
      vertex 23.3907 79.1342 12
      vertex 23.5823 79.1767 12
    endloop
  endfacet
  facet normal -0.216553 0.976271 0
    outer loop
      vertex 23.3907 79.1342 12
      vertex 23.5823 79.1767 0
      vertex 23.3907 79.1342 0
    endloop
  endfacet
  facet normal 0.843242 -0.537535 0
    outer loop
      vertex 21.0514 82.475 12
      vertex 21.1569 82.6405 0
      vertex 21.1569 82.6405 12
    endloop
  endfacet
  facet normal 0.843242 -0.537535 0
    outer loop
      vertex 21.1569 82.6405 0
      vertex 21.0514 82.475 12
      vertex 21.0514 82.475 0
    endloop
  endfacet
  facet normal -0.537535 0.843242 0
    outer loop
      vertex 24.2905 79.5069 0
      vertex 24.125 79.4014 12
      vertex 24.2905 79.5069 12
    endloop
  endfacet
  facet normal -0.537535 0.843242 0
    outer loop
      vertex 24.125 79.4014 12
      vertex 24.2905 79.5069 0
      vertex 24.125 79.4014 0
    endloop
  endfacet
  facet normal 0.461625 -0.887075 0
    outer loop
      vertex 21.875 83.2986 0
      vertex 22.0491 83.3892 12
      vertex 21.875 83.2986 12
    endloop
  endfacet
  facet normal 0.461625 -0.887075 0
    outer loop
      vertex 22.0491 83.3892 12
      vertex 21.875 83.2986 0
      vertex 22.0491 83.3892 0
    endloop
  endfacet
  facet normal -0.793475 0.608603 0
    outer loop
      vertex 24.7236 79.9037 0
      vertex 24.8431 80.0595 12
      vertex 24.8431 80.0595 0
    endloop
  endfacet
  facet normal -0.793475 0.608603 0
    outer loop
      vertex 24.8431 80.0595 12
      vertex 24.7236 79.9037 0
      vertex 24.7236 79.9037 12
    endloop
  endfacet
  facet normal 0.99904 -0.0438131 0
    outer loop
      vertex 20.75 81.35 12
      vertex 20.7586 81.5461 2.19
      vertex 20.7586 81.5461 12
    endloop
  endfacet
  facet normal 0.99904 -0.0438131 0
    outer loop
      vertex 20.7586 81.5461 2.19
      vertex 20.75 81.35 12
      vertex 20.75 81.35 2.19
    endloop
  endfacet
  facet normal -0.887075 0.461625 0
    outer loop
      vertex 24.9486 80.225 0
      vertex 25.0392 80.3991 12
      vertex 25.0392 80.3991 0
    endloop
  endfacet
  facet normal -0.887075 0.461625 0
    outer loop
      vertex 25.0392 80.3991 12
      vertex 24.9486 80.225 0
      vertex 24.9486 80.225 12
    endloop
  endfacet
  facet normal 0.924155 -0.382018 0
    outer loop
      vertex 20.9608 82.3009 12
      vertex 20.9305 82.2276 2.19
      vertex 20.9608 82.3009 0
    endloop
  endfacet
  facet normal 0.923949 -0.382517 4.36654e-06
    outer loop
      vertex 20.8857 82.1195 12
      vertex 20.9305 82.2276 2.19
      vertex 20.9608 82.3009 12
    endloop
  endfacet
  facet normal 0.923808 -0.382855 0
    outer loop
      vertex 20.9305 82.2276 2.19
      vertex 20.8857 82.1195 12
      vertex 20.8857 82.1195 2.19
    endloop
  endfacet
  facet normal 0.924155 -0.382018 0
    outer loop
      vertex 20.9608 82.3009 0
      vertex 20.9305 82.2276 2.19
      vertex 20.9305 82.2276 0
    endloop
  endfacet
  facet normal 0.976271 0.216553 0
    outer loop
      vertex 20.8267 80.7677 12
      vertex 20.7842 80.9593 2.19
      vertex 20.7842 80.9593 12
    endloop
  endfacet
  facet normal 0.976271 0.216553 0
    outer loop
      vertex 20.7842 80.9593 2.19
      vertex 20.8267 80.7677 12
      vertex 20.8267 80.7677 2.19
    endloop
  endfacet
  facet normal 0.99904 0.0438131 0
    outer loop
      vertex 20.7586 81.1539 12
      vertex 20.75 81.35 2.19
      vertex 20.75 81.35 12
    endloop
  endfacet
  facet normal 0.99904 0.0438131 0
    outer loop
      vertex 20.75 81.35 2.19
      vertex 20.7586 81.1539 12
      vertex 20.7586 81.1539 2.19
    endloop
  endfacet
  facet normal 0.953752 -0.300595 0
    outer loop
      vertex 20.8267 81.9323 12
      vertex 20.8857 82.1195 2.19
      vertex 20.8857 82.1195 12
    endloop
  endfacet
  facet normal 0.953752 -0.300595 0
    outer loop
      vertex 20.8857 82.1195 2.19
      vertex 20.8267 81.9323 12
      vertex 20.8267 81.9323 2.19
    endloop
  endfacet
  facet normal -0.73726 0.675609 0
    outer loop
      vertex 24.591 79.759 0
      vertex 24.7236 79.9037 12
      vertex 24.7236 79.9037 0
    endloop
  endfacet
  facet normal -0.73726 0.675609 0
    outer loop
      vertex 24.7236 79.9037 12
      vertex 24.591 79.759 0
      vertex 24.591 79.759 12
    endloop
  endfacet
  facet normal 0 0 -1
    outer loop
      vertex 27.4829 80.9578 17
      vertex 27.4829 81.7422 17
      vertex 27.5 81.35 17
    endloop
  endfacet
  facet normal 0 0 -1
    outer loop
      vertex 27.4316 80.5686 17
      vertex 27.4829 81.7422 17
      vertex 27.4829 80.9578 17
    endloop
  endfacet
  facet normal 0 0 -1
    outer loop
      vertex 27.4316 80.5686 17
      vertex 27.4316 82.1314 17
      vertex 27.4829 81.7422 17
    endloop
  endfacet
  facet normal 0 0 -1
    outer loop
      vertex 27.3467 80.1853 17
      vertex 27.4316 82.1314 17
      vertex 27.4316 80.5686 17
    endloop
  endfacet
  facet normal 0 0 -1
    outer loop
      vertex 27.3467 80.1853 17
      vertex 27.3467 82.5147 17
      vertex 27.4316 82.1314 17
    endloop
  endfacet
  facet normal 0 0 -1
    outer loop
      vertex 27.2286 79.8109 17
      vertex 27.3467 82.5147 17
      vertex 27.3467 80.1853 17
    endloop
  endfacet
  facet normal 0 0 -1
    outer loop
      vertex 27.2286 79.8109 17
      vertex 27.2286 82.8891 17
      vertex 27.3467 82.5147 17
    endloop
  endfacet
  facet normal 0 0 -1
    outer loop
      vertex 27.0784 79.4482 17
      vertex 27.2286 82.8891 17
      vertex 27.2286 79.8109 17
    endloop
  endfacet
  facet normal 0 0 -1
    outer loop
      vertex 27.0784 79.4482 17
      vertex 27.0784 83.2518 17
      vertex 27.2286 82.8891 17
    endloop
  endfacet
  facet normal 0 0 -1
    outer loop
      vertex 26.8971 79.1 17
      vertex 27.0784 83.2518 17
      vertex 27.0784 79.4482 17
    endloop
  endfacet
  facet normal 0 0 -1
    outer loop
      vertex 26.8971 79.1 17
      vertex 26.8971 83.6 17
      vertex 27.0784 83.2518 17
    endloop
  endfacet
  facet normal 0 0 -1
    outer loop
      vertex 26.6862 78.7689 17
      vertex 26.8971 83.6 17
      vertex 26.8971 79.1 17
    endloop
  endfacet
  facet normal 0 0 -1
    outer loop
      vertex 26.6862 78.7689 17
      vertex 26.6862 83.9311 17
      vertex 26.8971 83.6 17
    endloop
  endfacet
  facet normal 0 0 -1
    outer loop
      vertex 26.4472 78.4575 17
      vertex 26.6862 83.9311 17
      vertex 26.6862 78.7689 17
    endloop
  endfacet
  facet normal 0 0 -1
    outer loop
      vertex 26.4472 78.4575 17
      vertex 26.4472 84.2425 17
      vertex 26.6862 83.9311 17
    endloop
  endfacet
  facet normal 0 0 -1
    outer loop
      vertex 26.182 78.168 17
      vertex 26.4472 84.2425 17
      vertex 26.4472 78.4575 17
    endloop
  endfacet
  facet normal 0 0 -1
    outer loop
      vertex 26.182 78.168 17
      vertex 26.182 84.532 17
      vertex 26.4472 84.2425 17
    endloop
  endfacet
  facet normal 0 0 -1
    outer loop
      vertex 25.8925 77.9028 17
      vertex 26.182 84.532 17
      vertex 26.182 78.168 17
    endloop
  endfacet
  facet normal 0 0 -1
    outer loop
      vertex 25.8925 77.9028 17
      vertex 25.8925 84.7972 17
      vertex 26.182 84.532 17
    endloop
  endfacet
  facet normal 0 0 -1
    outer loop
      vertex 25.5811 77.6638 17
      vertex 25.8925 84.7972 17
      vertex 25.8925 77.9028 17
    endloop
  endfacet
  facet normal 0 0 -1
    outer loop
      vertex 25.5811 77.6638 17
      vertex 25.5811 85.0362 17
      vertex 25.8925 84.7972 17
    endloop
  endfacet
  facet normal 0 0 -1
    outer loop
      vertex 25.25 77.4529 17
      vertex 25.5811 85.0362 17
      vertex 25.5811 77.6638 17
    endloop
  endfacet
  facet normal 0 0 -1
    outer loop
      vertex 25.25 77.4529 17
      vertex 25.25 85.2471 17
      vertex 25.5811 85.0362 17
    endloop
  endfacet
  facet normal 0 0 -1
    outer loop
      vertex 24.9018 77.2716 17
      vertex 25.25 85.2471 17
      vertex 25.25 77.4529 17
    endloop
  endfacet
  facet normal 0 0 -1
    outer loop
      vertex 24.9018 77.2716 17
      vertex 24.9018 85.4284 17
      vertex 25.25 85.2471 17
    endloop
  endfacet
  facet normal 0 0 -1
    outer loop
      vertex 24.5391 77.1214 17
      vertex 24.9018 85.4284 17
      vertex 24.9018 77.2716 17
    endloop
  endfacet
  facet normal 0 0 -1
    outer loop
      vertex 24.5391 77.1214 17
      vertex 24.5391 85.5786 17
      vertex 24.9018 85.4284 17
    endloop
  endfacet
  facet normal 0 0 -1
    outer loop
      vertex 24.1647 77.0033 17
      vertex 24.5391 85.5786 17
      vertex 24.5391 77.1214 17
    endloop
  endfacet
  facet normal 0 0 -1
    outer loop
      vertex 24.1647 77.0033 17
      vertex 24.1647 85.6967 17
      vertex 24.5391 85.5786 17
    endloop
  endfacet
  facet normal 0 0 -1
    outer loop
      vertex 23.7814 76.9184 17
      vertex 24.1647 85.6967 17
      vertex 24.1647 77.0033 17
    endloop
  endfacet
  facet normal 0 0 -1
    outer loop
      vertex 23.7814 76.9184 17
      vertex 23.7814 85.7816 17
      vertex 24.1647 85.6967 17
    endloop
  endfacet
  facet normal 0 0 -1
    outer loop
      vertex 23.3922 76.8671 17
      vertex 23.7814 85.7816 17
      vertex 23.7814 76.9184 17
    endloop
  endfacet
  facet normal 0 0 -1
    outer loop
      vertex 23.3922 76.8671 17
      vertex 23.3922 85.8329 17
      vertex 23.7814 85.7816 17
    endloop
  endfacet
  facet normal 0 0 -1
    outer loop
      vertex 23 76.85 17
      vertex 23.3922 85.8329 17
      vertex 23.3922 76.8671 17
    endloop
  endfacet
  facet normal 0 0 -1
    outer loop
      vertex 23 76.85 17
      vertex 23 85.85 17
      vertex 23.3922 85.8329 17
    endloop
  endfacet
  facet normal 0 0 -1
    outer loop
      vertex 22.6078 76.8671 17
      vertex 23 85.85 17
      vertex 23 76.85 17
    endloop
  endfacet
  facet normal 0 0 -1
    outer loop
      vertex 22.6078 76.8671 17
      vertex 22.6078 85.8329 17
      vertex 23 85.85 17
    endloop
  endfacet
  facet normal 0 0 -1
    outer loop
      vertex 22.2186 76.9184 17
      vertex 22.6078 85.8329 17
      vertex 22.6078 76.8671 17
    endloop
  endfacet
  facet normal 0 0 -1
    outer loop
      vertex 22.2186 76.9184 17
      vertex 22.2186 85.7816 17
      vertex 22.6078 85.8329 17
    endloop
  endfacet
  facet normal 0 0 -1
    outer loop
      vertex 21.8353 77.0033 17
      vertex 22.2186 85.7816 17
      vertex 22.2186 76.9184 17
    endloop
  endfacet
  facet normal 0 0 -1
    outer loop
      vertex 21.8353 77.0033 17
      vertex 21.8353 85.6967 17
      vertex 22.2186 85.7816 17
    endloop
  endfacet
  facet normal 0 0 -1
    outer loop
      vertex 21.4609 77.1214 17
      vertex 21.8353 85.6967 17
      vertex 21.8353 77.0033 17
    endloop
  endfacet
  facet normal 0 0 -1
    outer loop
      vertex 21.4609 77.1214 17
      vertex 21.4609 85.5786 17
      vertex 21.8353 85.6967 17
    endloop
  endfacet
  facet normal 0 0 -1
    outer loop
      vertex 21.0982 77.2716 17
      vertex 21.4609 85.5786 17
      vertex 21.4609 77.1214 17
    endloop
  endfacet
  facet normal 0 0 -1
    outer loop
      vertex 21.0982 77.2716 17
      vertex 21.0982 85.4284 17
      vertex 21.4609 85.5786 17
    endloop
  endfacet
  facet normal 0 0 -1
    outer loop
      vertex 20.75 77.4529 17
      vertex 21.0982 85.4284 17
      vertex 21.0982 77.2716 17
    endloop
  endfacet
  facet normal 0 0 -1
    outer loop
      vertex 20.75 77.4529 17
      vertex 20.75 85.2471 17
      vertex 21.0982 85.4284 17
    endloop
  endfacet
  facet normal 0 0 -1
    outer loop
      vertex 20.1773 77.8492 17
      vertex 20.75 77.4529 17
      vertex 20.4189 77.6638 17
    endloop
  endfacet
  facet normal 0 0 -1
    outer loop
      vertex 20.75 77.4529 17
      vertex 20.1773 77.8492 17
      vertex 20.75 85.2471 17
    endloop
  endfacet
  facet normal 0 0 -1
    outer loop
      vertex 20.1773 84.8508 17
      vertex 20.75 85.2471 17
      vertex 20.1773 77.8492 17
    endloop
  endfacet
  facet normal 0 0 -1
    outer loop
      vertex 20.75 85.2471 17
      vertex 20.1773 84.8508 17
      vertex 20.4189 85.0362 17
    endloop
  endfacet
  facet normal 0.461625 0.887075 -0
    outer loop
      vertex 22.0491 79.3108 0
      vertex 21.875 79.4014 12
      vertex 22.0491 79.3108 12
    endloop
  endfacet
  facet normal 0.461625 0.887075 0
    outer loop
      vertex 21.875 79.4014 12
      vertex 22.0491 79.3108 0
      vertex 21.875 79.4014 0
    endloop
  endfacet
  facet normal -0.461625 -0.887075 0
    outer loop
      vertex 23.9509 83.3892 0
      vertex 24.125 83.2986 12
      vertex 23.9509 83.3892 12
    endloop
  endfacet
  facet normal -0.461625 -0.887075 -0
    outer loop
      vertex 24.125 83.2986 12
      vertex 23.9509 83.3892 0
      vertex 24.125 83.2986 0
    endloop
  endfacet
  facet normal -0.73726 -0.675609 0
    outer loop
      vertex 24.7236 82.7963 0
      vertex 24.591 82.941 12
      vertex 24.591 82.941 0
    endloop
  endfacet
  facet normal -0.73726 -0.675609 0
    outer loop
      vertex 24.591 82.941 12
      vertex 24.7236 82.7963 0
      vertex 24.7236 82.7963 12
    endloop
  endfacet
  facet normal 0.300827 0.953679 -0
    outer loop
      vertex 21.8353 77.0033 12
      vertex 21.4609 77.1214 17
      vertex 21.8353 77.0033 17
    endloop
  endfacet
  facet normal 0.300827 0.953679 0
    outer loop
      vertex 21.4609 77.1214 17
      vertex 21.8353 77.0033 12
      vertex 21.4609 77.1214 12
    endloop
  endfacet
  facet normal -0.216256 0.976337 0
    outer loop
      vertex 24.1647 77.0033 12
      vertex 23.7814 76.9184 17
      vertex 24.1647 77.0033 17
    endloop
  endfacet
  facet normal -0.216256 0.976337 0
    outer loop
      vertex 23.7814 76.9184 17
      vertex 24.1647 77.0033 12
      vertex 23.7814 76.9184 12
    endloop
  endfacet
  facet normal -0.991425 -0.130679 0
    outer loop
      vertex 27.4829 81.7422 12
      vertex 27.4316 82.1314 17
      vertex 27.4316 82.1314 12
    endloop
  endfacet
  facet normal -0.991425 -0.130679 0
    outer loop
      vertex 27.4316 82.1314 17
      vertex 27.4829 81.7422 12
      vertex 27.4829 81.7422 17
    endloop
  endfacet
  facet normal -0.999051 -0.0435588 0
    outer loop
      vertex 27.5 81.35 12
      vertex 27.4829 81.7422 17
      vertex 27.4829 81.7422 12
    endloop
  endfacet
  facet normal -0.999051 -0.0435588 0
    outer loop
      vertex 27.4829 81.7422 17
      vertex 27.5 81.35 12
      vertex 27.5 81.35 17
    endloop
  endfacet
  facet normal -0.976337 -0.216256 0
    outer loop
      vertex 27.4316 82.1314 12
      vertex 27.3467 82.5147 17
      vertex 27.3467 82.5147 12
    endloop
  endfacet
  facet normal -0.976337 -0.216256 0
    outer loop
      vertex 27.3467 82.5147 17
      vertex 27.4316 82.1314 12
      vertex 27.4316 82.1314 17
    endloop
  endfacet
  facet normal -0.300827 -0.953679 0
    outer loop
      vertex 24.1647 85.6967 12
      vertex 24.5391 85.5786 17
      vertex 24.1647 85.6967 17
    endloop
  endfacet
  facet normal -0.300827 -0.953679 -0
    outer loop
      vertex 24.5391 85.5786 17
      vertex 24.1647 85.6967 12
      vertex 24.5391 85.5786 12
    endloop
  endfacet
  facet normal 0.130679 -0.991425 0
    outer loop
      vertex 22.2186 85.7816 12
      vertex 22.6078 85.8329 17
      vertex 22.2186 85.7816 17
    endloop
  endfacet
  facet normal 0.130679 -0.991425 0
    outer loop
      vertex 22.6078 85.8329 17
      vertex 22.2186 85.7816 12
      vertex 22.6078 85.8329 12
    endloop
  endfacet
  facet normal -0.675482 0.737376 0
    outer loop
      vertex 26.182 78.168 12
      vertex 25.8925 77.9028 17
      vertex 26.182 78.168 17
    endloop
  endfacet
  facet normal -0.675482 0.737376 0
    outer loop
      vertex 25.8925 77.9028 17
      vertex 26.182 78.168 12
      vertex 25.8925 77.9028 12
    endloop
  endfacet
  facet normal 0.300827 -0.953679 0
    outer loop
      vertex 21.4609 85.5786 12
      vertex 21.8353 85.6967 17
      vertex 21.4609 85.5786 17
    endloop
  endfacet
  facet normal 0.300827 -0.953679 0
    outer loop
      vertex 21.8353 85.6967 17
      vertex 21.4609 85.5786 12
      vertex 21.8353 85.6967 12
    endloop
  endfacet
  facet normal 0.843431 0.537238 0
    outer loop
      vertex 19.3138 78.7689 16
      vertex 19.1029 79.1 12
      vertex 19.1029 79.1 16
    endloop
  endfacet
  facet normal 0.843431 0.537238 0
    outer loop
      vertex 19.1029 79.1 12
      vertex 19.3138 78.7689 16
      vertex 19.3138 78.7689 12
    endloop
  endfacet
  facet normal 0.923911 0.382607 0
    outer loop
      vertex 18.9216 79.4482 16
      vertex 18.7714 79.8109 12
      vertex 18.7714 79.8109 16
    endloop
  endfacet
  facet normal 0.923911 0.382607 0
    outer loop
      vertex 18.7714 79.8109 12
      vertex 18.9216 79.4482 16
      vertex 18.9216 79.4482 12
    endloop
  endfacet
  facet normal -0.737376 -0.675482 0
    outer loop
      vertex 26.4472 84.2425 12
      vertex 26.182 84.532 17
      vertex 26.182 84.532 12
    endloop
  endfacet
  facet normal -0.737376 -0.675482 0
    outer loop
      vertex 26.182 84.532 17
      vertex 26.4472 84.2425 12
      vertex 26.4472 84.2425 17
    endloop
  endfacet
  facet normal 0.976337 -0.216256 0
    outer loop
      vertex 18.5684 82.1314 16
      vertex 18.6533 82.5147 12
      vertex 18.6533 82.5147 16
    endloop
  endfacet
  facet normal 0.976337 -0.216256 0
    outer loop
      vertex 18.6533 82.5147 12
      vertex 18.5684 82.1314 16
      vertex 18.5684 82.1314 12
    endloop
  endfacet
  facet normal 0.130679 0.991425 -0
    outer loop
      vertex 22.6078 76.8671 12
      vertex 22.2186 76.9184 17
      vertex 22.6078 76.8671 17
    endloop
  endfacet
  facet normal 0.130679 0.991425 0
    outer loop
      vertex 22.2186 76.9184 17
      vertex 22.6078 76.8671 12
      vertex 22.2186 76.9184 12
    endloop
  endfacet
  facet normal -0.886971 0.461826 0
    outer loop
      vertex 26.8971 79.1 12
      vertex 27.0784 79.4482 17
      vertex 27.0784 79.4482 12
    endloop
  endfacet
  facet normal -0.886971 0.461826 0
    outer loop
      vertex 27.0784 79.4482 17
      vertex 26.8971 79.1 12
      vertex 26.8971 79.1 17
    endloop
  endfacet
  facet normal 0.216256 -0.976337 0
    outer loop
      vertex 21.8353 85.6967 12
      vertex 22.2186 85.7816 17
      vertex 21.8353 85.6967 17
    endloop
  endfacet
  facet normal 0.216256 -0.976337 0
    outer loop
      vertex 22.2186 85.7816 17
      vertex 21.8353 85.6967 12
      vertex 22.2186 85.7816 12
    endloop
  endfacet
  facet normal 0.886971 0.461826 0
    outer loop
      vertex 19.1029 79.1 16
      vertex 18.9216 79.4482 12
      vertex 18.9216 79.4482 16
    endloop
  endfacet
  facet normal 0.886971 0.461826 0
    outer loop
      vertex 18.9216 79.4482 12
      vertex 19.1029 79.1 16
      vertex 19.1029 79.1 12
    endloop
  endfacet
  facet normal -0.923911 0.382607 0
    outer loop
      vertex 27.0784 79.4482 12
      vertex 27.2286 79.8109 17
      vertex 27.2286 79.8109 12
    endloop
  endfacet
  facet normal -0.923911 0.382607 0
    outer loop
      vertex 27.2286 79.8109 17
      vertex 27.0784 79.4482 12
      vertex 27.0784 79.4482 17
    endloop
  endfacet
  facet normal 0 0 1
    outer loop
      vertex 27.4829 81.7422 12
      vertex 25.2414 81.5461 12
      vertex 25.25 81.35 12
    endloop
  endfacet
  facet normal 0 0 1
    outer loop
      vertex 25.5811 85.0362 12
      vertex 25.2158 81.7407 12
      vertex 25.2414 81.5461 12
    endloop
  endfacet
  facet normal 0 0 1
    outer loop
      vertex 25.5811 85.0362 12
      vertex 25.1733 81.9323 12
      vertex 25.2158 81.7407 12
    endloop
  endfacet
  facet normal 0 0 1
    outer loop
      vertex 25.5811 85.0362 12
      vertex 25.1143 82.1195 12
      vertex 25.1733 81.9323 12
    endloop
  endfacet
  facet normal 0 0 1
    outer loop
      vertex 25.5811 85.0362 12
      vertex 25.0392 82.3009 12
      vertex 25.1143 82.1195 12
    endloop
  endfacet
  facet normal 0 0 1
    outer loop
      vertex 25.5811 85.0362 12
      vertex 24.9486 82.475 12
      vertex 25.0392 82.3009 12
    endloop
  endfacet
  facet normal 0 0 1
    outer loop
      vertex 24.125 83.2986 12
      vertex 25.25 85.2471 12
      vertex 24.9018 85.4284 12
    endloop
  endfacet
  facet normal 0 0 1
    outer loop
      vertex 25.5811 85.0362 12
      vertex 24.8431 82.6405 12
      vertex 24.9486 82.475 12
    endloop
  endfacet
  facet normal 0 0 1
    outer loop
      vertex 25.5811 85.0362 12
      vertex 24.7236 82.7963 12
      vertex 24.8431 82.6405 12
    endloop
  endfacet
  facet normal 0 0 1
    outer loop
      vertex 25.5811 85.0362 12
      vertex 24.591 82.941 12
      vertex 24.7236 82.7963 12
    endloop
  endfacet
  facet normal 0 0 1
    outer loop
      vertex 23.9509 83.3892 12
      vertex 24.9018 85.4284 12
      vertex 24.5391 85.5786 12
    endloop
  endfacet
  facet normal 0 0 1
    outer loop
      vertex 25.5811 85.0362 12
      vertex 24.4463 83.0736 12
      vertex 24.591 82.941 12
    endloop
  endfacet
  facet normal 0 0 1
    outer loop
      vertex 25.5811 85.0362 12
      vertex 24.2905 83.1931 12
      vertex 24.4463 83.0736 12
    endloop
  endfacet
  facet normal 0 0 1
    outer loop
      vertex 23.7695 83.4643 12
      vertex 24.5391 85.5786 12
      vertex 24.1647 85.6967 12
    endloop
  endfacet
  facet normal 0 0 1
    outer loop
      vertex 25.25 85.2471 12
      vertex 24.125 83.2986 12
      vertex 24.2905 83.1931 12
    endloop
  endfacet
  facet normal 0 0 1
    outer loop
      vertex 24.9018 85.4284 12
      vertex 23.9509 83.3892 12
      vertex 24.125 83.2986 12
    endloop
  endfacet
  facet normal 0 0 1
    outer loop
      vertex 23.5823 83.5233 12
      vertex 24.1647 85.6967 12
      vertex 23.7814 85.7816 12
    endloop
  endfacet
  facet normal 0 0 1
    outer loop
      vertex 24.5391 85.5786 12
      vertex 23.7695 83.4643 12
      vertex 23.9509 83.3892 12
    endloop
  endfacet
  facet normal 0 0 1
    outer loop
      vertex 24.1647 85.6967 12
      vertex 23.5823 83.5233 12
      vertex 23.7695 83.4643 12
    endloop
  endfacet
  facet normal 0 0 1
    outer loop
      vertex 23.3907 83.5658 12
      vertex 23.7814 85.7816 12
      vertex 23.3922 85.8329 12
    endloop
  endfacet
  facet normal 0 0 1
    outer loop
      vertex 23.7814 85.7816 12
      vertex 23.3907 83.5658 12
      vertex 23.5823 83.5233 12
    endloop
  endfacet
  facet normal 0 0 1
    outer loop
      vertex 23.3922 85.8329 12
      vertex 23.1961 83.5914 12
      vertex 23.3907 83.5658 12
    endloop
  endfacet
  facet normal 0 0 1
    outer loop
      vertex 23 85.85 12
      vertex 23.1961 83.5914 12
      vertex 23.3922 85.8329 12
    endloop
  endfacet
  facet normal 0 0 1
    outer loop
      vertex 23 85.85 12
      vertex 23 83.6 12
      vertex 23.1961 83.5914 12
    endloop
  endfacet
  facet normal 0 0 1
    outer loop
      vertex 23 85.85 12
      vertex 22.8039 83.5914 12
      vertex 23 83.6 12
    endloop
  endfacet
  facet normal -0 0 1
    outer loop
      vertex 22.6078 85.8329 12
      vertex 22.8039 83.5914 12
      vertex 23 85.85 12
    endloop
  endfacet
  facet normal 0 0 1
    outer loop
      vertex 22.8039 83.5914 12
      vertex 22.6078 85.8329 12
      vertex 22.6093 83.5658 12
    endloop
  endfacet
  facet normal -0 0 1
    outer loop
      vertex 22.2186 85.7816 12
      vertex 22.6093 83.5658 12
      vertex 22.6078 85.8329 12
    endloop
  endfacet
  facet normal 0 0 1
    outer loop
      vertex 22.6093 83.5658 12
      vertex 22.2186 85.7816 12
      vertex 22.4177 83.5233 12
    endloop
  endfacet
  facet normal -0 0 1
    outer loop
      vertex 21.8353 85.6967 12
      vertex 22.4177 83.5233 12
      vertex 22.2186 85.7816 12
    endloop
  endfacet
  facet normal 0 0 1
    outer loop
      vertex 22.4177 83.5233 12
      vertex 21.8353 85.6967 12
      vertex 22.2305 83.4643 12
    endloop
  endfacet
  facet normal -0 0 1
    outer loop
      vertex 21.4609 85.5786 12
      vertex 22.2305 83.4643 12
      vertex 21.8353 85.6967 12
    endloop
  endfacet
  facet normal 0 0 1
    outer loop
      vertex 22.2305 83.4643 12
      vertex 21.4609 85.5786 12
      vertex 22.0491 83.3892 12
    endloop
  endfacet
  facet normal -0 0 1
    outer loop
      vertex 21.0982 85.4284 12
      vertex 22.0491 83.3892 12
      vertex 21.4609 85.5786 12
    endloop
  endfacet
  facet normal 0 0 1
    outer loop
      vertex 22.0491 83.3892 12
      vertex 21.0982 85.4284 12
      vertex 21.875 83.2986 12
    endloop
  endfacet
  facet normal -0 0 1
    outer loop
      vertex 20.75 85.2471 12
      vertex 21.875 83.2986 12
      vertex 21.0982 85.4284 12
    endloop
  endfacet
  facet normal 0 0 1
    outer loop
      vertex 21.875 83.2986 12
      vertex 20.75 85.2471 12
      vertex 21.7095 83.1931 12
    endloop
  endfacet
  facet normal -0 0 1
    outer loop
      vertex 20.4189 85.0362 12
      vertex 21.7095 83.1931 12
      vertex 20.75 85.2471 12
    endloop
  endfacet
  facet normal 0 0 1
    outer loop
      vertex 21.7095 83.1931 12
      vertex 20.4189 85.0362 12
      vertex 21.5537 83.0736 12
    endloop
  endfacet
  facet normal -0 0 1
    outer loop
      vertex 20.1075 84.7972 12
      vertex 21.5537 83.0736 12
      vertex 20.4189 85.0362 12
    endloop
  endfacet
  facet normal 0 0 1
    outer loop
      vertex 21.5537 83.0736 12
      vertex 20.1075 84.7972 12
      vertex 21.409 82.941 12
    endloop
  endfacet
  facet normal -0 0 1
    outer loop
      vertex 19.818 84.532 12
      vertex 21.409 82.941 12
      vertex 20.1075 84.7972 12
    endloop
  endfacet
  facet normal 0 0 1
    outer loop
      vertex 21.409 82.941 12
      vertex 19.818 84.532 12
      vertex 21.2764 82.7963 12
    endloop
  endfacet
  facet normal -0 0 1
    outer loop
      vertex 19.5528 84.2425 12
      vertex 21.2764 82.7963 12
      vertex 19.818 84.532 12
    endloop
  endfacet
  facet normal 0 0 1
    outer loop
      vertex 21.2764 82.7963 12
      vertex 19.5528 84.2425 12
      vertex 21.1569 82.6405 12
    endloop
  endfacet
  facet normal -0 0 1
    outer loop
      vertex 19.3138 83.9311 12
      vertex 21.1569 82.6405 12
      vertex 19.5528 84.2425 12
    endloop
  endfacet
  facet normal 0 0 1
    outer loop
      vertex 21.1569 82.6405 12
      vertex 19.3138 83.9311 12
      vertex 21.0514 82.475 12
    endloop
  endfacet
  facet normal -0 0 1
    outer loop
      vertex 19.1029 83.6 12
      vertex 21.0514 82.475 12
      vertex 19.3138 83.9311 12
    endloop
  endfacet
  facet normal 0 0 1
    outer loop
      vertex 21.0514 82.475 12
      vertex 19.1029 83.6 12
      vertex 20.9608 82.3009 12
    endloop
  endfacet
  facet normal -0 0 1
    outer loop
      vertex 18.9216 83.2518 12
      vertex 20.9608 82.3009 12
      vertex 19.1029 83.6 12
    endloop
  endfacet
  facet normal 0 0 1
    outer loop
      vertex 20.75 81.35 12
      vertex 20.4189 77.6638 12
      vertex 20.75 77.4529 12
    endloop
  endfacet
  facet normal 0 0 1
    outer loop
      vertex 20.9608 82.3009 12
      vertex 18.9216 83.2518 12
      vertex 20.8857 82.1195 12
    endloop
  endfacet
  facet normal 0 0 1
    outer loop
      vertex 20.75 81.35 12
      vertex 20.1075 77.9028 12
      vertex 20.4189 77.6638 12
    endloop
  endfacet
  facet normal -0 0 1
    outer loop
      vertex 18.7714 82.8891 12
      vertex 20.8857 82.1195 12
      vertex 18.9216 83.2518 12
    endloop
  endfacet
  facet normal 0 0 1
    outer loop
      vertex 20.75 81.35 12
      vertex 19.818 78.168 12
      vertex 20.1075 77.9028 12
    endloop
  endfacet
  facet normal 0 0 1
    outer loop
      vertex 20.8857 82.1195 12
      vertex 18.7714 82.8891 12
      vertex 20.8267 81.9323 12
    endloop
  endfacet
  facet normal 0 0 1
    outer loop
      vertex 20.75 81.35 12
      vertex 19.5528 78.4575 12
      vertex 19.818 78.168 12
    endloop
  endfacet
  facet normal -0 0 1
    outer loop
      vertex 18.6533 82.5147 12
      vertex 20.8267 81.9323 12
      vertex 18.7714 82.8891 12
    endloop
  endfacet
  facet normal 0 0 1
    outer loop
      vertex 20.75 81.35 12
      vertex 19.3138 78.7689 12
      vertex 19.5528 78.4575 12
    endloop
  endfacet
  facet normal 0 0 1
    outer loop
      vertex 20.8267 81.9323 12
      vertex 18.6533 82.5147 12
      vertex 20.7842 81.7407 12
    endloop
  endfacet
  facet normal 0 0 1
    outer loop
      vertex 20.75 81.35 12
      vertex 19.1029 79.1 12
      vertex 19.3138 78.7689 12
    endloop
  endfacet
  facet normal -0 0 1
    outer loop
      vertex 18.5684 82.1314 12
      vertex 20.7842 81.7407 12
      vertex 18.6533 82.5147 12
    endloop
  endfacet
  facet normal 0 0 1
    outer loop
      vertex 20.75 81.35 12
      vertex 18.9216 79.4482 12
      vertex 19.1029 79.1 12
    endloop
  endfacet
  facet normal 0 0 1
    outer loop
      vertex 20.7842 81.7407 12
      vertex 18.5684 82.1314 12
      vertex 20.7586 81.5461 12
    endloop
  endfacet
  facet normal 0 0 1
    outer loop
      vertex 20.75 81.35 12
      vertex 18.7714 79.8109 12
      vertex 18.9216 79.4482 12
    endloop
  endfacet
  facet normal -0 0 1
    outer loop
      vertex 18.5171 81.7422 12
      vertex 20.7586 81.5461 12
      vertex 18.5684 82.1314 12
    endloop
  endfacet
  facet normal 0 0 1
    outer loop
      vertex 20.75 81.35 12
      vertex 18.6533 80.1853 12
      vertex 18.7714 79.8109 12
    endloop
  endfacet
  facet normal 0 0 1
    outer loop
      vertex 20.7586 81.5461 12
      vertex 18.5171 81.7422 12
      vertex 20.75 81.35 12
    endloop
  endfacet
  facet normal 0 0 1
    outer loop
      vertex 20.75 81.35 12
      vertex 18.5684 80.5686 12
      vertex 18.6533 80.1853 12
    endloop
  endfacet
  facet normal 0 0 1
    outer loop
      vertex 18.5 81.35 12
      vertex 20.75 81.35 12
      vertex 18.5171 81.7422 12
    endloop
  endfacet
  facet normal 0 0 1
    outer loop
      vertex 20.75 81.35 12
      vertex 18.5171 80.9578 12
      vertex 18.5684 80.5686 12
    endloop
  endfacet
  facet normal 0 0 1
    outer loop
      vertex 20.75 81.35 12
      vertex 18.5 81.35 12
      vertex 18.5171 80.9578 12
    endloop
  endfacet
  facet normal 0 0 1
    outer loop
      vertex 25.25 81.35 12
      vertex 27.5 81.35 12
      vertex 27.4829 81.7422 12
    endloop
  endfacet
  facet normal 0 0 1
    outer loop
      vertex 25.2414 81.5461 12
      vertex 27.4829 81.7422 12
      vertex 27.4316 82.1314 12
    endloop
  endfacet
  facet normal 0 0 1
    outer loop
      vertex 27.5 81.35 12
      vertex 25.25 81.35 12
      vertex 27.4829 80.9578 12
    endloop
  endfacet
  facet normal 0 0 1
    outer loop
      vertex 25.2414 81.5461 12
      vertex 27.4316 82.1314 12
      vertex 27.3467 82.5147 12
    endloop
  endfacet
  facet normal -0 0 1
    outer loop
      vertex 25.2414 81.1539 12
      vertex 27.4829 80.9578 12
      vertex 25.25 81.35 12
    endloop
  endfacet
  facet normal 0 0 1
    outer loop
      vertex 25.2414 81.5461 12
      vertex 27.3467 82.5147 12
      vertex 27.2286 82.8891 12
    endloop
  endfacet
  facet normal 0 0 1
    outer loop
      vertex 27.4829 80.9578 12
      vertex 25.2414 81.1539 12
      vertex 27.4316 80.5686 12
    endloop
  endfacet
  facet normal 0 0 1
    outer loop
      vertex 25.2414 81.5461 12
      vertex 27.2286 82.8891 12
      vertex 27.0784 83.2518 12
    endloop
  endfacet
  facet normal -0 0 1
    outer loop
      vertex 25.2158 80.9593 12
      vertex 27.4316 80.5686 12
      vertex 25.2414 81.1539 12
    endloop
  endfacet
  facet normal 0 0 1
    outer loop
      vertex 25.2414 81.5461 12
      vertex 27.0784 83.2518 12
      vertex 26.8971 83.6 12
    endloop
  endfacet
  facet normal 0 0 1
    outer loop
      vertex 27.4316 80.5686 12
      vertex 25.2158 80.9593 12
      vertex 27.3467 80.1853 12
    endloop
  endfacet
  facet normal 0 0 1
    outer loop
      vertex 25.2414 81.5461 12
      vertex 26.8971 83.6 12
      vertex 26.6862 83.9311 12
    endloop
  endfacet
  facet normal -0 0 1
    outer loop
      vertex 25.1733 80.7677 12
      vertex 27.3467 80.1853 12
      vertex 25.2158 80.9593 12
    endloop
  endfacet
  facet normal 0 0 1
    outer loop
      vertex 25.2414 81.5461 12
      vertex 26.6862 83.9311 12
      vertex 26.4472 84.2425 12
    endloop
  endfacet
  facet normal 0 0 1
    outer loop
      vertex 27.3467 80.1853 12
      vertex 25.1733 80.7677 12
      vertex 27.2286 79.8109 12
    endloop
  endfacet
  facet normal 0 0 1
    outer loop
      vertex 25.2414 81.5461 12
      vertex 26.4472 84.2425 12
      vertex 26.182 84.532 12
    endloop
  endfacet
  facet normal -0 0 1
    outer loop
      vertex 25.1143 80.5805 12
      vertex 27.2286 79.8109 12
      vertex 25.1733 80.7677 12
    endloop
  endfacet
  facet normal 0 0 1
    outer loop
      vertex 25.2414 81.5461 12
      vertex 26.182 84.532 12
      vertex 25.8925 84.7972 12
    endloop
  endfacet
  facet normal 0 0 1
    outer loop
      vertex 27.2286 79.8109 12
      vertex 25.1143 80.5805 12
      vertex 27.0784 79.4482 12
    endloop
  endfacet
  facet normal 0 0 1
    outer loop
      vertex 25.2414 81.5461 12
      vertex 25.8925 84.7972 12
      vertex 25.5811 85.0362 12
    endloop
  endfacet
  facet normal -0 0 1
    outer loop
      vertex 25.0392 80.3991 12
      vertex 27.0784 79.4482 12
      vertex 25.1143 80.5805 12
    endloop
  endfacet
  facet normal 0 0 1
    outer loop
      vertex 24.2905 83.1931 12
      vertex 25.5811 85.0362 12
      vertex 25.25 85.2471 12
    endloop
  endfacet
  facet normal 0 0 1
    outer loop
      vertex 27.0784 79.4482 12
      vertex 25.0392 80.3991 12
      vertex 26.8971 79.1 12
    endloop
  endfacet
  facet normal -0 0 1
    outer loop
      vertex 24.9486 80.225 12
      vertex 26.8971 79.1 12
      vertex 25.0392 80.3991 12
    endloop
  endfacet
  facet normal 0 0 1
    outer loop
      vertex 26.8971 79.1 12
      vertex 24.9486 80.225 12
      vertex 26.6862 78.7689 12
    endloop
  endfacet
  facet normal -0 0 1
    outer loop
      vertex 24.8431 80.0595 12
      vertex 26.6862 78.7689 12
      vertex 24.9486 80.225 12
    endloop
  endfacet
  facet normal 0 0 1
    outer loop
      vertex 26.6862 78.7689 12
      vertex 24.8431 80.0595 12
      vertex 26.4472 78.4575 12
    endloop
  endfacet
  facet normal -0 0 1
    outer loop
      vertex 24.7236 79.9037 12
      vertex 26.4472 78.4575 12
      vertex 24.8431 80.0595 12
    endloop
  endfacet
  facet normal 0 0 1
    outer loop
      vertex 26.4472 78.4575 12
      vertex 24.7236 79.9037 12
      vertex 26.182 78.168 12
    endloop
  endfacet
  facet normal -0 0 1
    outer loop
      vertex 24.591 79.759 12
      vertex 26.182 78.168 12
      vertex 24.7236 79.9037 12
    endloop
  endfacet
  facet normal 0 0 1
    outer loop
      vertex 26.182 78.168 12
      vertex 24.591 79.759 12
      vertex 25.8925 77.9028 12
    endloop
  endfacet
  facet normal -0 0 1
    outer loop
      vertex 24.4463 79.6264 12
      vertex 25.8925 77.9028 12
      vertex 24.591 79.759 12
    endloop
  endfacet
  facet normal 0 0 1
    outer loop
      vertex 25.8925 77.9028 12
      vertex 24.4463 79.6264 12
      vertex 25.5811 77.6638 12
    endloop
  endfacet
  facet normal -0 0 1
    outer loop
      vertex 24.2905 79.5069 12
      vertex 25.5811 77.6638 12
      vertex 24.4463 79.6264 12
    endloop
  endfacet
  facet normal 0 0 1
    outer loop
      vertex 25.5811 77.6638 12
      vertex 24.2905 79.5069 12
      vertex 25.25 77.4529 12
    endloop
  endfacet
  facet normal -0 0 1
    outer loop
      vertex 24.125 79.4014 12
      vertex 25.25 77.4529 12
      vertex 24.2905 79.5069 12
    endloop
  endfacet
  facet normal 0 0 1
    outer loop
      vertex 25.25 77.4529 12
      vertex 24.125 79.4014 12
      vertex 24.9018 77.2716 12
    endloop
  endfacet
  facet normal -0 0 1
    outer loop
      vertex 23.9509 79.3108 12
      vertex 24.9018 77.2716 12
      vertex 24.125 79.4014 12
    endloop
  endfacet
  facet normal 0 0 1
    outer loop
      vertex 24.9018 77.2716 12
      vertex 23.9509 79.3108 12
      vertex 24.5391 77.1214 12
    endloop
  endfacet
  facet normal -0 0 1
    outer loop
      vertex 23.7695 79.2357 12
      vertex 24.5391 77.1214 12
      vertex 23.9509 79.3108 12
    endloop
  endfacet
  facet normal 0 0 1
    outer loop
      vertex 24.5391 77.1214 12
      vertex 23.7695 79.2357 12
      vertex 24.1647 77.0033 12
    endloop
  endfacet
  facet normal -0 0 1
    outer loop
      vertex 23.5823 79.1767 12
      vertex 24.1647 77.0033 12
      vertex 23.7695 79.2357 12
    endloop
  endfacet
  facet normal 0 0 1
    outer loop
      vertex 24.1647 77.0033 12
      vertex 23.5823 79.1767 12
      vertex 23.7814 76.9184 12
    endloop
  endfacet
  facet normal -0 0 1
    outer loop
      vertex 23.3907 79.1342 12
      vertex 23.7814 76.9184 12
      vertex 23.5823 79.1767 12
    endloop
  endfacet
  facet normal 0 0 1
    outer loop
      vertex 23.7814 76.9184 12
      vertex 23.3907 79.1342 12
      vertex 23.3922 76.8671 12
    endloop
  endfacet
  facet normal -0 0 1
    outer loop
      vertex 23.1961 79.1086 12
      vertex 23.3922 76.8671 12
      vertex 23.3907 79.1342 12
    endloop
  endfacet
  facet normal -0 0 1
    outer loop
      vertex 23 79.1 12
      vertex 23.3922 76.8671 12
      vertex 23.1961 79.1086 12
    endloop
  endfacet
  facet normal 0 0 1
    outer loop
      vertex 23 79.1 12
      vertex 23 76.85 12
      vertex 23.3922 76.8671 12
    endloop
  endfacet
  facet normal 0 0 1
    outer loop
      vertex 22.8039 79.1086 12
      vertex 23 76.85 12
      vertex 23 79.1 12
    endloop
  endfacet
  facet normal 0 0 1
    outer loop
      vertex 22.6078 76.8671 12
      vertex 22.8039 79.1086 12
      vertex 22.6093 79.1342 12
    endloop
  endfacet
  facet normal 0 0 1
    outer loop
      vertex 22.8039 79.1086 12
      vertex 22.6078 76.8671 12
      vertex 23 76.85 12
    endloop
  endfacet
  facet normal 0 0 1
    outer loop
      vertex 22.2186 76.9184 12
      vertex 22.6093 79.1342 12
      vertex 22.4177 79.1767 12
    endloop
  endfacet
  facet normal 0 0 1
    outer loop
      vertex 21.8353 77.0033 12
      vertex 22.4177 79.1767 12
      vertex 22.2305 79.2357 12
    endloop
  endfacet
  facet normal 0 0 1
    outer loop
      vertex 22.6093 79.1342 12
      vertex 22.2186 76.9184 12
      vertex 22.6078 76.8671 12
    endloop
  endfacet
  facet normal 0 0 1
    outer loop
      vertex 21.4609 77.1214 12
      vertex 22.2305 79.2357 12
      vertex 22.0491 79.3108 12
    endloop
  endfacet
  facet normal 0 0 1
    outer loop
      vertex 21.0982 77.2716 12
      vertex 22.0491 79.3108 12
      vertex 21.875 79.4014 12
    endloop
  endfacet
  facet normal 0 0 1
    outer loop
      vertex 22.4177 79.1767 12
      vertex 21.8353 77.0033 12
      vertex 22.2186 76.9184 12
    endloop
  endfacet
  facet normal 0 0 1
    outer loop
      vertex 20.75 77.4529 12
      vertex 21.875 79.4014 12
      vertex 21.7095 79.5069 12
    endloop
  endfacet
  facet normal 0 0 1
    outer loop
      vertex 20.75 77.4529 12
      vertex 21.7095 79.5069 12
      vertex 21.5537 79.6264 12
    endloop
  endfacet
  facet normal 0 0 1
    outer loop
      vertex 22.2305 79.2357 12
      vertex 21.4609 77.1214 12
      vertex 21.8353 77.0033 12
    endloop
  endfacet
  facet normal 0 0 1
    outer loop
      vertex 20.75 77.4529 12
      vertex 21.5537 79.6264 12
      vertex 21.409 79.759 12
    endloop
  endfacet
  facet normal 0 0 1
    outer loop
      vertex 20.75 77.4529 12
      vertex 21.409 79.759 12
      vertex 21.2764 79.9037 12
    endloop
  endfacet
  facet normal 0 0 1
    outer loop
      vertex 20.75 77.4529 12
      vertex 21.2764 79.9037 12
      vertex 21.1569 80.0595 12
    endloop
  endfacet
  facet normal 0 0 1
    outer loop
      vertex 22.0491 79.3108 12
      vertex 21.0982 77.2716 12
      vertex 21.4609 77.1214 12
    endloop
  endfacet
  facet normal 0 0 1
    outer loop
      vertex 20.75 77.4529 12
      vertex 21.1569 80.0595 12
      vertex 21.0514 80.225 12
    endloop
  endfacet
  facet normal 0 0 1
    outer loop
      vertex 20.75 77.4529 12
      vertex 21.0514 80.225 12
      vertex 20.9608 80.3991 12
    endloop
  endfacet
  facet normal 0 0 1
    outer loop
      vertex 20.75 77.4529 12
      vertex 20.9608 80.3991 12
      vertex 20.8857 80.5805 12
    endloop
  endfacet
  facet normal 0 0 1
    outer loop
      vertex 20.75 77.4529 12
      vertex 20.8857 80.5805 12
      vertex 20.8267 80.7677 12
    endloop
  endfacet
  facet normal 0 0 1
    outer loop
      vertex 20.75 77.4529 12
      vertex 20.8267 80.7677 12
      vertex 20.7842 80.9593 12
    endloop
  endfacet
  facet normal 0 0 1
    outer loop
      vertex 20.75 77.4529 12
      vertex 20.7842 80.9593 12
      vertex 20.7586 81.1539 12
    endloop
  endfacet
  facet normal 0 0 1
    outer loop
      vertex 21.875 79.4014 12
      vertex 20.75 77.4529 12
      vertex 21.0982 77.2716 12
    endloop
  endfacet
  facet normal 0 0 1
    outer loop
      vertex 20.75 77.4529 12
      vertex 20.7586 81.1539 12
      vertex 20.75 81.35 12
    endloop
  endfacet
  facet normal 0.991425 0.130679 0
    outer loop
      vertex 18.5684 80.5686 16
      vertex 18.5171 80.9578 12
      vertex 18.5171 80.9578 16
    endloop
  endfacet
  facet normal 0.991425 0.130679 0
    outer loop
      vertex 18.5171 80.9578 12
      vertex 18.5684 80.5686 16
      vertex 18.5684 80.5686 12
    endloop
  endfacet
  facet normal -0.0435588 0.999051 0
    outer loop
      vertex 23.3922 76.8671 12
      vertex 23 76.85 17
      vertex 23.3922 76.8671 17
    endloop
  endfacet
  facet normal -0.0435588 0.999051 0
    outer loop
      vertex 23 76.85 17
      vertex 23.3922 76.8671 12
      vertex 23 76.85 12
    endloop
  endfacet
  facet normal -0.793286 0.608849 0
    outer loop
      vertex 26.4472 78.4575 12
      vertex 26.6862 78.7689 17
      vertex 26.6862 78.7689 12
    endloop
  endfacet
  facet normal -0.793286 0.608849 0
    outer loop
      vertex 26.6862 78.7689 17
      vertex 26.4472 78.4575 12
      vertex 26.4472 78.4575 17
    endloop
  endfacet
  facet normal -0.608849 -0.793286 0
    outer loop
      vertex 25.5811 85.0362 12
      vertex 25.8925 84.7972 17
      vertex 25.5811 85.0362 17
    endloop
  endfacet
  facet normal -0.608849 -0.793286 -0
    outer loop
      vertex 25.8925 84.7972 17
      vertex 25.5811 85.0362 12
      vertex 25.8925 84.7972 12
    endloop
  endfacet
  facet normal -0.300827 0.953679 0
    outer loop
      vertex 24.5391 77.1214 12
      vertex 24.1647 77.0033 17
      vertex 24.5391 77.1214 17
    endloop
  endfacet
  facet normal -0.300827 0.953679 0
    outer loop
      vertex 24.1647 77.0033 17
      vertex 24.5391 77.1214 12
      vertex 24.1647 77.0033 12
    endloop
  endfacet
  facet normal -0.608849 0.793286 0
    outer loop
      vertex 25.8925 77.9028 12
      vertex 25.5811 77.6638 17
      vertex 25.8925 77.9028 17
    endloop
  endfacet
  facet normal -0.608849 0.793286 0
    outer loop
      vertex 25.5811 77.6638 17
      vertex 25.8925 77.9028 12
      vertex 25.5811 77.6638 12
    endloop
  endfacet
  facet normal 0.0435588 0.999051 -0
    outer loop
      vertex 23 76.85 12
      vertex 22.6078 76.8671 17
      vertex 23 76.85 17
    endloop
  endfacet
  facet normal 0.0435588 0.999051 0
    outer loop
      vertex 22.6078 76.8671 17
      vertex 23 76.85 12
      vertex 22.6078 76.8671 12
    endloop
  endfacet
  facet normal 0.886971 -0.461826 0
    outer loop
      vertex 18.9216 83.2518 16
      vertex 19.1029 83.6 12
      vertex 19.1029 83.6 16
    endloop
  endfacet
  facet normal 0.886971 -0.461826 0
    outer loop
      vertex 19.1029 83.6 12
      vertex 18.9216 83.2518 16
      vertex 18.9216 83.2518 12
    endloop
  endfacet
  facet normal -0.923911 -0.382607 0
    outer loop
      vertex 27.2286 82.8891 12
      vertex 27.0784 83.2518 17
      vertex 27.0784 83.2518 12
    endloop
  endfacet
  facet normal -0.923911 -0.382607 0
    outer loop
      vertex 27.0784 83.2518 17
      vertex 27.2286 82.8891 12
      vertex 27.2286 82.8891 17
    endloop
  endfacet
  facet normal -0.843431 -0.537238 0
    outer loop
      vertex 26.8971 83.6 12
      vertex 26.6862 83.9311 17
      vertex 26.6862 83.9311 12
    endloop
  endfacet
  facet normal -0.843431 -0.537238 0
    outer loop
      vertex 26.6862 83.9311 17
      vertex 26.8971 83.6 12
      vertex 26.8971 83.6 17
    endloop
  endfacet
  facet normal -0.461826 -0.886971 0
    outer loop
      vertex 24.9018 85.4284 12
      vertex 25.25 85.2471 17
      vertex 24.9018 85.4284 17
    endloop
  endfacet
  facet normal -0.461826 -0.886971 -0
    outer loop
      vertex 25.25 85.2471 17
      vertex 24.9018 85.4284 12
      vertex 25.25 85.2471 12
    endloop
  endfacet
  facet normal 0.382607 -0.923911 0
    outer loop
      vertex 21.0982 85.4284 12
      vertex 21.4609 85.5786 17
      vertex 21.0982 85.4284 17
    endloop
  endfacet
  facet normal 0.382607 -0.923911 0
    outer loop
      vertex 21.4609 85.5786 17
      vertex 21.0982 85.4284 12
      vertex 21.4609 85.5786 12
    endloop
  endfacet
  facet normal -0.793286 -0.608849 0
    outer loop
      vertex 26.6862 83.9311 12
      vertex 26.4472 84.2425 17
      vertex 26.4472 84.2425 12
    endloop
  endfacet
  facet normal -0.793286 -0.608849 0
    outer loop
      vertex 26.4472 84.2425 17
      vertex 26.6862 83.9311 12
      vertex 26.6862 83.9311 17
    endloop
  endfacet
  facet normal -0.886971 -0.461826 0
    outer loop
      vertex 27.0784 83.2518 12
      vertex 26.8971 83.6 17
      vertex 26.8971 83.6 12
    endloop
  endfacet
  facet normal -0.886971 -0.461826 0
    outer loop
      vertex 26.8971 83.6 17
      vertex 27.0784 83.2518 12
      vertex 27.0784 83.2518 17
    endloop
  endfacet
  facet normal -0.953679 -0.300827 0
    outer loop
      vertex 27.3467 82.5147 12
      vertex 27.2286 82.8891 17
      vertex 27.2286 82.8891 12
    endloop
  endfacet
  facet normal -0.953679 -0.300827 0
    outer loop
      vertex 27.2286 82.8891 17
      vertex 27.3467 82.5147 12
      vertex 27.3467 82.5147 17
    endloop
  endfacet
  facet normal -0.130679 0.991425 0
    outer loop
      vertex 23.7814 76.9184 12
      vertex 23.3922 76.8671 17
      vertex 23.7814 76.9184 17
    endloop
  endfacet
  facet normal -0.130679 0.991425 0
    outer loop
      vertex 23.3922 76.8671 17
      vertex 23.7814 76.9184 12
      vertex 23.3922 76.8671 12
    endloop
  endfacet
  facet normal -0.461826 0.886971 0
    outer loop
      vertex 25.25 77.4529 12
      vertex 24.9018 77.2716 17
      vertex 25.25 77.4529 17
    endloop
  endfacet
  facet normal -0.461826 0.886971 0
    outer loop
      vertex 24.9018 77.2716 17
      vertex 25.25 77.4529 12
      vertex 24.9018 77.2716 12
    endloop
  endfacet
  facet normal -0.991425 0.130679 0
    outer loop
      vertex 27.4316 80.5686 12
      vertex 27.4829 80.9578 17
      vertex 27.4829 80.9578 12
    endloop
  endfacet
  facet normal -0.991425 0.130679 0
    outer loop
      vertex 27.4829 80.9578 17
      vertex 27.4316 80.5686 12
      vertex 27.4316 80.5686 17
    endloop
  endfacet
  facet normal -0.999051 0.0435588 0
    outer loop
      vertex 27.4829 80.9578 12
      vertex 27.5 81.35 17
      vertex 27.5 81.35 12
    endloop
  endfacet
  facet normal -0.999051 0.0435588 0
    outer loop
      vertex 27.5 81.35 17
      vertex 27.4829 80.9578 12
      vertex 27.4829 80.9578 17
    endloop
  endfacet
  facet normal -0.537238 -0.843431 0
    outer loop
      vertex 25.25 85.2471 12
      vertex 25.5811 85.0362 17
      vertex 25.25 85.2471 17
    endloop
  endfacet
  facet normal -0.537238 -0.843431 -0
    outer loop
      vertex 25.5811 85.0362 17
      vertex 25.25 85.2471 12
      vertex 25.5811 85.0362 12
    endloop
  endfacet
  facet normal 0.0435588 -0.999051 0
    outer loop
      vertex 22.6078 85.8329 12
      vertex 23 85.85 17
      vertex 22.6078 85.8329 17
    endloop
  endfacet
  facet normal 0.0435588 -0.999051 0
    outer loop
      vertex 23 85.85 17
      vertex 22.6078 85.8329 12
      vertex 23 85.85 12
    endloop
  endfacet
  facet normal 0.793286 -0.608849 0
    outer loop
      vertex 19.3138 83.9311 16
      vertex 19.5528 84.2425 12
      vertex 19.5528 84.2425 16
    endloop
  endfacet
  facet normal 0.793286 -0.608849 0
    outer loop
      vertex 19.5528 84.2425 12
      vertex 19.3138 83.9311 16
      vertex 19.3138 83.9311 12
    endloop
  endfacet
  facet normal -0.843431 0.537238 0
    outer loop
      vertex 26.6862 78.7689 12
      vertex 26.8971 79.1 17
      vertex 26.8971 79.1 12
    endloop
  endfacet
  facet normal -0.843431 0.537238 0
    outer loop
      vertex 26.8971 79.1 17
      vertex 26.6862 78.7689 12
      vertex 26.6862 78.7689 17
    endloop
  endfacet
  facet normal -0.976337 0.216256 0
    outer loop
      vertex 27.3467 80.1853 12
      vertex 27.4316 80.5686 17
      vertex 27.4316 80.5686 12
    endloop
  endfacet
  facet normal -0.976337 0.216256 0
    outer loop
      vertex 27.4316 80.5686 17
      vertex 27.3467 80.1853 12
      vertex 27.3467 80.1853 17
    endloop
  endfacet
  facet normal -0.537238 0.843431 0
    outer loop
      vertex 25.5811 77.6638 12
      vertex 25.25 77.4529 17
      vertex 25.5811 77.6638 17
    endloop
  endfacet
  facet normal -0.537238 0.843431 0
    outer loop
      vertex 25.25 77.4529 17
      vertex 25.5811 77.6638 12
      vertex 25.25 77.4529 12
    endloop
  endfacet
  facet normal -0.382607 0.923911 0
    outer loop
      vertex 24.9018 77.2716 12
      vertex 24.5391 77.1214 17
      vertex 24.9018 77.2716 17
    endloop
  endfacet
  facet normal -0.382607 0.923911 0
    outer loop
      vertex 24.5391 77.1214 17
      vertex 24.9018 77.2716 12
      vertex 24.5391 77.1214 12
    endloop
  endfacet
  facet normal 0.953679 -0.300827 0
    outer loop
      vertex 18.6533 82.5147 16
      vertex 18.7714 82.8891 12
      vertex 18.7714 82.8891 16
    endloop
  endfacet
  facet normal 0.953679 -0.300827 0
    outer loop
      vertex 18.7714 82.8891 12
      vertex 18.6533 82.5147 16
      vertex 18.6533 82.5147 12
    endloop
  endfacet
  facet normal -0.675482 -0.737376 0
    outer loop
      vertex 25.8925 84.7972 12
      vertex 26.182 84.532 17
      vertex 25.8925 84.7972 17
    endloop
  endfacet
  facet normal -0.675482 -0.737376 -0
    outer loop
      vertex 26.182 84.532 17
      vertex 25.8925 84.7972 12
      vertex 26.182 84.532 12
    endloop
  endfacet
  facet normal 0.675482 -0.737376 0
    outer loop
      vertex 20.1075 84.7972 12
      vertex 19.818 84.532 16.3776
      vertex 19.818 84.532 12
    endloop
  endfacet
  facet normal 0.675482 -0.737376 0
    outer loop
      vertex 19.818 84.532 16.3776
      vertex 20.1075 84.7972 12
      vertex 20.1075 84.7972 16.879
    endloop
  endfacet
  facet normal 0.737214 0.67566 0
    outer loop
      vertex 19.6 78.406 16
      vertex 19.5528 78.4575 12
      vertex 19.5528 78.4575 16
    endloop
  endfacet
  facet normal 0.737411 0.675444 -0
    outer loop
      vertex 19.818 78.168 12
      vertex 19.6 78.406 16
      vertex 19.818 78.168 16.3776
    endloop
  endfacet
  facet normal 0.737376 0.675482 -4.20266e-06
    outer loop
      vertex 19.6 78.406 16
      vertex 19.818 78.168 12
      vertex 19.5528 78.4575 12
    endloop
  endfacet
  facet normal 0.675482 0.737376 -0
    outer loop
      vertex 20.1075 77.9028 12
      vertex 19.818 78.168 16.3776
      vertex 20.1075 77.9028 16.879
    endloop
  endfacet
  facet normal 0.675482 0.737376 0
    outer loop
      vertex 19.818 78.168 16.3776
      vertex 20.1075 77.9028 12
      vertex 19.818 78.168 12
    endloop
  endfacet
  facet normal -0.737376 0.675482 0
    outer loop
      vertex 26.182 78.168 12
      vertex 26.4472 78.4575 17
      vertex 26.4472 78.4575 12
    endloop
  endfacet
  facet normal -0.737376 0.675482 0
    outer loop
      vertex 26.4472 78.4575 17
      vertex 26.182 78.168 12
      vertex 26.182 78.168 17
    endloop
  endfacet
  facet normal 0.382607 0.923911 -0
    outer loop
      vertex 21.4609 77.1214 12
      vertex 21.0982 77.2716 17
      vertex 21.4609 77.1214 17
    endloop
  endfacet
  facet normal 0.382607 0.923911 0
    outer loop
      vertex 21.0982 77.2716 17
      vertex 21.4609 77.1214 12
      vertex 21.0982 77.2716 12
    endloop
  endfacet
  facet normal -0.953679 0.300827 0
    outer loop
      vertex 27.2286 79.8109 12
      vertex 27.3467 80.1853 17
      vertex 27.3467 80.1853 12
    endloop
  endfacet
  facet normal -0.953679 0.300827 0
    outer loop
      vertex 27.3467 80.1853 17
      vertex 27.2286 79.8109 12
      vertex 27.2286 79.8109 17
    endloop
  endfacet
  facet normal -0.216256 -0.976337 0
    outer loop
      vertex 23.7814 85.7816 12
      vertex 24.1647 85.6967 17
      vertex 23.7814 85.7816 17
    endloop
  endfacet
  facet normal -0.216256 -0.976337 -0
    outer loop
      vertex 24.1647 85.6967 17
      vertex 23.7814 85.7816 12
      vertex 24.1647 85.6967 12
    endloop
  endfacet
  facet normal 0.737411 -0.675444 0
    outer loop
      vertex 19.6 84.294 16
      vertex 19.818 84.532 12
      vertex 19.818 84.532 16.3776
    endloop
  endfacet
  facet normal 0.737214 -0.67566 0
    outer loop
      vertex 19.5528 84.2425 12
      vertex 19.6 84.294 16
      vertex 19.5528 84.2425 16
    endloop
  endfacet
  facet normal 0.737376 -0.675482 -4.20266e-06
    outer loop
      vertex 19.6 84.294 16
      vertex 19.5528 84.2425 12
      vertex 19.818 84.532 12
    endloop
  endfacet
  facet normal -0.382607 -0.923911 0
    outer loop
      vertex 24.5391 85.5786 12
      vertex 24.9018 85.4284 17
      vertex 24.5391 85.5786 17
    endloop
  endfacet
  facet normal -0.382607 -0.923911 -0
    outer loop
      vertex 24.9018 85.4284 17
      vertex 24.5391 85.5786 12
      vertex 24.9018 85.4284 12
    endloop
  endfacet
  facet normal -0.0435588 -0.999051 0
    outer loop
      vertex 23 85.85 12
      vertex 23.3922 85.8329 17
      vertex 23 85.85 17
    endloop
  endfacet
  facet normal -0.0435588 -0.999051 -0
    outer loop
      vertex 23.3922 85.8329 17
      vertex 23 85.85 12
      vertex 23.3922 85.8329 12
    endloop
  endfacet
  facet normal 0.537238 -0.843431 0
    outer loop
      vertex 20.4189 85.0362 12
      vertex 20.75 85.2471 17
      vertex 20.4189 85.0362 17
    endloop
  endfacet
  facet normal 0.537238 -0.843431 0
    outer loop
      vertex 20.75 85.2471 17
      vertex 20.4189 85.0362 12
      vertex 20.75 85.2471 12
    endloop
  endfacet
  facet normal 0.461826 -0.886971 0
    outer loop
      vertex 20.75 85.2471 12
      vertex 21.0982 85.4284 17
      vertex 20.75 85.2471 17
    endloop
  endfacet
  facet normal 0.461826 -0.886971 0
    outer loop
      vertex 21.0982 85.4284 17
      vertex 20.75 85.2471 12
      vertex 21.0982 85.4284 12
    endloop
  endfacet
  facet normal 0.60879 0.793331 0.000239897
    outer loop
      vertex 20.4189 77.6638 17
      vertex 20.1075 77.9028 16.879
      vertex 20.1773 77.8492 17
    endloop
  endfacet
  facet normal 0.608849 0.793286 -0
    outer loop
      vertex 20.4189 77.6638 12
      vertex 20.1075 77.9028 16.879
      vertex 20.4189 77.6638 17
    endloop
  endfacet
  facet normal 0.608849 0.793286 0
    outer loop
      vertex 20.1075 77.9028 16.879
      vertex 20.4189 77.6638 12
      vertex 20.1075 77.9028 12
    endloop
  endfacet
  facet normal 0.537238 0.843431 -0
    outer loop
      vertex 20.75 77.4529 12
      vertex 20.4189 77.6638 17
      vertex 20.75 77.4529 17
    endloop
  endfacet
  facet normal 0.537238 0.843431 0
    outer loop
      vertex 20.4189 77.6638 17
      vertex 20.75 77.4529 12
      vertex 20.4189 77.6638 12
    endloop
  endfacet
  facet normal 0.60879 -0.793331 0.000239897
    outer loop
      vertex 20.1075 84.7972 16.879
      vertex 20.4189 85.0362 17
      vertex 20.1773 84.8508 17
    endloop
  endfacet
  facet normal 0.608849 -0.793286 0
    outer loop
      vertex 20.4189 85.0362 12
      vertex 20.1075 84.7972 16.879
      vertex 20.1075 84.7972 12
    endloop
  endfacet
  facet normal 0.608849 -0.793286 0
    outer loop
      vertex 20.1075 84.7972 16.879
      vertex 20.4189 85.0362 12
      vertex 20.4189 85.0362 17
    endloop
  endfacet
  facet normal 0.461826 0.886971 -0
    outer loop
      vertex 21.0982 77.2716 12
      vertex 20.75 77.4529 17
      vertex 21.0982 77.2716 17
    endloop
  endfacet
  facet normal 0.461826 0.886971 0
    outer loop
      vertex 20.75 77.4529 17
      vertex 21.0982 77.2716 12
      vertex 20.75 77.4529 12
    endloop
  endfacet
  facet normal 0.793286 0.608849 0
    outer loop
      vertex 19.5528 78.4575 16
      vertex 19.3138 78.7689 12
      vertex 19.3138 78.7689 16
    endloop
  endfacet
  facet normal 0.793286 0.608849 0
    outer loop
      vertex 19.3138 78.7689 12
      vertex 19.5528 78.4575 16
      vertex 19.5528 78.4575 12
    endloop
  endfacet
  facet normal 0.999051 -0.0435588 0
    outer loop
      vertex 18.5 81.35 16
      vertex 18.5171 81.7422 12
      vertex 18.5171 81.7422 16
    endloop
  endfacet
  facet normal 0.999051 -0.0435588 0
    outer loop
      vertex 18.5171 81.7422 12
      vertex 18.5 81.35 16
      vertex 18.5 81.35 12
    endloop
  endfacet
  facet normal -0.130679 -0.991425 0
    outer loop
      vertex 23.3922 85.8329 12
      vertex 23.7814 85.7816 17
      vertex 23.3922 85.8329 17
    endloop
  endfacet
  facet normal -0.130679 -0.991425 -0
    outer loop
      vertex 23.7814 85.7816 17
      vertex 23.3922 85.8329 12
      vertex 23.7814 85.7816 12
    endloop
  endfacet
  facet normal 0.999051 0.0435588 0
    outer loop
      vertex 18.5171 80.9578 16
      vertex 18.5 81.35 12
      vertex 18.5 81.35 16
    endloop
  endfacet
  facet normal 0.999051 0.0435588 0
    outer loop
      vertex 18.5 81.35 12
      vertex 18.5171 80.9578 16
      vertex 18.5171 80.9578 12
    endloop
  endfacet
  facet normal 0.953679 0.300827 0
    outer loop
      vertex 18.7714 79.8109 16
      vertex 18.6533 80.1853 12
      vertex 18.6533 80.1853 16
    endloop
  endfacet
  facet normal 0.953679 0.300827 0
    outer loop
      vertex 18.6533 80.1853 12
      vertex 18.7714 79.8109 16
      vertex 18.7714 79.8109 12
    endloop
  endfacet
  facet normal 0.976337 0.216256 0
    outer loop
      vertex 18.6533 80.1853 16
      vertex 18.5684 80.5686 12
      vertex 18.5684 80.5686 16
    endloop
  endfacet
  facet normal 0.976337 0.216256 0
    outer loop
      vertex 18.5684 80.5686 12
      vertex 18.6533 80.1853 16
      vertex 18.6533 80.1853 12
    endloop
  endfacet
  facet normal 0.843431 -0.537238 0
    outer loop
      vertex 19.1029 83.6 16
      vertex 19.3138 83.9311 12
      vertex 19.3138 83.9311 16
    endloop
  endfacet
  facet normal 0.843431 -0.537238 0
    outer loop
      vertex 19.3138 83.9311 12
      vertex 19.1029 83.6 16
      vertex 19.1029 83.6 12
    endloop
  endfacet
  facet normal 0.216256 0.976337 -0
    outer loop
      vertex 22.2186 76.9184 12
      vertex 21.8353 77.0033 17
      vertex 22.2186 76.9184 17
    endloop
  endfacet
  facet normal 0.216256 0.976337 0
    outer loop
      vertex 21.8353 77.0033 17
      vertex 22.2186 76.9184 12
      vertex 21.8353 77.0033 12
    endloop
  endfacet
  facet normal 0.991425 -0.130679 0
    outer loop
      vertex 18.5171 81.7422 16
      vertex 18.5684 82.1314 12
      vertex 18.5684 82.1314 16
    endloop
  endfacet
  facet normal 0.991425 -0.130679 0
    outer loop
      vertex 18.5684 82.1314 12
      vertex 18.5171 81.7422 16
      vertex 18.5171 81.7422 12
    endloop
  endfacet
  facet normal 0.923911 -0.382607 0
    outer loop
      vertex 18.7714 82.8891 16
      vertex 18.9216 83.2518 12
      vertex 18.9216 83.2518 16
    endloop
  endfacet
  facet normal 0.923911 -0.382607 0
    outer loop
      vertex 18.9216 83.2518 12
      vertex 18.7714 82.8891 16
      vertex 18.7714 82.8891 12
    endloop
  endfacet
  facet normal -0.991849 -0.127421 0
    outer loop
      vertex 117.241 -81.1539 2.19
      vertex 117.216 -80.9593 12
      vertex 117.216 -80.9593 2.19
    endloop
  endfacet
  facet normal -0.991849 -0.127421 0
    outer loop
      vertex 117.216 -80.9593 12
      vertex 117.241 -81.1539 2.19
      vertex 117.241 -81.1539 12
    endloop
  endfacet
  facet normal -0.998948 -0.0458467 0
    outer loop
      vertex 117.25 -81.35 2.19
      vertex 117.241 -81.1539 12
      vertex 117.241 -81.1539 2.19
    endloop
  endfacet
  facet normal -0.998948 -0.0458467 0
    outer loop
      vertex 117.241 -81.1539 12
      vertex 117.25 -81.35 2.19
      vertex 117.25 -81.35 12
    endloop
  endfacet
  facet normal -0.97573 -0.218979 0
    outer loop
      vertex 117.216 -80.9593 2.19
      vertex 117.173 -80.7677 12
      vertex 117.173 -80.7677 2.19
    endloop
  endfacet
  facet normal -0.97573 -0.218979 0
    outer loop
      vertex 117.173 -80.7677 12
      vertex 117.216 -80.9593 2.19
      vertex 117.216 -80.9593 12
    endloop
  endfacet
  facet normal 0.383238 0.92365 -0
    outer loop
      vertex 114.23 -83.4643 2.19
      vertex 114.049 -83.3892 12
      vertex 114.23 -83.4643 12
    endloop
  endfacet
  facet normal 0.383238 0.92365 0
    outer loop
      vertex 114.049 -83.3892 12
      vertex 114.23 -83.4643 2.19
      vertex 114.049 -83.3892 2.19
    endloop
  endfacet
  facet normal -0.610575 -0.791959 0
    outer loop
      vertex 116.291 -79.5069 2.19
      vertex 116.446 -79.6264 12
      vertex 116.291 -79.5069 12
    endloop
  endfacet
  facet normal -0.610575 -0.791959 -0
    outer loop
      vertex 116.446 -79.6264 12
      vertex 116.291 -79.5069 2.19
      vertex 116.446 -79.6264 2.19
    endloop
  endfacet
  facet normal -0.536382 0.843975 0
    outer loop
      vertex 116.291 -83.1931 2.19
      vertex 116.125 -83.2986 12
      vertex 116.291 -83.1931 12
    endloop
  endfacet
  facet normal -0.536382 0.843975 0
    outer loop
      vertex 116.125 -83.2986 12
      vertex 116.291 -83.1931 2.19
      vertex 116.125 -83.2986 2.19
    endloop
  endfacet
  facet normal -0.794705 -0.606996 0
    outer loop
      vertex 116.843 -80.0595 2.19
      vertex 116.724 -79.9037 12
      vertex 116.724 -79.9037 2.19
    endloop
  endfacet
  facet normal -0.794705 -0.606996 0
    outer loop
      vertex 116.724 -79.9037 12
      vertex 116.843 -80.0595 2.19
      vertex 116.843 -80.0595 12
    endloop
  endfacet
  facet normal 0.130165 0.991492 -0
    outer loop
      vertex 114.804 -83.5914 2.19
      vertex 114.609 -83.5658 12
      vertex 114.804 -83.5914 12
    endloop
  endfacet
  facet normal 0.130165 0.991492 0
    outer loop
      vertex 114.609 -83.5658 12
      vertex 114.804 -83.5914 2.19
      vertex 114.609 -83.5658 2.19
    endloop
  endfacet
  facet normal -0.736245 0.676715 0
    outer loop
      vertex 116.591 -82.941 2.19
      vertex 116.724 -82.7963 12
      vertex 116.724 -82.7963 2.19
    endloop
  endfacet
  facet normal -0.736245 0.676715 0
    outer loop
      vertex 116.724 -82.7963 12
      vertex 116.591 -82.941 2.19
      vertex 116.591 -82.941 12
    endloop
  endfacet
  facet normal 0.991849 0.127421 0
    outer loop
      vertex 112.784 -81.7407 12
      vertex 112.759 -81.5461 2.19
      vertex 112.759 -81.5461 12
    endloop
  endfacet
  facet normal 0.991849 0.127421 0
    outer loop
      vertex 112.759 -81.5461 2.19
      vertex 112.784 -81.7407 12
      vertex 112.784 -81.7407 2.19
    endloop
  endfacet
  facet normal -0.953752 -0.300595 0
    outer loop
      vertex 117.173 -80.7677 2.19
      vertex 117.114 -80.5805 12
      vertex 117.114 -80.5805 2.19
    endloop
  endfacet
  facet normal -0.953752 -0.300595 0
    outer loop
      vertex 117.114 -80.5805 12
      vertex 117.173 -80.7677 2.19
      vertex 117.173 -80.7677 12
    endloop
  endfacet
  facet normal -0.299431 0.954118 0
    outer loop
      vertex 115.77 -83.4643 2.19
      vertex 115.582 -83.5233 12
      vertex 115.77 -83.4643 12
    endloop
  endfacet
  facet normal -0.299431 0.954118 0
    outer loop
      vertex 115.582 -83.5233 12
      vertex 115.77 -83.4643 2.19
      vertex 115.582 -83.5233 2.19
    endloop
  endfacet
  facet normal 0.924129 0.382082 0
    outer loop
      vertex 112.961 -82.3009 12
      vertex 112.886 -82.1195 2.19
      vertex 112.886 -82.1195 12
    endloop
  endfacet
  facet normal 0.924129 0.382082 0
    outer loop
      vertex 112.886 -82.1195 2.19
      vertex 112.961 -82.3009 12
      vertex 112.961 -82.3009 2.19
    endloop
  endfacet
  facet normal -0.924129 0.382082 0
    outer loop
      vertex 117.039 -82.3009 2.19
      vertex 117.114 -82.1195 12
      vertex 117.114 -82.1195 2.19
    endloop
  endfacet
  facet normal -0.924129 0.382082 0
    outer loop
      vertex 117.114 -82.1195 12
      vertex 117.039 -82.3009 2.19
      vertex 117.039 -82.3009 12
    endloop
  endfacet
  facet normal 0.888325 0.459215 0
    outer loop
      vertex 113.051 -82.475 12
      vertex 112.961 -82.3009 2.19
      vertex 112.961 -82.3009 12
    endloop
  endfacet
  facet normal 0.888325 0.459215 0
    outer loop
      vertex 112.961 -82.3009 2.19
      vertex 113.051 -82.475 12
      vertex 113.051 -82.475 2.19
    endloop
  endfacet
  facet normal -0.217201 0.976127 0
    outer loop
      vertex 115.582 -83.5233 2.19
      vertex 115.391 -83.5658 12
      vertex 115.582 -83.5233 12
    endloop
  endfacet
  facet normal -0.217201 0.976127 0
    outer loop
      vertex 115.391 -83.5658 12
      vertex 115.582 -83.5233 2.19
      vertex 115.391 -83.5658 2.19
    endloop
  endfacet
  facet normal -0.888325 -0.459215 0
    outer loop
      vertex 117.039 -80.3991 2.19
      vertex 116.949 -80.225 12
      vertex 116.949 -80.225 2.19
    endloop
  endfacet
  facet normal -0.888325 -0.459215 0
    outer loop
      vertex 116.949 -80.225 12
      vertex 117.039 -80.3991 2.19
      vertex 117.039 -80.3991 12
    endloop
  endfacet
  facet normal 0.130165 -0.991492 0
    outer loop
      vertex 114.609 -79.1342 2.19
      vertex 114.804 -79.1086 12
      vertex 114.609 -79.1342 12
    endloop
  endfacet
  facet normal 0.130165 -0.991492 0
    outer loop
      vertex 114.804 -79.1086 12
      vertex 114.609 -79.1342 2.19
      vertex 114.804 -79.1086 2.19
    endloop
  endfacet
  facet normal -0.888325 0.459215 0
    outer loop
      vertex 116.949 -82.475 2.19
      vertex 117.039 -82.3009 12
      vertex 117.039 -82.3009 2.19
    endloop
  endfacet
  facet normal -0.888325 0.459215 0
    outer loop
      vertex 117.039 -82.3009 12
      vertex 116.949 -82.475 2.19
      vertex 116.949 -82.475 12
    endloop
  endfacet
  facet normal -0.991849 0.127421 0
    outer loop
      vertex 117.216 -81.7407 2.19
      vertex 117.241 -81.5461 12
      vertex 117.241 -81.5461 2.19
    endloop
  endfacet
  facet normal -0.991849 0.127421 0
    outer loop
      vertex 117.241 -81.5461 12
      vertex 117.216 -81.7407 2.19
      vertex 117.216 -81.7407 12
    endloop
  endfacet
  facet normal -0.998948 0.0458467 0
    outer loop
      vertex 117.241 -81.5461 2.19
      vertex 117.25 -81.35 12
      vertex 117.25 -81.35 2.19
    endloop
  endfacet
  facet normal -0.998948 0.0458467 0
    outer loop
      vertex 117.25 -81.35 12
      vertex 117.241 -81.5461 2.19
      vertex 117.241 -81.5461 12
    endloop
  endfacet
  facet normal -0.461834 0.886966 0
    outer loop
      vertex 116.125 -83.2986 2.19
      vertex 115.951 -83.3892 12
      vertex 116.125 -83.2986 12
    endloop
  endfacet
  facet normal -0.461834 0.886966 0
    outer loop
      vertex 115.951 -83.3892 12
      vertex 116.125 -83.2986 2.19
      vertex 115.951 -83.3892 2.19
    endloop
  endfacet
  facet normal 0.736245 0.676715 0
    outer loop
      vertex 113.409 -82.941 12
      vertex 113.276 -82.7963 2.19
      vertex 113.276 -82.7963 12
    endloop
  endfacet
  facet normal 0.736245 0.676715 0
    outer loop
      vertex 113.276 -82.7963 2.19
      vertex 113.409 -82.941 12
      vertex 113.409 -82.941 2.19
    endloop
  endfacet
  facet normal 0.0438354 0.999039 -0
    outer loop
      vertex 115 -83.6 2.19
      vertex 114.804 -83.5914 12
      vertex 115 -83.6 12
    endloop
  endfacet
  facet normal 0.0438354 0.999039 0
    outer loop
      vertex 114.804 -83.5914 12
      vertex 115 -83.6 2.19
      vertex 114.804 -83.5914 2.19
    endloop
  endfacet
  facet normal 0.299431 -0.954118 0
    outer loop
      vertex 114.23 -79.2357 2.19
      vertex 114.418 -79.1767 12
      vertex 114.23 -79.2357 12
    endloop
  endfacet
  facet normal 0.299431 -0.954118 0
    outer loop
      vertex 114.418 -79.1767 12
      vertex 114.23 -79.2357 2.19
      vertex 114.418 -79.1767 2.19
    endloop
  endfacet
  facet normal 0.610575 0.791959 -0
    outer loop
      vertex 113.709 -83.1931 2.19
      vertex 113.554 -83.0736 12
      vertex 113.709 -83.1931 12
    endloop
  endfacet
  facet normal 0.610575 0.791959 0
    outer loop
      vertex 113.554 -83.0736 12
      vertex 113.709 -83.1931 2.19
      vertex 113.554 -83.0736 2.19
    endloop
  endfacet
  facet normal 0.674848 0.737956 -0
    outer loop
      vertex 113.554 -83.0736 2.19
      vertex 113.409 -82.941 12
      vertex 113.554 -83.0736 12
    endloop
  endfacet
  facet normal 0.674848 0.737956 0
    outer loop
      vertex 113.409 -82.941 12
      vertex 113.554 -83.0736 2.19
      vertex 113.409 -82.941 2.19
    endloop
  endfacet
  facet normal 0.217201 -0.976127 0
    outer loop
      vertex 114.418 -79.1767 2.19
      vertex 114.609 -79.1342 12
      vertex 114.418 -79.1767 12
    endloop
  endfacet
  facet normal 0.217201 -0.976127 0
    outer loop
      vertex 114.609 -79.1342 12
      vertex 114.418 -79.1767 2.19
      vertex 114.609 -79.1342 2.19
    endloop
  endfacet
  facet normal 0.991849 -0.127421 0
    outer loop
      vertex 112.759 -81.1539 12
      vertex 112.784 -80.9593 2.19
      vertex 112.784 -80.9593 12
    endloop
  endfacet
  facet normal 0.991849 -0.127421 0
    outer loop
      vertex 112.784 -80.9593 2.19
      vertex 112.759 -81.1539 12
      vertex 112.759 -81.1539 2.19
    endloop
  endfacet
  facet normal -0.842087 0.539342 0
    outer loop
      vertex 116.843 -82.6405 2.19
      vertex 116.949 -82.475 12
      vertex 116.949 -82.475 2.19
    endloop
  endfacet
  facet normal -0.842087 0.539342 0
    outer loop
      vertex 116.949 -82.475 12
      vertex 116.843 -82.6405 2.19
      vertex 116.843 -82.6405 12
    endloop
  endfacet
  facet normal 0.536382 -0.843975 0
    outer loop
      vertex 113.709 -79.5069 2.19
      vertex 113.875 -79.4014 12
      vertex 113.709 -79.5069 12
    endloop
  endfacet
  facet normal 0.536382 -0.843975 0
    outer loop
      vertex 113.875 -79.4014 12
      vertex 113.709 -79.5069 2.19
      vertex 113.875 -79.4014 2.19
    endloop
  endfacet
  facet normal -0.299431 -0.954118 0
    outer loop
      vertex 115.582 -79.1767 2.19
      vertex 115.77 -79.2357 12
      vertex 115.582 -79.1767 12
    endloop
  endfacet
  facet normal -0.299431 -0.954118 -0
    outer loop
      vertex 115.77 -79.2357 12
      vertex 115.582 -79.1767 2.19
      vertex 115.77 -79.2357 2.19
    endloop
  endfacet
  facet normal -0.924129 -0.382082 0
    outer loop
      vertex 117.114 -80.5805 2.19
      vertex 117.039 -80.3991 12
      vertex 117.039 -80.3991 2.19
    endloop
  endfacet
  facet normal -0.924129 -0.382082 0
    outer loop
      vertex 117.039 -80.3991 12
      vertex 117.114 -80.5805 2.19
      vertex 117.114 -80.5805 12
    endloop
  endfacet
  facet normal -0.383238 0.92365 0
    outer loop
      vertex 115.951 -83.3892 2.19
      vertex 115.77 -83.4643 12
      vertex 115.951 -83.3892 12
    endloop
  endfacet
  facet normal -0.383238 0.92365 0
    outer loop
      vertex 115.77 -83.4643 12
      vertex 115.951 -83.3892 2.19
      vertex 115.77 -83.4643 2.19
    endloop
  endfacet
  facet normal -0.953752 0.300595 0
    outer loop
      vertex 117.114 -82.1195 2.19
      vertex 117.173 -81.9323 12
      vertex 117.173 -81.9323 2.19
    endloop
  endfacet
  facet normal -0.953752 0.300595 0
    outer loop
      vertex 117.173 -81.9323 12
      vertex 117.114 -82.1195 2.19
      vertex 117.114 -82.1195 12
    endloop
  endfacet
  facet normal -0.461834 -0.886966 0
    outer loop
      vertex 115.951 -79.3108 2.19
      vertex 116.125 -79.4014 12
      vertex 115.951 -79.3108 12
    endloop
  endfacet
  facet normal -0.461834 -0.886966 -0
    outer loop
      vertex 116.125 -79.4014 12
      vertex 115.951 -79.3108 2.19
      vertex 116.125 -79.4014 2.19
    endloop
  endfacet
  facet normal -0.217201 -0.976127 0
    outer loop
      vertex 115.391 -79.1342 2.19
      vertex 115.582 -79.1767 12
      vertex 115.391 -79.1342 12
    endloop
  endfacet
  facet normal -0.217201 -0.976127 -0
    outer loop
      vertex 115.582 -79.1767 12
      vertex 115.391 -79.1342 2.19
      vertex 115.582 -79.1767 2.19
    endloop
  endfacet
  facet normal -0.536382 -0.843975 0
    outer loop
      vertex 116.125 -79.4014 2.19
      vertex 116.291 -79.5069 12
      vertex 116.125 -79.4014 12
    endloop
  endfacet
  facet normal -0.536382 -0.843975 -0
    outer loop
      vertex 116.291 -79.5069 12
      vertex 116.125 -79.4014 2.19
      vertex 116.291 -79.5069 2.19
    endloop
  endfacet
  facet normal 0.0438354 -0.999039 0
    outer loop
      vertex 114.804 -79.1086 2.19
      vertex 115 -79.1 12
      vertex 114.804 -79.1086 12
    endloop
  endfacet
  facet normal 0.0438354 -0.999039 0
    outer loop
      vertex 115 -79.1 12
      vertex 114.804 -79.1086 2.19
      vertex 115 -79.1 2.19
    endloop
  endfacet
  facet normal 0.842087 0.539342 0
    outer loop
      vertex 113.157 -82.6405 12
      vertex 113.051 -82.475 2.19
      vertex 113.051 -82.475 12
    endloop
  endfacet
  facet normal 0.842087 0.539342 0
    outer loop
      vertex 113.051 -82.475 2.19
      vertex 113.157 -82.6405 12
      vertex 113.157 -82.6405 2.19
    endloop
  endfacet
  facet normal 0.953752 -0.300595 0
    outer loop
      vertex 112.827 -80.7677 12
      vertex 112.886 -80.5805 2.19
      vertex 112.886 -80.5805 12
    endloop
  endfacet
  facet normal 0.953752 -0.300595 0
    outer loop
      vertex 112.886 -80.5805 2.19
      vertex 112.827 -80.7677 12
      vertex 112.827 -80.7677 2.19
    endloop
  endfacet
  facet normal 0.536382 0.843975 -0
    outer loop
      vertex 113.875 -83.2986 2.19
      vertex 113.709 -83.1931 12
      vertex 113.875 -83.2986 12
    endloop
  endfacet
  facet normal 0.536382 0.843975 0
    outer loop
      vertex 113.709 -83.1931 12
      vertex 113.875 -83.2986 2.19
      vertex 113.709 -83.1931 2.19
    endloop
  endfacet
  facet normal -0.842087 -0.539342 0
    outer loop
      vertex 116.949 -80.225 2.19
      vertex 116.843 -80.0595 12
      vertex 116.843 -80.0595 2.19
    endloop
  endfacet
  facet normal -0.842087 -0.539342 0
    outer loop
      vertex 116.843 -80.0595 12
      vertex 116.949 -80.225 2.19
      vertex 116.949 -80.225 12
    endloop
  endfacet
  facet normal -0.610575 0.791959 0
    outer loop
      vertex 116.446 -83.0736 2.19
      vertex 116.291 -83.1931 12
      vertex 116.446 -83.0736 12
    endloop
  endfacet
  facet normal -0.610575 0.791959 0
    outer loop
      vertex 116.291 -83.1931 12
      vertex 116.446 -83.0736 2.19
      vertex 116.291 -83.1931 2.19
    endloop
  endfacet
  facet normal -0.0438354 -0.999039 0
    outer loop
      vertex 115 -79.1 2.19
      vertex 115.196 -79.1086 12
      vertex 115 -79.1 12
    endloop
  endfacet
  facet normal -0.0438354 -0.999039 -0
    outer loop
      vertex 115.196 -79.1086 12
      vertex 115 -79.1 2.19
      vertex 115.196 -79.1086 2.19
    endloop
  endfacet
  facet normal 0.924129 -0.382082 0
    outer loop
      vertex 112.886 -80.5805 12
      vertex 112.961 -80.3991 2.19
      vertex 112.961 -80.3991 12
    endloop
  endfacet
  facet normal 0.924129 -0.382082 0
    outer loop
      vertex 112.961 -80.3991 2.19
      vertex 112.886 -80.5805 12
      vertex 112.886 -80.5805 2.19
    endloop
  endfacet
  facet normal 0.736245 -0.676715 0
    outer loop
      vertex 113.276 -79.9037 12
      vertex 113.409 -79.759 2.19
      vertex 113.409 -79.759 12
    endloop
  endfacet
  facet normal 0.736245 -0.676715 0
    outer loop
      vertex 113.409 -79.759 2.19
      vertex 113.276 -79.9037 12
      vertex 113.276 -79.9037 2.19
    endloop
  endfacet
  facet normal -0.130165 0.991492 0
    outer loop
      vertex 115.391 -83.5658 2.19
      vertex 115.196 -83.5914 12
      vertex 115.391 -83.5658 12
    endloop
  endfacet
  facet normal -0.130165 0.991492 0
    outer loop
      vertex 115.196 -83.5914 12
      vertex 115.391 -83.5658 2.19
      vertex 115.196 -83.5914 2.19
    endloop
  endfacet
  facet normal -0.794705 0.606996 0
    outer loop
      vertex 116.724 -82.7963 2.19
      vertex 116.843 -82.6405 12
      vertex 116.843 -82.6405 2.19
    endloop
  endfacet
  facet normal -0.794705 0.606996 0
    outer loop
      vertex 116.843 -82.6405 12
      vertex 116.724 -82.7963 2.19
      vertex 116.724 -82.7963 12
    endloop
  endfacet
  facet normal 0.383238 -0.92365 0
    outer loop
      vertex 114.049 -79.3108 2.19
      vertex 114.23 -79.2357 12
      vertex 114.049 -79.3108 12
    endloop
  endfacet
  facet normal 0.383238 -0.92365 0
    outer loop
      vertex 114.23 -79.2357 12
      vertex 114.049 -79.3108 2.19
      vertex 114.23 -79.2357 2.19
    endloop
  endfacet
  facet normal -0.0438354 0.999039 0
    outer loop
      vertex 115.196 -83.5914 2.19
      vertex 115 -83.6 12
      vertex 115.196 -83.5914 12
    endloop
  endfacet
  facet normal -0.0438354 0.999039 0
    outer loop
      vertex 115 -83.6 12
      vertex 115.196 -83.5914 2.19
      vertex 115 -83.6 2.19
    endloop
  endfacet
  facet normal 0.998948 0.0458467 0
    outer loop
      vertex 112.759 -81.5461 12
      vertex 112.75 -81.35 2.19
      vertex 112.75 -81.35 12
    endloop
  endfacet
  facet normal 0.998948 0.0458467 0
    outer loop
      vertex 112.75 -81.35 2.19
      vertex 112.759 -81.5461 12
      vertex 112.759 -81.5461 2.19
    endloop
  endfacet
  facet normal 0.794705 -0.606996 0
    outer loop
      vertex 113.157 -80.0595 12
      vertex 113.276 -79.9037 2.19
      vertex 113.276 -79.9037 12
    endloop
  endfacet
  facet normal 0.794705 -0.606996 0
    outer loop
      vertex 113.276 -79.9037 2.19
      vertex 113.157 -80.0595 12
      vertex 113.157 -80.0595 2.19
    endloop
  endfacet
  facet normal -0.674848 0.737956 0
    outer loop
      vertex 116.591 -82.941 2.19
      vertex 116.446 -83.0736 12
      vertex 116.591 -82.941 12
    endloop
  endfacet
  facet normal -0.674848 0.737956 0
    outer loop
      vertex 116.446 -83.0736 12
      vertex 116.591 -82.941 2.19
      vertex 116.446 -83.0736 2.19
    endloop
  endfacet
  facet normal 0.953752 0.300595 0
    outer loop
      vertex 112.886 -82.1195 12
      vertex 112.827 -81.9323 2.19
      vertex 112.827 -81.9323 12
    endloop
  endfacet
  facet normal 0.953752 0.300595 0
    outer loop
      vertex 112.827 -81.9323 2.19
      vertex 112.886 -82.1195 12
      vertex 112.886 -82.1195 2.19
    endloop
  endfacet
  facet normal -0.130165 -0.991492 0
    outer loop
      vertex 115.196 -79.1086 2.19
      vertex 115.391 -79.1342 12
      vertex 115.196 -79.1086 12
    endloop
  endfacet
  facet normal -0.130165 -0.991492 -0
    outer loop
      vertex 115.391 -79.1342 12
      vertex 115.196 -79.1086 2.19
      vertex 115.391 -79.1342 2.19
    endloop
  endfacet
  facet normal 0.97573 -0.218979 0
    outer loop
      vertex 112.784 -80.9593 12
      vertex 112.827 -80.7677 2.19
      vertex 112.827 -80.7677 12
    endloop
  endfacet
  facet normal 0.97573 -0.218979 0
    outer loop
      vertex 112.827 -80.7677 2.19
      vertex 112.784 -80.9593 12
      vertex 112.784 -80.9593 2.19
    endloop
  endfacet
  facet normal 0.97573 0.218979 0
    outer loop
      vertex 112.827 -81.9323 12
      vertex 112.784 -81.7407 2.19
      vertex 112.784 -81.7407 12
    endloop
  endfacet
  facet normal 0.97573 0.218979 0
    outer loop
      vertex 112.784 -81.7407 2.19
      vertex 112.827 -81.9323 12
      vertex 112.827 -81.9323 2.19
    endloop
  endfacet
  facet normal 0.461834 -0.886966 0
    outer loop
      vertex 113.875 -79.4014 2.19
      vertex 114.049 -79.3108 12
      vertex 113.875 -79.4014 12
    endloop
  endfacet
  facet normal 0.461834 -0.886966 0
    outer loop
      vertex 114.049 -79.3108 12
      vertex 113.875 -79.4014 2.19
      vertex 114.049 -79.3108 2.19
    endloop
  endfacet
  facet normal 0.842087 -0.539342 0
    outer loop
      vertex 113.051 -80.225 12
      vertex 113.157 -80.0595 2.19
      vertex 113.157 -80.0595 12
    endloop
  endfacet
  facet normal 0.842087 -0.539342 0
    outer loop
      vertex 113.157 -80.0595 2.19
      vertex 113.051 -80.225 12
      vertex 113.051 -80.225 2.19
    endloop
  endfacet
  facet normal -0.736245 -0.676715 0
    outer loop
      vertex 116.724 -79.9037 2.19
      vertex 116.591 -79.759 12
      vertex 116.591 -79.759 2.19
    endloop
  endfacet
  facet normal -0.736245 -0.676715 0
    outer loop
      vertex 116.591 -79.759 12
      vertex 116.724 -79.9037 2.19
      vertex 116.724 -79.9037 12
    endloop
  endfacet
  facet normal -0.674848 -0.737956 0
    outer loop
      vertex 116.446 -79.6264 2.19
      vertex 116.591 -79.759 12
      vertex 116.446 -79.6264 12
    endloop
  endfacet
  facet normal -0.674848 -0.737956 -0
    outer loop
      vertex 116.591 -79.759 12
      vertex 116.446 -79.6264 2.19
      vertex 116.591 -79.759 2.19
    endloop
  endfacet
  facet normal -0.383238 -0.92365 0
    outer loop
      vertex 115.77 -79.2357 2.19
      vertex 115.951 -79.3108 12
      vertex 115.77 -79.2357 12
    endloop
  endfacet
  facet normal -0.383238 -0.92365 -0
    outer loop
      vertex 115.951 -79.3108 12
      vertex 115.77 -79.2357 2.19
      vertex 115.951 -79.3108 2.19
    endloop
  endfacet
  facet normal 0.217201 0.976127 -0
    outer loop
      vertex 114.609 -83.5658 2.19
      vertex 114.418 -83.5233 12
      vertex 114.609 -83.5658 12
    endloop
  endfacet
  facet normal 0.217201 0.976127 0
    outer loop
      vertex 114.418 -83.5233 12
      vertex 114.609 -83.5658 2.19
      vertex 114.418 -83.5233 2.19
    endloop
  endfacet
  facet normal -0.97573 0.218979 0
    outer loop
      vertex 117.173 -81.9323 2.19
      vertex 117.216 -81.7407 12
      vertex 117.216 -81.7407 2.19
    endloop
  endfacet
  facet normal -0.97573 0.218979 0
    outer loop
      vertex 117.216 -81.7407 12
      vertex 117.173 -81.9323 2.19
      vertex 117.173 -81.9323 12
    endloop
  endfacet
  facet normal 0.998948 -0.0458467 0
    outer loop
      vertex 112.75 -81.35 12
      vertex 112.759 -81.1539 2.19
      vertex 112.759 -81.1539 12
    endloop
  endfacet
  facet normal 0.998948 -0.0458467 0
    outer loop
      vertex 112.759 -81.1539 2.19
      vertex 112.75 -81.35 12
      vertex 112.75 -81.35 2.19
    endloop
  endfacet
  facet normal 0.610575 -0.791959 0
    outer loop
      vertex 113.554 -79.6264 2.19
      vertex 113.709 -79.5069 12
      vertex 113.554 -79.6264 12
    endloop
  endfacet
  facet normal 0.610575 -0.791959 0
    outer loop
      vertex 113.709 -79.5069 12
      vertex 113.554 -79.6264 2.19
      vertex 113.709 -79.5069 2.19
    endloop
  endfacet
  facet normal 0.299431 0.954118 -0
    outer loop
      vertex 114.418 -83.5233 2.19
      vertex 114.23 -83.4643 12
      vertex 114.418 -83.5233 12
    endloop
  endfacet
  facet normal 0.299431 0.954118 0
    outer loop
      vertex 114.23 -83.4643 12
      vertex 114.418 -83.5233 2.19
      vertex 114.23 -83.4643 2.19
    endloop
  endfacet
  facet normal 0.674848 -0.737956 0
    outer loop
      vertex 113.409 -79.759 2.19
      vertex 113.554 -79.6264 12
      vertex 113.409 -79.759 12
    endloop
  endfacet
  facet normal 0.674848 -0.737956 0
    outer loop
      vertex 113.554 -79.6264 12
      vertex 113.409 -79.759 2.19
      vertex 113.554 -79.6264 2.19
    endloop
  endfacet
  facet normal 0.888325 -0.459215 0
    outer loop
      vertex 112.961 -80.3991 12
      vertex 113.051 -80.225 2.19
      vertex 113.051 -80.225 12
    endloop
  endfacet
  facet normal 0.888325 -0.459215 0
    outer loop
      vertex 113.051 -80.225 2.19
      vertex 112.961 -80.3991 12
      vertex 112.961 -80.3991 2.19
    endloop
  endfacet
  facet normal 0.794705 0.606996 0
    outer loop
      vertex 113.276 -82.7963 12
      vertex 113.157 -82.6405 2.19
      vertex 113.157 -82.6405 12
    endloop
  endfacet
  facet normal 0.794705 0.606996 0
    outer loop
      vertex 113.157 -82.6405 2.19
      vertex 113.276 -82.7963 12
      vertex 113.276 -82.7963 2.19
    endloop
  endfacet
  facet normal 0.461834 0.886966 -0
    outer loop
      vertex 114.049 -83.3892 2.19
      vertex 113.875 -83.2986 12
      vertex 114.049 -83.3892 12
    endloop
  endfacet
  facet normal 0.461834 0.886966 0
    outer loop
      vertex 113.875 -83.2986 12
      vertex 114.049 -83.3892 2.19
      vertex 113.875 -83.2986 2.19
    endloop
  endfacet
  facet normal 0.92319 -0.384344 0
    outer loop
      vertex 110.771 -79.8109 16
      vertex 110.922 -79.4482 12
      vertex 110.922 -79.4482 16
    endloop
  endfacet
  facet normal 0.92319 -0.384344 0
    outer loop
      vertex 110.922 -79.4482 12
      vertex 110.771 -79.8109 16
      vertex 110.771 -79.8109 12
    endloop
  endfacet
  facet normal -0.999062 0.0433046 0
    outer loop
      vertex 119.483 -81.7422 12
      vertex 119.5 -81.35 16
      vertex 119.5 -81.35 12
    endloop
  endfacet
  facet normal -0.999062 0.0433046 0
    outer loop
      vertex 119.5 -81.35 16
      vertex 119.483 -81.7422 12
      vertex 119.483 -81.7422 16
    endloop
  endfacet
  facet normal -0.991524 -0.129927 0
    outer loop
      vertex 119.483 -80.9578 12
      vertex 119.432 -80.5686 16
      vertex 119.432 -80.5686 12
    endloop
  endfacet
  facet normal -0.991524 -0.129927 0
    outer loop
      vertex 119.432 -80.5686 16
      vertex 119.483 -80.9578 12
      vertex 119.483 -80.9578 16
    endloop
  endfacet
  facet normal -0.999062 -0.0433046 0
    outer loop
      vertex 119.5 -81.35 12
      vertex 119.483 -80.9578 16
      vertex 119.483 -80.9578 12
    endloop
  endfacet
  facet normal -0.999062 -0.0433046 0
    outer loop
      vertex 119.483 -80.9578 16
      vertex 119.5 -81.35 12
      vertex 119.5 -81.35 16
    endloop
  endfacet
  facet normal -0.887284 -0.461224 0
    outer loop
      vertex 119.078 -79.4482 12
      vertex 118.897 -79.1 16
      vertex 118.897 -79.1 12
    endloop
  endfacet
  facet normal -0.887284 -0.461224 0
    outer loop
      vertex 118.897 -79.1 16
      vertex 119.078 -79.4482 12
      vertex 119.078 -79.4482 16
    endloop
  endfacet
  facet normal 0.462035 -0.886862 0
    outer loop
      vertex 112.75 -77.4529 12
      vertex 113.098 -77.2716 16
      vertex 112.75 -77.4529 16
    endloop
  endfacet
  facet normal 0.462035 -0.886862 0
    outer loop
      vertex 113.098 -77.2716 16
      vertex 112.75 -77.4529 12
      vertex 113.098 -77.2716 12
    endloop
  endfacet
  facet normal -0.301119 -0.953587 0
    outer loop
      vertex 116.165 -77.0033 12
      vertex 116.539 -77.1214 16
      vertex 116.165 -77.0033 16
    endloop
  endfacet
  facet normal -0.301119 -0.953587 -0
    outer loop
      vertex 116.539 -77.1214 16
      vertex 116.165 -77.0033 12
      vertex 116.539 -77.1214 12
    endloop
  endfacet
  facet normal 0.676117 0.736794 -0
    outer loop
      vertex 112.107 -84.7972 12
      vertex 111.818 -84.532 16
      vertex 112.107 -84.7972 16
    endloop
  endfacet
  facet normal 0.676117 0.736794 0
    outer loop
      vertex 111.818 -84.532 16
      vertex 112.107 -84.7972 12
      vertex 111.818 -84.532 12
    endloop
  endfacet
  facet normal -0.21588 -0.97642 0
    outer loop
      vertex 115.781 -76.9184 12
      vertex 116.165 -77.0033 16
      vertex 115.781 -76.9184 16
    endloop
  endfacet
  facet normal -0.21588 -0.97642 -0
    outer loop
      vertex 116.165 -77.0033 16
      vertex 115.781 -76.9184 12
      vertex 116.165 -77.0033 12
    endloop
  endfacet
  facet normal 0.21588 -0.97642 0
    outer loop
      vertex 113.835 -77.0033 12
      vertex 114.219 -76.9184 16
      vertex 113.835 -77.0033 16
    endloop
  endfacet
  facet normal 0.21588 -0.97642 0
    outer loop
      vertex 114.219 -76.9184 16
      vertex 113.835 -77.0033 12
      vertex 114.219 -76.9184 12
    endloop
  endfacet
  facet normal -0.043581 0.99905 0
    outer loop
      vertex 115.392 -85.8329 12
      vertex 115 -85.85 16
      vertex 115.392 -85.8329 16
    endloop
  endfacet
  facet normal -0.043581 0.99905 0
    outer loop
      vertex 115 -85.85 16
      vertex 115.392 -85.8329 12
      vertex 115 -85.85 12
    endloop
  endfacet
  facet normal -0.537354 0.843357 0
    outer loop
      vertex 117.581 -85.0362 12
      vertex 117.25 -85.2471 16
      vertex 117.581 -85.0362 16
    endloop
  endfacet
  facet normal -0.537354 0.843357 0
    outer loop
      vertex 117.25 -85.2471 16
      vertex 117.581 -85.0362 12
      vertex 117.25 -85.2471 12
    endloop
  endfacet
  facet normal -0.991524 0.129927 0
    outer loop
      vertex 119.432 -82.1314 12
      vertex 119.483 -81.7422 16
      vertex 119.483 -81.7422 12
    endloop
  endfacet
  facet normal -0.991524 0.129927 0
    outer loop
      vertex 119.483 -81.7422 16
      vertex 119.432 -82.1314 12
      vertex 119.432 -82.1314 16
    endloop
  endfacet
  facet normal 0.301119 -0.953587 0
    outer loop
      vertex 113.461 -77.1214 12
      vertex 113.835 -77.0033 16
      vertex 113.461 -77.1214 16
    endloop
  endfacet
  facet normal 0.301119 -0.953587 0
    outer loop
      vertex 113.835 -77.0033 16
      vertex 113.461 -77.1214 12
      vertex 113.835 -77.0033 12
    endloop
  endfacet
  facet normal -0.976283 -0.216499 0
    outer loop
      vertex 119.432 -80.5686 12
      vertex 119.347 -80.1853 16
      vertex 119.347 -80.1853 12
    endloop
  endfacet
  facet normal -0.976283 -0.216499 0
    outer loop
      vertex 119.347 -80.1853 16
      vertex 119.432 -80.5686 12
      vertex 119.432 -80.5686 16
    endloop
  endfacet
  facet normal 0.301119 0.953587 -0
    outer loop
      vertex 113.835 -85.6967 12
      vertex 113.461 -85.5786 16
      vertex 113.835 -85.6967 16
    endloop
  endfacet
  facet normal 0.301119 0.953587 0
    outer loop
      vertex 113.461 -85.5786 16
      vertex 113.835 -85.6967 12
      vertex 113.461 -85.5786 12
    endloop
  endfacet
  facet normal -0.73763 0.675205 0
    outer loop
      vertex 118.182 -84.532 12
      vertex 118.447 -84.2425 16
      vertex 118.447 -84.2425 12
    endloop
  endfacet
  facet normal -0.73763 0.675205 0
    outer loop
      vertex 118.447 -84.2425 16
      vertex 118.182 -84.532 12
      vertex 118.182 -84.532 16
    endloop
  endfacet
  facet normal -0.953752 0.300595 0
    outer loop
      vertex 119.229 -82.8891 12
      vertex 119.347 -82.5147 16
      vertex 119.347 -82.5147 12
    endloop
  endfacet
  facet normal -0.953752 0.300595 0
    outer loop
      vertex 119.347 -82.5147 16
      vertex 119.229 -82.8891 12
      vertex 119.229 -82.8891 16
    endloop
  endfacet
  facet normal -0.92319 0.384344 0
    outer loop
      vertex 119.078 -83.2518 12
      vertex 119.229 -82.8891 16
      vertex 119.229 -82.8891 12
    endloop
  endfacet
  facet normal -0.92319 0.384344 0
    outer loop
      vertex 119.229 -82.8891 16
      vertex 119.078 -83.2518 12
      vertex 119.078 -83.2518 16
    endloop
  endfacet
  facet normal 0.676117 -0.736794 0
    outer loop
      vertex 111.818 -78.168 12
      vertex 112.107 -77.9028 16
      vertex 111.818 -78.168 16
    endloop
  endfacet
  facet normal 0.676117 -0.736794 0
    outer loop
      vertex 112.107 -77.9028 16
      vertex 111.818 -78.168 12
      vertex 112.107 -77.9028 12
    endloop
  endfacet
  facet normal -0.843315 0.537419 0
    outer loop
      vertex 118.686 -83.9311 12
      vertex 118.897 -83.6 16
      vertex 118.897 -83.6 12
    endloop
  endfacet
  facet normal -0.843315 0.537419 0
    outer loop
      vertex 118.897 -83.6 16
      vertex 118.686 -83.9311 12
      vertex 118.686 -83.9311 16
    endloop
  endfacet
  facet normal 0.043581 -0.99905 0
    outer loop
      vertex 114.608 -76.8671 12
      vertex 115 -76.85 16
      vertex 114.608 -76.8671 16
    endloop
  endfacet
  facet normal 0.043581 -0.99905 0
    outer loop
      vertex 115 -76.85 16
      vertex 114.608 -76.8671 12
      vertex 115 -76.85 12
    endloop
  endfacet
  facet normal 0.953752 0.300595 0
    outer loop
      vertex 110.771 -82.8891 16
      vertex 110.653 -82.5147 12
      vertex 110.653 -82.5147 16
    endloop
  endfacet
  facet normal 0.953752 0.300595 0
    outer loop
      vertex 110.653 -82.5147 12
      vertex 110.771 -82.8891 16
      vertex 110.771 -82.8891 12
    endloop
  endfacet
  facet normal 0.537354 0.843357 -0
    outer loop
      vertex 112.75 -85.2471 12
      vertex 112.419 -85.0362 16
      vertex 112.75 -85.2471 16
    endloop
  endfacet
  facet normal 0.537354 0.843357 0
    outer loop
      vertex 112.419 -85.0362 16
      vertex 112.75 -85.2471 12
      vertex 112.419 -85.0362 12
    endloop
  endfacet
  facet normal -0.608111 0.793852 0
    outer loop
      vertex 117.893 -84.7972 12
      vertex 117.581 -85.0362 16
      vertex 117.893 -84.7972 16
    endloop
  endfacet
  facet normal -0.608111 0.793852 0
    outer loop
      vertex 117.581 -85.0362 16
      vertex 117.893 -84.7972 12
      vertex 117.581 -85.0362 12
    endloop
  endfacet
  facet normal -0.953752 -0.300595 0
    outer loop
      vertex 119.347 -80.1853 12
      vertex 119.229 -79.8109 16
      vertex 119.229 -79.8109 12
    endloop
  endfacet
  facet normal -0.953752 -0.300595 0
    outer loop
      vertex 119.229 -79.8109 16
      vertex 119.347 -80.1853 12
      vertex 119.347 -80.1853 16
    endloop
  endfacet
  facet normal -0.462035 0.886862 0
    outer loop
      vertex 117.25 -85.2471 12
      vertex 116.902 -85.4284 16
      vertex 117.25 -85.2471 16
    endloop
  endfacet
  facet normal -0.462035 0.886862 0
    outer loop
      vertex 116.902 -85.4284 16
      vertex 117.25 -85.2471 12
      vertex 116.902 -85.4284 12
    endloop
  endfacet
  facet normal -0.043581 -0.99905 0
    outer loop
      vertex 115 -76.85 12
      vertex 115.392 -76.8671 16
      vertex 115 -76.85 16
    endloop
  endfacet
  facet normal -0.043581 -0.99905 -0
    outer loop
      vertex 115.392 -76.8671 16
      vertex 115 -76.85 12
      vertex 115.392 -76.8671 12
    endloop
  endfacet
  facet normal 0.793286 0.608849 0
    outer loop
      vertex 111.553 -84.2425 16
      vertex 111.314 -83.9311 12
      vertex 111.314 -83.9311 16
    endloop
  endfacet
  facet normal 0.793286 0.608849 0
    outer loop
      vertex 111.314 -83.9311 12
      vertex 111.553 -84.2425 16
      vertex 111.553 -84.2425 12
    endloop
  endfacet
  facet normal 0.92319 0.384344 0
    outer loop
      vertex 110.922 -83.2518 16
      vertex 110.771 -82.8891 12
      vertex 110.771 -82.8891 16
    endloop
  endfacet
  facet normal 0.92319 0.384344 0
    outer loop
      vertex 110.771 -82.8891 12
      vertex 110.922 -83.2518 16
      vertex 110.922 -83.2518 12
    endloop
  endfacet
  facet normal -0.676117 0.736794 0
    outer loop
      vertex 118.182 -84.532 12
      vertex 117.893 -84.7972 16
      vertex 118.182 -84.532 16
    endloop
  endfacet
  facet normal -0.676117 0.736794 0
    outer loop
      vertex 117.893 -84.7972 16
      vertex 118.182 -84.532 12
      vertex 117.893 -84.7972 12
    endloop
  endfacet
  facet normal 0.21588 0.97642 -0
    outer loop
      vertex 114.219 -85.7816 12
      vertex 113.835 -85.6967 16
      vertex 114.219 -85.7816 16
    endloop
  endfacet
  facet normal 0.21588 0.97642 0
    outer loop
      vertex 113.835 -85.6967 16
      vertex 114.219 -85.7816 12
      vertex 113.835 -85.6967 12
    endloop
  endfacet
  facet normal -0.21588 0.97642 0
    outer loop
      vertex 116.165 -85.6967 12
      vertex 115.781 -85.7816 16
      vertex 116.165 -85.6967 16
    endloop
  endfacet
  facet normal -0.21588 0.97642 0
    outer loop
      vertex 115.781 -85.7816 16
      vertex 116.165 -85.6967 12
      vertex 115.781 -85.7816 12
    endloop
  endfacet
  facet normal 0.991524 -0.129927 0
    outer loop
      vertex 110.517 -80.9578 16
      vertex 110.568 -80.5686 12
      vertex 110.568 -80.5686 16
    endloop
  endfacet
  facet normal 0.991524 -0.129927 0
    outer loop
      vertex 110.568 -80.5686 12
      vertex 110.517 -80.9578 16
      vertex 110.517 -80.9578 12
    endloop
  endfacet
  facet normal -0.608111 -0.793852 0
    outer loop
      vertex 117.581 -77.6638 12
      vertex 117.893 -77.9028 16
      vertex 117.581 -77.6638 16
    endloop
  endfacet
  facet normal -0.608111 -0.793852 -0
    outer loop
      vertex 117.893 -77.9028 16
      vertex 117.581 -77.6638 12
      vertex 117.893 -77.9028 12
    endloop
  endfacet
  facet normal 0.608111 -0.793852 0
    outer loop
      vertex 112.107 -77.9028 12
      vertex 112.419 -77.6638 16
      vertex 112.107 -77.9028 16
    endloop
  endfacet
  facet normal 0.608111 -0.793852 0
    outer loop
      vertex 112.419 -77.6638 16
      vertex 112.107 -77.9028 12
      vertex 112.419 -77.6638 12
    endloop
  endfacet
  facet normal 0.537354 -0.843357 0
    outer loop
      vertex 112.419 -77.6638 12
      vertex 112.75 -77.4529 16
      vertex 112.419 -77.6638 16
    endloop
  endfacet
  facet normal 0.537354 -0.843357 0
    outer loop
      vertex 112.75 -77.4529 16
      vertex 112.419 -77.6638 12
      vertex 112.75 -77.4529 12
    endloop
  endfacet
  facet normal -0.130745 0.991416 0
    outer loop
      vertex 115.781 -85.7816 12
      vertex 115.392 -85.8329 16
      vertex 115.781 -85.7816 16
    endloop
  endfacet
  facet normal -0.130745 0.991416 0
    outer loop
      vertex 115.392 -85.8329 16
      vertex 115.781 -85.7816 12
      vertex 115.392 -85.8329 12
    endloop
  endfacet
  facet normal -0.793286 0.608849 0
    outer loop
      vertex 118.447 -84.2425 12
      vertex 118.686 -83.9311 16
      vertex 118.686 -83.9311 12
    endloop
  endfacet
  facet normal -0.793286 0.608849 0
    outer loop
      vertex 118.686 -83.9311 16
      vertex 118.447 -84.2425 12
      vertex 118.447 -84.2425 16
    endloop
  endfacet
  facet normal -0.793286 -0.608849 0
    outer loop
      vertex 118.686 -78.7689 12
      vertex 118.447 -78.4575 16
      vertex 118.447 -78.4575 12
    endloop
  endfacet
  facet normal -0.793286 -0.608849 0
    outer loop
      vertex 118.447 -78.4575 16
      vertex 118.686 -78.7689 12
      vertex 118.686 -78.7689 16
    endloop
  endfacet
  facet normal -0.382337 -0.924023 0
    outer loop
      vertex 116.539 -77.1214 12
      vertex 116.902 -77.2716 16
      vertex 116.539 -77.1214 16
    endloop
  endfacet
  facet normal -0.382337 -0.924023 -0
    outer loop
      vertex 116.902 -77.2716 16
      vertex 116.539 -77.1214 12
      vertex 116.902 -77.2716 12
    endloop
  endfacet
  facet normal -0.537354 -0.843357 0
    outer loop
      vertex 117.25 -77.4529 12
      vertex 117.581 -77.6638 16
      vertex 117.25 -77.4529 16
    endloop
  endfacet
  facet normal -0.537354 -0.843357 -0
    outer loop
      vertex 117.581 -77.6638 16
      vertex 117.25 -77.4529 12
      vertex 117.581 -77.6638 12
    endloop
  endfacet
  facet normal -0.92319 -0.384344 0
    outer loop
      vertex 119.229 -79.8109 12
      vertex 119.078 -79.4482 16
      vertex 119.078 -79.4482 12
    endloop
  endfacet
  facet normal -0.92319 -0.384344 0
    outer loop
      vertex 119.078 -79.4482 16
      vertex 119.229 -79.8109 12
      vertex 119.229 -79.8109 16
    endloop
  endfacet
  facet normal -0.976283 0.216499 0
    outer loop
      vertex 119.347 -82.5147 12
      vertex 119.432 -82.1314 16
      vertex 119.432 -82.1314 12
    endloop
  endfacet
  facet normal -0.976283 0.216499 0
    outer loop
      vertex 119.432 -82.1314 16
      vertex 119.347 -82.5147 12
      vertex 119.347 -82.5147 16
    endloop
  endfacet
  facet normal 0.608111 0.793852 -0
    outer loop
      vertex 112.419 -85.0362 12
      vertex 112.107 -84.7972 16
      vertex 112.419 -85.0362 16
    endloop
  endfacet
  facet normal 0.608111 0.793852 0
    outer loop
      vertex 112.107 -84.7972 16
      vertex 112.419 -85.0362 12
      vertex 112.107 -84.7972 12
    endloop
  endfacet
  facet normal -0.843315 -0.537419 0
    outer loop
      vertex 118.897 -79.1 12
      vertex 118.686 -78.7689 16
      vertex 118.686 -78.7689 12
    endloop
  endfacet
  facet normal -0.843315 -0.537419 0
    outer loop
      vertex 118.686 -78.7689 16
      vertex 118.897 -79.1 12
      vertex 118.897 -79.1 16
    endloop
  endfacet
  facet normal 0.73763 0.675205 0
    outer loop
      vertex 111.818 -84.532 16
      vertex 111.553 -84.2425 12
      vertex 111.553 -84.2425 16
    endloop
  endfacet
  facet normal 0.73763 0.675205 0
    outer loop
      vertex 111.553 -84.2425 12
      vertex 111.818 -84.532 16
      vertex 111.818 -84.532 12
    endloop
  endfacet
  facet normal -0.382337 0.924023 0
    outer loop
      vertex 116.902 -85.4284 12
      vertex 116.539 -85.5786 16
      vertex 116.902 -85.4284 16
    endloop
  endfacet
  facet normal -0.382337 0.924023 0
    outer loop
      vertex 116.539 -85.5786 16
      vertex 116.902 -85.4284 12
      vertex 116.539 -85.5786 12
    endloop
  endfacet
  facet normal 0.73763 -0.675205 0
    outer loop
      vertex 111.553 -78.4575 16
      vertex 111.818 -78.168 12
      vertex 111.818 -78.168 16
    endloop
  endfacet
  facet normal 0.73763 -0.675205 0
    outer loop
      vertex 111.818 -78.168 12
      vertex 111.553 -78.4575 16
      vertex 111.553 -78.4575 12
    endloop
  endfacet
  facet normal -0.130745 -0.991416 0
    outer loop
      vertex 115.392 -76.8671 12
      vertex 115.781 -76.9184 16
      vertex 115.392 -76.8671 16
    endloop
  endfacet
  facet normal -0.130745 -0.991416 -0
    outer loop
      vertex 115.781 -76.9184 16
      vertex 115.392 -76.8671 12
      vertex 115.781 -76.9184 12
    endloop
  endfacet
  facet normal 0.043581 0.99905 -0
    outer loop
      vertex 115 -85.85 12
      vertex 114.608 -85.8329 16
      vertex 115 -85.85 16
    endloop
  endfacet
  facet normal 0.043581 0.99905 0
    outer loop
      vertex 114.608 -85.8329 16
      vertex 115 -85.85 12
      vertex 114.608 -85.8329 12
    endloop
  endfacet
  facet normal 0.382337 -0.924023 0
    outer loop
      vertex 113.098 -77.2716 12
      vertex 113.461 -77.1214 16
      vertex 113.098 -77.2716 16
    endloop
  endfacet
  facet normal 0.382337 -0.924023 0
    outer loop
      vertex 113.461 -77.1214 16
      vertex 113.098 -77.2716 12
      vertex 113.461 -77.1214 12
    endloop
  endfacet
  facet normal 0.843315 0.537419 0
    outer loop
      vertex 111.314 -83.9311 16
      vertex 111.103 -83.6 12
      vertex 111.103 -83.6 16
    endloop
  endfacet
  facet normal 0.843315 0.537419 0
    outer loop
      vertex 111.103 -83.6 12
      vertex 111.314 -83.9311 16
      vertex 111.314 -83.9311 12
    endloop
  endfacet
  facet normal -0.462035 -0.886862 0
    outer loop
      vertex 116.902 -77.2716 12
      vertex 117.25 -77.4529 16
      vertex 116.902 -77.2716 16
    endloop
  endfacet
  facet normal -0.462035 -0.886862 -0
    outer loop
      vertex 117.25 -77.4529 16
      vertex 116.902 -77.2716 12
      vertex 117.25 -77.4529 12
    endloop
  endfacet
  facet normal 0.991524 0.129927 0
    outer loop
      vertex 110.568 -82.1314 16
      vertex 110.517 -81.7422 12
      vertex 110.517 -81.7422 16
    endloop
  endfacet
  facet normal 0.991524 0.129927 0
    outer loop
      vertex 110.517 -81.7422 12
      vertex 110.568 -82.1314 16
      vertex 110.568 -82.1314 12
    endloop
  endfacet
  facet normal 0.130745 -0.991416 0
    outer loop
      vertex 114.219 -76.9184 12
      vertex 114.608 -76.8671 16
      vertex 114.219 -76.9184 16
    endloop
  endfacet
  facet normal 0.130745 -0.991416 0
    outer loop
      vertex 114.608 -76.8671 16
      vertex 114.219 -76.9184 12
      vertex 114.608 -76.8671 12
    endloop
  endfacet
  facet normal 0.843315 -0.537419 0
    outer loop
      vertex 111.103 -79.1 16
      vertex 111.314 -78.7689 12
      vertex 111.314 -78.7689 16
    endloop
  endfacet
  facet normal 0.843315 -0.537419 0
    outer loop
      vertex 111.314 -78.7689 12
      vertex 111.103 -79.1 16
      vertex 111.103 -79.1 12
    endloop
  endfacet
  facet normal 0.976283 0.216499 0
    outer loop
      vertex 110.653 -82.5147 16
      vertex 110.568 -82.1314 12
      vertex 110.568 -82.1314 16
    endloop
  endfacet
  facet normal 0.976283 0.216499 0
    outer loop
      vertex 110.568 -82.1314 12
      vertex 110.653 -82.5147 16
      vertex 110.653 -82.5147 12
    endloop
  endfacet
  facet normal -0.887284 0.461224 0
    outer loop
      vertex 118.897 -83.6 12
      vertex 119.078 -83.2518 16
      vertex 119.078 -83.2518 12
    endloop
  endfacet
  facet normal -0.887284 0.461224 0
    outer loop
      vertex 119.078 -83.2518 16
      vertex 118.897 -83.6 12
      vertex 118.897 -83.6 16
    endloop
  endfacet
  facet normal -0.676117 -0.736794 0
    outer loop
      vertex 117.893 -77.9028 12
      vertex 118.182 -78.168 16
      vertex 117.893 -77.9028 16
    endloop
  endfacet
  facet normal -0.676117 -0.736794 -0
    outer loop
      vertex 118.182 -78.168 16
      vertex 117.893 -77.9028 12
      vertex 118.182 -78.168 12
    endloop
  endfacet
  facet normal 0.976283 -0.216499 0
    outer loop
      vertex 110.568 -80.5686 16
      vertex 110.653 -80.1853 12
      vertex 110.653 -80.1853 16
    endloop
  endfacet
  facet normal 0.976283 -0.216499 0
    outer loop
      vertex 110.653 -80.1853 12
      vertex 110.568 -80.5686 16
      vertex 110.568 -80.5686 12
    endloop
  endfacet
  facet normal 0.462035 0.886862 -0
    outer loop
      vertex 113.098 -85.4284 12
      vertex 112.75 -85.2471 16
      vertex 113.098 -85.4284 16
    endloop
  endfacet
  facet normal 0.462035 0.886862 0
    outer loop
      vertex 112.75 -85.2471 16
      vertex 113.098 -85.4284 12
      vertex 112.75 -85.2471 12
    endloop
  endfacet
  facet normal 0.793286 -0.608849 0
    outer loop
      vertex 111.314 -78.7689 16
      vertex 111.553 -78.4575 12
      vertex 111.553 -78.4575 16
    endloop
  endfacet
  facet normal 0.793286 -0.608849 0
    outer loop
      vertex 111.553 -78.4575 12
      vertex 111.314 -78.7689 16
      vertex 111.314 -78.7689 12
    endloop
  endfacet
  facet normal 0.130745 0.991416 -0
    outer loop
      vertex 114.608 -85.8329 12
      vertex 114.219 -85.7816 16
      vertex 114.608 -85.8329 16
    endloop
  endfacet
  facet normal 0.130745 0.991416 0
    outer loop
      vertex 114.219 -85.7816 16
      vertex 114.608 -85.8329 12
      vertex 114.219 -85.7816 12
    endloop
  endfacet
  facet normal 0.887284 0.461224 0
    outer loop
      vertex 111.103 -83.6 16
      vertex 110.922 -83.2518 12
      vertex 110.922 -83.2518 16
    endloop
  endfacet
  facet normal 0.887284 0.461224 0
    outer loop
      vertex 110.922 -83.2518 12
      vertex 111.103 -83.6 16
      vertex 111.103 -83.6 12
    endloop
  endfacet
  facet normal -0.73763 -0.675205 0
    outer loop
      vertex 118.447 -78.4575 12
      vertex 118.182 -78.168 16
      vertex 118.182 -78.168 12
    endloop
  endfacet
  facet normal -0.73763 -0.675205 0
    outer loop
      vertex 118.182 -78.168 16
      vertex 118.447 -78.4575 12
      vertex 118.447 -78.4575 16
    endloop
  endfacet
  facet normal 0.999062 -0.0433046 0
    outer loop
      vertex 110.5 -81.35 16
      vertex 110.517 -80.9578 12
      vertex 110.517 -80.9578 16
    endloop
  endfacet
  facet normal 0.999062 -0.0433046 0
    outer loop
      vertex 110.517 -80.9578 12
      vertex 110.5 -81.35 16
      vertex 110.5 -81.35 12
    endloop
  endfacet
  facet normal 0.999062 0.0433046 0
    outer loop
      vertex 110.517 -81.7422 16
      vertex 110.5 -81.35 12
      vertex 110.5 -81.35 16
    endloop
  endfacet
  facet normal 0.999062 0.0433046 0
    outer loop
      vertex 110.5 -81.35 12
      vertex 110.517 -81.7422 16
      vertex 110.517 -81.7422 12
    endloop
  endfacet
  facet normal -0.301119 0.953587 0
    outer loop
      vertex 116.539 -85.5786 12
      vertex 116.165 -85.6967 16
      vertex 116.539 -85.5786 16
    endloop
  endfacet
  facet normal -0.301119 0.953587 0
    outer loop
      vertex 116.165 -85.6967 16
      vertex 116.539 -85.5786 12
      vertex 116.165 -85.6967 12
    endloop
  endfacet
  facet normal 0.953752 -0.300595 0
    outer loop
      vertex 110.653 -80.1853 16
      vertex 110.771 -79.8109 12
      vertex 110.771 -79.8109 16
    endloop
  endfacet
  facet normal 0.953752 -0.300595 0
    outer loop
      vertex 110.771 -79.8109 12
      vertex 110.653 -80.1853 16
      vertex 110.653 -80.1853 12
    endloop
  endfacet
  facet normal 0.382337 0.924023 -0
    outer loop
      vertex 113.461 -85.5786 12
      vertex 113.098 -85.4284 16
      vertex 113.461 -85.5786 16
    endloop
  endfacet
  facet normal 0.382337 0.924023 0
    outer loop
      vertex 113.098 -85.4284 16
      vertex 113.461 -85.5786 12
      vertex 113.098 -85.4284 12
    endloop
  endfacet
  facet normal 0 0 1
    outer loop
      vertex 119.483 -80.9578 12
      vertex 117.241 -81.1539 12
      vertex 117.25 -81.35 12
    endloop
  endfacet
  facet normal 0 0 1
    outer loop
      vertex 117.581 -77.6638 12
      vertex 117.216 -80.9593 12
      vertex 117.241 -81.1539 12
    endloop
  endfacet
  facet normal 0 0 1
    outer loop
      vertex 117.581 -77.6638 12
      vertex 117.173 -80.7677 12
      vertex 117.216 -80.9593 12
    endloop
  endfacet
  facet normal 0 0 1
    outer loop
      vertex 117.581 -77.6638 12
      vertex 117.114 -80.5805 12
      vertex 117.173 -80.7677 12
    endloop
  endfacet
  facet normal 0 0 1
    outer loop
      vertex 117.581 -77.6638 12
      vertex 117.039 -80.3991 12
      vertex 117.114 -80.5805 12
    endloop
  endfacet
  facet normal 0 0 1
    outer loop
      vertex 117.581 -77.6638 12
      vertex 116.949 -80.225 12
      vertex 117.039 -80.3991 12
    endloop
  endfacet
  facet normal 0 0 1
    outer loop
      vertex 116.125 -79.4014 12
      vertex 117.25 -77.4529 12
      vertex 116.902 -77.2716 12
    endloop
  endfacet
  facet normal 0 0 1
    outer loop
      vertex 117.581 -77.6638 12
      vertex 116.843 -80.0595 12
      vertex 116.949 -80.225 12
    endloop
  endfacet
  facet normal 0 0 1
    outer loop
      vertex 117.581 -77.6638 12
      vertex 116.724 -79.9037 12
      vertex 116.843 -80.0595 12
    endloop
  endfacet
  facet normal 0 0 1
    outer loop
      vertex 117.581 -77.6638 12
      vertex 116.591 -79.759 12
      vertex 116.724 -79.9037 12
    endloop
  endfacet
  facet normal 0 0 1
    outer loop
      vertex 115.951 -79.3108 12
      vertex 116.902 -77.2716 12
      vertex 116.539 -77.1214 12
    endloop
  endfacet
  facet normal 0 0 1
    outer loop
      vertex 117.581 -77.6638 12
      vertex 116.446 -79.6264 12
      vertex 116.591 -79.759 12
    endloop
  endfacet
  facet normal 0 0 1
    outer loop
      vertex 117.581 -77.6638 12
      vertex 116.291 -79.5069 12
      vertex 116.446 -79.6264 12
    endloop
  endfacet
  facet normal 0 0 1
    outer loop
      vertex 115.77 -79.2357 12
      vertex 116.539 -77.1214 12
      vertex 116.165 -77.0033 12
    endloop
  endfacet
  facet normal 0 0 1
    outer loop
      vertex 117.25 -77.4529 12
      vertex 116.125 -79.4014 12
      vertex 116.291 -79.5069 12
    endloop
  endfacet
  facet normal 0 0 1
    outer loop
      vertex 116.902 -77.2716 12
      vertex 115.951 -79.3108 12
      vertex 116.125 -79.4014 12
    endloop
  endfacet
  facet normal 0 0 1
    outer loop
      vertex 115.582 -79.1767 12
      vertex 116.165 -77.0033 12
      vertex 115.781 -76.9184 12
    endloop
  endfacet
  facet normal 0 0 1
    outer loop
      vertex 116.539 -77.1214 12
      vertex 115.77 -79.2357 12
      vertex 115.951 -79.3108 12
    endloop
  endfacet
  facet normal 0 0 1
    outer loop
      vertex 116.165 -77.0033 12
      vertex 115.582 -79.1767 12
      vertex 115.77 -79.2357 12
    endloop
  endfacet
  facet normal 0 0 1
    outer loop
      vertex 115.391 -79.1342 12
      vertex 115.781 -76.9184 12
      vertex 115.392 -76.8671 12
    endloop
  endfacet
  facet normal 0 0 1
    outer loop
      vertex 115.781 -76.9184 12
      vertex 115.391 -79.1342 12
      vertex 115.582 -79.1767 12
    endloop
  endfacet
  facet normal 0 0 1
    outer loop
      vertex 115.392 -76.8671 12
      vertex 115.196 -79.1086 12
      vertex 115.391 -79.1342 12
    endloop
  endfacet
  facet normal 0 0 1
    outer loop
      vertex 115 -76.85 12
      vertex 115.196 -79.1086 12
      vertex 115.392 -76.8671 12
    endloop
  endfacet
  facet normal 0 0 1
    outer loop
      vertex 115 -76.85 12
      vertex 115 -79.1 12
      vertex 115.196 -79.1086 12
    endloop
  endfacet
  facet normal 0 0 1
    outer loop
      vertex 115 -76.85 12
      vertex 114.804 -79.1086 12
      vertex 115 -79.1 12
    endloop
  endfacet
  facet normal -0 0 1
    outer loop
      vertex 114.608 -76.8671 12
      vertex 114.804 -79.1086 12
      vertex 115 -76.85 12
    endloop
  endfacet
  facet normal 0 0 1
    outer loop
      vertex 114.804 -79.1086 12
      vertex 114.608 -76.8671 12
      vertex 114.609 -79.1342 12
    endloop
  endfacet
  facet normal -0 0 1
    outer loop
      vertex 114.219 -76.9184 12
      vertex 114.609 -79.1342 12
      vertex 114.608 -76.8671 12
    endloop
  endfacet
  facet normal 0 0 1
    outer loop
      vertex 114.609 -79.1342 12
      vertex 114.219 -76.9184 12
      vertex 114.418 -79.1767 12
    endloop
  endfacet
  facet normal -0 0 1
    outer loop
      vertex 113.835 -77.0033 12
      vertex 114.418 -79.1767 12
      vertex 114.219 -76.9184 12
    endloop
  endfacet
  facet normal 0 0 1
    outer loop
      vertex 114.418 -79.1767 12
      vertex 113.835 -77.0033 12
      vertex 114.23 -79.2357 12
    endloop
  endfacet
  facet normal -0 0 1
    outer loop
      vertex 113.461 -77.1214 12
      vertex 114.23 -79.2357 12
      vertex 113.835 -77.0033 12
    endloop
  endfacet
  facet normal 0 0 1
    outer loop
      vertex 114.23 -79.2357 12
      vertex 113.461 -77.1214 12
      vertex 114.049 -79.3108 12
    endloop
  endfacet
  facet normal -0 0 1
    outer loop
      vertex 113.098 -77.2716 12
      vertex 114.049 -79.3108 12
      vertex 113.461 -77.1214 12
    endloop
  endfacet
  facet normal 0 0 1
    outer loop
      vertex 114.049 -79.3108 12
      vertex 113.098 -77.2716 12
      vertex 113.875 -79.4014 12
    endloop
  endfacet
  facet normal -0 0 1
    outer loop
      vertex 112.75 -77.4529 12
      vertex 113.875 -79.4014 12
      vertex 113.098 -77.2716 12
    endloop
  endfacet
  facet normal 0 0 1
    outer loop
      vertex 113.875 -79.4014 12
      vertex 112.75 -77.4529 12
      vertex 113.709 -79.5069 12
    endloop
  endfacet
  facet normal -0 0 1
    outer loop
      vertex 112.419 -77.6638 12
      vertex 113.709 -79.5069 12
      vertex 112.75 -77.4529 12
    endloop
  endfacet
  facet normal 0 0 1
    outer loop
      vertex 113.709 -79.5069 12
      vertex 112.419 -77.6638 12
      vertex 113.554 -79.6264 12
    endloop
  endfacet
  facet normal -0 0 1
    outer loop
      vertex 112.107 -77.9028 12
      vertex 113.554 -79.6264 12
      vertex 112.419 -77.6638 12
    endloop
  endfacet
  facet normal 0 0 1
    outer loop
      vertex 113.554 -79.6264 12
      vertex 112.107 -77.9028 12
      vertex 113.409 -79.759 12
    endloop
  endfacet
  facet normal -0 0 1
    outer loop
      vertex 111.818 -78.168 12
      vertex 113.409 -79.759 12
      vertex 112.107 -77.9028 12
    endloop
  endfacet
  facet normal 0 0 1
    outer loop
      vertex 113.409 -79.759 12
      vertex 111.818 -78.168 12
      vertex 113.276 -79.9037 12
    endloop
  endfacet
  facet normal -0 0 1
    outer loop
      vertex 111.553 -78.4575 12
      vertex 113.276 -79.9037 12
      vertex 111.818 -78.168 12
    endloop
  endfacet
  facet normal 0 0 1
    outer loop
      vertex 113.276 -79.9037 12
      vertex 111.553 -78.4575 12
      vertex 113.157 -80.0595 12
    endloop
  endfacet
  facet normal -0 0 1
    outer loop
      vertex 111.314 -78.7689 12
      vertex 113.157 -80.0595 12
      vertex 111.553 -78.4575 12
    endloop
  endfacet
  facet normal 0 0 1
    outer loop
      vertex 113.157 -80.0595 12
      vertex 111.314 -78.7689 12
      vertex 113.051 -80.225 12
    endloop
  endfacet
  facet normal -0 0 1
    outer loop
      vertex 111.103 -79.1 12
      vertex 113.051 -80.225 12
      vertex 111.314 -78.7689 12
    endloop
  endfacet
  facet normal 0 0 1
    outer loop
      vertex 113.051 -80.225 12
      vertex 111.103 -79.1 12
      vertex 112.961 -80.3991 12
    endloop
  endfacet
  facet normal -0 0 1
    outer loop
      vertex 110.922 -79.4482 12
      vertex 112.961 -80.3991 12
      vertex 111.103 -79.1 12
    endloop
  endfacet
  facet normal 0 0 1
    outer loop
      vertex 112.75 -81.35 12
      vertex 112.419 -85.0362 12
      vertex 112.75 -85.2471 12
    endloop
  endfacet
  facet normal 0 0 1
    outer loop
      vertex 112.961 -80.3991 12
      vertex 110.922 -79.4482 12
      vertex 112.886 -80.5805 12
    endloop
  endfacet
  facet normal 0 0 1
    outer loop
      vertex 112.75 -81.35 12
      vertex 112.107 -84.7972 12
      vertex 112.419 -85.0362 12
    endloop
  endfacet
  facet normal -0 0 1
    outer loop
      vertex 110.771 -79.8109 12
      vertex 112.886 -80.5805 12
      vertex 110.922 -79.4482 12
    endloop
  endfacet
  facet normal 0 0 1
    outer loop
      vertex 112.75 -81.35 12
      vertex 111.818 -84.532 12
      vertex 112.107 -84.7972 12
    endloop
  endfacet
  facet normal 0 0 1
    outer loop
      vertex 112.886 -80.5805 12
      vertex 110.771 -79.8109 12
      vertex 112.827 -80.7677 12
    endloop
  endfacet
  facet normal 0 0 1
    outer loop
      vertex 112.75 -81.35 12
      vertex 111.553 -84.2425 12
      vertex 111.818 -84.532 12
    endloop
  endfacet
  facet normal -0 0 1
    outer loop
      vertex 110.653 -80.1853 12
      vertex 112.827 -80.7677 12
      vertex 110.771 -79.8109 12
    endloop
  endfacet
  facet normal 0 0 1
    outer loop
      vertex 112.75 -81.35 12
      vertex 111.314 -83.9311 12
      vertex 111.553 -84.2425 12
    endloop
  endfacet
  facet normal 0 0 1
    outer loop
      vertex 112.827 -80.7677 12
      vertex 110.653 -80.1853 12
      vertex 112.784 -80.9593 12
    endloop
  endfacet
  facet normal 0 0 1
    outer loop
      vertex 112.75 -81.35 12
      vertex 111.103 -83.6 12
      vertex 111.314 -83.9311 12
    endloop
  endfacet
  facet normal -0 0 1
    outer loop
      vertex 110.568 -80.5686 12
      vertex 112.784 -80.9593 12
      vertex 110.653 -80.1853 12
    endloop
  endfacet
  facet normal 0 0 1
    outer loop
      vertex 112.75 -81.35 12
      vertex 110.922 -83.2518 12
      vertex 111.103 -83.6 12
    endloop
  endfacet
  facet normal 0 0 1
    outer loop
      vertex 112.784 -80.9593 12
      vertex 110.568 -80.5686 12
      vertex 112.759 -81.1539 12
    endloop
  endfacet
  facet normal 0 0 1
    outer loop
      vertex 112.75 -81.35 12
      vertex 110.771 -82.8891 12
      vertex 110.922 -83.2518 12
    endloop
  endfacet
  facet normal -0 0 1
    outer loop
      vertex 110.517 -80.9578 12
      vertex 112.759 -81.1539 12
      vertex 110.568 -80.5686 12
    endloop
  endfacet
  facet normal 0 0 1
    outer loop
      vertex 112.75 -81.35 12
      vertex 110.653 -82.5147 12
      vertex 110.771 -82.8891 12
    endloop
  endfacet
  facet normal 0 0 1
    outer loop
      vertex 112.759 -81.1539 12
      vertex 110.517 -80.9578 12
      vertex 112.75 -81.35 12
    endloop
  endfacet
  facet normal 0 0 1
    outer loop
      vertex 112.75 -81.35 12
      vertex 110.568 -82.1314 12
      vertex 110.653 -82.5147 12
    endloop
  endfacet
  facet normal 0 0 1
    outer loop
      vertex 110.5 -81.35 12
      vertex 112.75 -81.35 12
      vertex 110.517 -80.9578 12
    endloop
  endfacet
  facet normal 0 0 1
    outer loop
      vertex 112.75 -81.35 12
      vertex 110.517 -81.7422 12
      vertex 110.568 -82.1314 12
    endloop
  endfacet
  facet normal 0 0 1
    outer loop
      vertex 112.75 -81.35 12
      vertex 110.5 -81.35 12
      vertex 110.517 -81.7422 12
    endloop
  endfacet
  facet normal 0 0 1
    outer loop
      vertex 117.25 -81.35 12
      vertex 119.5 -81.35 12
      vertex 119.483 -80.9578 12
    endloop
  endfacet
  facet normal 0 0 1
    outer loop
      vertex 117.241 -81.1539 12
      vertex 119.483 -80.9578 12
      vertex 119.432 -80.5686 12
    endloop
  endfacet
  facet normal 0 0 1
    outer loop
      vertex 119.5 -81.35 12
      vertex 117.25 -81.35 12
      vertex 119.483 -81.7422 12
    endloop
  endfacet
  facet normal 0 0 1
    outer loop
      vertex 117.241 -81.1539 12
      vertex 119.432 -80.5686 12
      vertex 119.347 -80.1853 12
    endloop
  endfacet
  facet normal -0 0 1
    outer loop
      vertex 117.241 -81.5461 12
      vertex 119.483 -81.7422 12
      vertex 117.25 -81.35 12
    endloop
  endfacet
  facet normal 0 0 1
    outer loop
      vertex 117.241 -81.1539 12
      vertex 119.347 -80.1853 12
      vertex 119.229 -79.8109 12
    endloop
  endfacet
  facet normal 0 0 1
    outer loop
      vertex 119.483 -81.7422 12
      vertex 117.241 -81.5461 12
      vertex 119.432 -82.1314 12
    endloop
  endfacet
  facet normal 0 0 1
    outer loop
      vertex 117.241 -81.1539 12
      vertex 119.229 -79.8109 12
      vertex 119.078 -79.4482 12
    endloop
  endfacet
  facet normal -0 0 1
    outer loop
      vertex 117.216 -81.7407 12
      vertex 119.432 -82.1314 12
      vertex 117.241 -81.5461 12
    endloop
  endfacet
  facet normal 0 0 1
    outer loop
      vertex 117.241 -81.1539 12
      vertex 119.078 -79.4482 12
      vertex 118.897 -79.1 12
    endloop
  endfacet
  facet normal 0 0 1
    outer loop
      vertex 119.432 -82.1314 12
      vertex 117.216 -81.7407 12
      vertex 119.347 -82.5147 12
    endloop
  endfacet
  facet normal 0 0 1
    outer loop
      vertex 117.241 -81.1539 12
      vertex 118.897 -79.1 12
      vertex 118.686 -78.7689 12
    endloop
  endfacet
  facet normal -0 0 1
    outer loop
      vertex 117.173 -81.9323 12
      vertex 119.347 -82.5147 12
      vertex 117.216 -81.7407 12
    endloop
  endfacet
  facet normal 0 0 1
    outer loop
      vertex 117.241 -81.1539 12
      vertex 118.686 -78.7689 12
      vertex 118.447 -78.4575 12
    endloop
  endfacet
  facet normal 0 0 1
    outer loop
      vertex 119.347 -82.5147 12
      vertex 117.173 -81.9323 12
      vertex 119.229 -82.8891 12
    endloop
  endfacet
  facet normal 0 0 1
    outer loop
      vertex 117.241 -81.1539 12
      vertex 118.447 -78.4575 12
      vertex 118.182 -78.168 12
    endloop
  endfacet
  facet normal -0 0 1
    outer loop
      vertex 117.114 -82.1195 12
      vertex 119.229 -82.8891 12
      vertex 117.173 -81.9323 12
    endloop
  endfacet
  facet normal 0 0 1
    outer loop
      vertex 117.241 -81.1539 12
      vertex 118.182 -78.168 12
      vertex 117.893 -77.9028 12
    endloop
  endfacet
  facet normal 0 0 1
    outer loop
      vertex 119.229 -82.8891 12
      vertex 117.114 -82.1195 12
      vertex 119.078 -83.2518 12
    endloop
  endfacet
  facet normal 0 0 1
    outer loop
      vertex 117.241 -81.1539 12
      vertex 117.893 -77.9028 12
      vertex 117.581 -77.6638 12
    endloop
  endfacet
  facet normal -0 0 1
    outer loop
      vertex 117.039 -82.3009 12
      vertex 119.078 -83.2518 12
      vertex 117.114 -82.1195 12
    endloop
  endfacet
  facet normal 0 0 1
    outer loop
      vertex 116.291 -79.5069 12
      vertex 117.581 -77.6638 12
      vertex 117.25 -77.4529 12
    endloop
  endfacet
  facet normal 0 0 1
    outer loop
      vertex 119.078 -83.2518 12
      vertex 117.039 -82.3009 12
      vertex 118.897 -83.6 12
    endloop
  endfacet
  facet normal -0 0 1
    outer loop
      vertex 116.949 -82.475 12
      vertex 118.897 -83.6 12
      vertex 117.039 -82.3009 12
    endloop
  endfacet
  facet normal 0 0 1
    outer loop
      vertex 118.897 -83.6 12
      vertex 116.949 -82.475 12
      vertex 118.686 -83.9311 12
    endloop
  endfacet
  facet normal -0 0 1
    outer loop
      vertex 116.843 -82.6405 12
      vertex 118.686 -83.9311 12
      vertex 116.949 -82.475 12
    endloop
  endfacet
  facet normal 0 0 1
    outer loop
      vertex 118.686 -83.9311 12
      vertex 116.843 -82.6405 12
      vertex 118.447 -84.2425 12
    endloop
  endfacet
  facet normal -0 0 1
    outer loop
      vertex 116.724 -82.7963 12
      vertex 118.447 -84.2425 12
      vertex 116.843 -82.6405 12
    endloop
  endfacet
  facet normal 0 0 1
    outer loop
      vertex 118.447 -84.2425 12
      vertex 116.724 -82.7963 12
      vertex 118.182 -84.532 12
    endloop
  endfacet
  facet normal -0 0 1
    outer loop
      vertex 116.591 -82.941 12
      vertex 118.182 -84.532 12
      vertex 116.724 -82.7963 12
    endloop
  endfacet
  facet normal 0 0 1
    outer loop
      vertex 118.182 -84.532 12
      vertex 116.591 -82.941 12
      vertex 117.893 -84.7972 12
    endloop
  endfacet
  facet normal -0 0 1
    outer loop
      vertex 116.446 -83.0736 12
      vertex 117.893 -84.7972 12
      vertex 116.591 -82.941 12
    endloop
  endfacet
  facet normal 0 0 1
    outer loop
      vertex 117.893 -84.7972 12
      vertex 116.446 -83.0736 12
      vertex 117.581 -85.0362 12
    endloop
  endfacet
  facet normal -0 0 1
    outer loop
      vertex 116.291 -83.1931 12
      vertex 117.581 -85.0362 12
      vertex 116.446 -83.0736 12
    endloop
  endfacet
  facet normal 0 0 1
    outer loop
      vertex 117.581 -85.0362 12
      vertex 116.291 -83.1931 12
      vertex 117.25 -85.2471 12
    endloop
  endfacet
  facet normal -0 0 1
    outer loop
      vertex 116.125 -83.2986 12
      vertex 117.25 -85.2471 12
      vertex 116.291 -83.1931 12
    endloop
  endfacet
  facet normal 0 0 1
    outer loop
      vertex 117.25 -85.2471 12
      vertex 116.125 -83.2986 12
      vertex 116.902 -85.4284 12
    endloop
  endfacet
  facet normal -0 0 1
    outer loop
      vertex 115.951 -83.3892 12
      vertex 116.902 -85.4284 12
      vertex 116.125 -83.2986 12
    endloop
  endfacet
  facet normal 0 0 1
    outer loop
      vertex 116.902 -85.4284 12
      vertex 115.951 -83.3892 12
      vertex 116.539 -85.5786 12
    endloop
  endfacet
  facet normal -0 0 1
    outer loop
      vertex 115.77 -83.4643 12
      vertex 116.539 -85.5786 12
      vertex 115.951 -83.3892 12
    endloop
  endfacet
  facet normal 0 0 1
    outer loop
      vertex 116.539 -85.5786 12
      vertex 115.77 -83.4643 12
      vertex 116.165 -85.6967 12
    endloop
  endfacet
  facet normal -0 0 1
    outer loop
      vertex 115.582 -83.5233 12
      vertex 116.165 -85.6967 12
      vertex 115.77 -83.4643 12
    endloop
  endfacet
  facet normal 0 0 1
    outer loop
      vertex 116.165 -85.6967 12
      vertex 115.582 -83.5233 12
      vertex 115.781 -85.7816 12
    endloop
  endfacet
  facet normal -0 0 1
    outer loop
      vertex 115.391 -83.5658 12
      vertex 115.781 -85.7816 12
      vertex 115.582 -83.5233 12
    endloop
  endfacet
  facet normal 0 0 1
    outer loop
      vertex 115.781 -85.7816 12
      vertex 115.391 -83.5658 12
      vertex 115.392 -85.8329 12
    endloop
  endfacet
  facet normal -0 0 1
    outer loop
      vertex 115.196 -83.5914 12
      vertex 115.392 -85.8329 12
      vertex 115.391 -83.5658 12
    endloop
  endfacet
  facet normal -0 0 1
    outer loop
      vertex 115 -83.6 12
      vertex 115.392 -85.8329 12
      vertex 115.196 -83.5914 12
    endloop
  endfacet
  facet normal 0 0 1
    outer loop
      vertex 115 -83.6 12
      vertex 115 -85.85 12
      vertex 115.392 -85.8329 12
    endloop
  endfacet
  facet normal 0 0 1
    outer loop
      vertex 114.804 -83.5914 12
      vertex 115 -85.85 12
      vertex 115 -83.6 12
    endloop
  endfacet
  facet normal 0 0 1
    outer loop
      vertex 114.608 -85.8329 12
      vertex 114.804 -83.5914 12
      vertex 114.609 -83.5658 12
    endloop
  endfacet
  facet normal 0 0 1
    outer loop
      vertex 114.804 -83.5914 12
      vertex 114.608 -85.8329 12
      vertex 115 -85.85 12
    endloop
  endfacet
  facet normal 0 0 1
    outer loop
      vertex 114.219 -85.7816 12
      vertex 114.609 -83.5658 12
      vertex 114.418 -83.5233 12
    endloop
  endfacet
  facet normal 0 0 1
    outer loop
      vertex 113.835 -85.6967 12
      vertex 114.418 -83.5233 12
      vertex 114.23 -83.4643 12
    endloop
  endfacet
  facet normal 0 0 1
    outer loop
      vertex 114.609 -83.5658 12
      vertex 114.219 -85.7816 12
      vertex 114.608 -85.8329 12
    endloop
  endfacet
  facet normal 0 0 1
    outer loop
      vertex 113.461 -85.5786 12
      vertex 114.23 -83.4643 12
      vertex 114.049 -83.3892 12
    endloop
  endfacet
  facet normal 0 0 1
    outer loop
      vertex 113.098 -85.4284 12
      vertex 114.049 -83.3892 12
      vertex 113.875 -83.2986 12
    endloop
  endfacet
  facet normal 0 0 1
    outer loop
      vertex 114.418 -83.5233 12
      vertex 113.835 -85.6967 12
      vertex 114.219 -85.7816 12
    endloop
  endfacet
  facet normal 0 0 1
    outer loop
      vertex 112.75 -85.2471 12
      vertex 113.875 -83.2986 12
      vertex 113.709 -83.1931 12
    endloop
  endfacet
  facet normal 0 0 1
    outer loop
      vertex 112.75 -85.2471 12
      vertex 113.709 -83.1931 12
      vertex 113.554 -83.0736 12
    endloop
  endfacet
  facet normal 0 0 1
    outer loop
      vertex 114.23 -83.4643 12
      vertex 113.461 -85.5786 12
      vertex 113.835 -85.6967 12
    endloop
  endfacet
  facet normal 0 0 1
    outer loop
      vertex 112.75 -85.2471 12
      vertex 113.554 -83.0736 12
      vertex 113.409 -82.941 12
    endloop
  endfacet
  facet normal 0 0 1
    outer loop
      vertex 112.75 -85.2471 12
      vertex 113.409 -82.941 12
      vertex 113.276 -82.7963 12
    endloop
  endfacet
  facet normal 0 0 1
    outer loop
      vertex 112.75 -85.2471 12
      vertex 113.276 -82.7963 12
      vertex 113.157 -82.6405 12
    endloop
  endfacet
  facet normal 0 0 1
    outer loop
      vertex 114.049 -83.3892 12
      vertex 113.098 -85.4284 12
      vertex 113.461 -85.5786 12
    endloop
  endfacet
  facet normal 0 0 1
    outer loop
      vertex 112.75 -85.2471 12
      vertex 113.157 -82.6405 12
      vertex 113.051 -82.475 12
    endloop
  endfacet
  facet normal 0 0 1
    outer loop
      vertex 112.75 -85.2471 12
      vertex 113.051 -82.475 12
      vertex 112.961 -82.3009 12
    endloop
  endfacet
  facet normal 0 0 1
    outer loop
      vertex 112.75 -85.2471 12
      vertex 112.961 -82.3009 12
      vertex 112.886 -82.1195 12
    endloop
  endfacet
  facet normal 0 0 1
    outer loop
      vertex 112.75 -85.2471 12
      vertex 112.886 -82.1195 12
      vertex 112.827 -81.9323 12
    endloop
  endfacet
  facet normal 0 0 1
    outer loop
      vertex 112.75 -85.2471 12
      vertex 112.827 -81.9323 12
      vertex 112.784 -81.7407 12
    endloop
  endfacet
  facet normal 0 0 1
    outer loop
      vertex 112.75 -85.2471 12
      vertex 112.784 -81.7407 12
      vertex 112.759 -81.5461 12
    endloop
  endfacet
  facet normal 0 0 1
    outer loop
      vertex 113.875 -83.2986 12
      vertex 112.75 -85.2471 12
      vertex 113.098 -85.4284 12
    endloop
  endfacet
  facet normal 0 0 1
    outer loop
      vertex 112.75 -85.2471 12
      vertex 112.759 -81.5461 12
      vertex 112.75 -81.35 12
    endloop
  endfacet
  facet normal 0.887284 -0.461224 0
    outer loop
      vertex 110.922 -79.4482 16
      vertex 111.103 -79.1 12
      vertex 111.103 -79.1 16
    endloop
  endfacet
  facet normal 0.887284 -0.461224 0
    outer loop
      vertex 111.103 -79.1 12
      vertex 110.922 -79.4482 16
      vertex 110.922 -79.4482 12
    endloop
  endfacet
  facet normal -0.991849 -0.127421 0
    outer loop
      vertex 117.241 81.5461 2.19
      vertex 117.216 81.7407 12
      vertex 117.216 81.7407 2.19
    endloop
  endfacet
  facet normal -0.991849 -0.127421 0
    outer loop
      vertex 117.216 81.7407 12
      vertex 117.241 81.5461 2.19
      vertex 117.241 81.5461 12
    endloop
  endfacet
  facet normal -0.998948 -0.0458467 0
    outer loop
      vertex 117.25 81.35 2.19
      vertex 117.241 81.5461 12
      vertex 117.241 81.5461 2.19
    endloop
  endfacet
  facet normal -0.998948 -0.0458467 0
    outer loop
      vertex 117.241 81.5461 12
      vertex 117.25 81.35 2.19
      vertex 117.25 81.35 12
    endloop
  endfacet
  facet normal -0.97573 -0.218979 0
    outer loop
      vertex 117.216 81.7407 2.19
      vertex 117.173 81.9323 12
      vertex 117.173 81.9323 2.19
    endloop
  endfacet
  facet normal -0.97573 -0.218979 0
    outer loop
      vertex 117.173 81.9323 12
      vertex 117.216 81.7407 2.19
      vertex 117.216 81.7407 12
    endloop
  endfacet
  facet normal 0.888325 0.459215 0
    outer loop
      vertex 113.051 80.225 12
      vertex 112.961 80.3991 2.19
      vertex 112.961 80.3991 12
    endloop
  endfacet
  facet normal 0.888325 0.459215 0
    outer loop
      vertex 112.961 80.3991 2.19
      vertex 113.051 80.225 12
      vertex 113.051 80.225 2.19
    endloop
  endfacet
  facet normal -0.0438354 0.999039 0
    outer loop
      vertex 115.196 79.1086 2.19
      vertex 115 79.1 12
      vertex 115.196 79.1086 12
    endloop
  endfacet
  facet normal -0.0438354 0.999039 0
    outer loop
      vertex 115 79.1 12
      vertex 115.196 79.1086 2.19
      vertex 115 79.1 2.19
    endloop
  endfacet
  facet normal 0.0438354 0.999039 -0
    outer loop
      vertex 115 79.1 2.19
      vertex 114.804 79.1086 12
      vertex 115 79.1 12
    endloop
  endfacet
  facet normal 0.0438354 0.999039 0
    outer loop
      vertex 114.804 79.1086 12
      vertex 115 79.1 2.19
      vertex 114.804 79.1086 2.19
    endloop
  endfacet
  facet normal 0.736245 0.676715 0
    outer loop
      vertex 113.409 79.759 12
      vertex 113.276 79.9037 2.19
      vertex 113.276 79.9037 12
    endloop
  endfacet
  facet normal 0.736245 0.676715 0
    outer loop
      vertex 113.276 79.9037 2.19
      vertex 113.409 79.759 12
      vertex 113.409 79.759 2.19
    endloop
  endfacet
  facet normal 0.383238 -0.92365 0
    outer loop
      vertex 114.049 83.3892 2.19
      vertex 114.23 83.4643 12
      vertex 114.049 83.3892 12
    endloop
  endfacet
  facet normal 0.383238 -0.92365 0
    outer loop
      vertex 114.23 83.4643 12
      vertex 114.049 83.3892 2.19
      vertex 114.23 83.4643 2.19
    endloop
  endfacet
  facet normal -0.299431 -0.954118 0
    outer loop
      vertex 115.582 83.5233 2.19
      vertex 115.77 83.4643 12
      vertex 115.582 83.5233 12
    endloop
  endfacet
  facet normal -0.299431 -0.954118 -0
    outer loop
      vertex 115.77 83.4643 12
      vertex 115.582 83.5233 2.19
      vertex 115.77 83.4643 2.19
    endloop
  endfacet
  facet normal 0.674848 0.737956 -0
    outer loop
      vertex 113.554 79.6264 2.19
      vertex 113.409 79.759 12
      vertex 113.554 79.6264 12
    endloop
  endfacet
  facet normal 0.674848 0.737956 0
    outer loop
      vertex 113.409 79.759 12
      vertex 113.554 79.6264 2.19
      vertex 113.409 79.759 2.19
    endloop
  endfacet
  facet normal -0.130165 0.991492 0
    outer loop
      vertex 115.391 79.1342 2.19
      vertex 115.196 79.1086 12
      vertex 115.391 79.1342 12
    endloop
  endfacet
  facet normal -0.130165 0.991492 0
    outer loop
      vertex 115.196 79.1086 12
      vertex 115.391 79.1342 2.19
      vertex 115.196 79.1086 2.19
    endloop
  endfacet
  facet normal -0.130165 -0.991492 0
    outer loop
      vertex 115.196 83.5914 2.19
      vertex 115.391 83.5658 12
      vertex 115.196 83.5914 12
    endloop
  endfacet
  facet normal -0.130165 -0.991492 -0
    outer loop
      vertex 115.391 83.5658 12
      vertex 115.196 83.5914 2.19
      vertex 115.391 83.5658 2.19
    endloop
  endfacet
  facet normal -0.536382 -0.843975 0
    outer loop
      vertex 116.125 83.2986 2.19
      vertex 116.291 83.1931 12
      vertex 116.125 83.2986 12
    endloop
  endfacet
  facet normal -0.536382 -0.843975 -0
    outer loop
      vertex 116.291 83.1931 12
      vertex 116.125 83.2986 2.19
      vertex 116.291 83.1931 2.19
    endloop
  endfacet
  facet normal 0.953752 0.300595 0
    outer loop
      vertex 112.886 80.5805 12
      vertex 112.827 80.7677 2.19
      vertex 112.827 80.7677 12
    endloop
  endfacet
  facet normal 0.953752 0.300595 0
    outer loop
      vertex 112.827 80.7677 2.19
      vertex 112.886 80.5805 12
      vertex 112.886 80.5805 2.19
    endloop
  endfacet
  facet normal 0.736245 -0.676715 0
    outer loop
      vertex 113.276 82.7963 12
      vertex 113.409 82.941 2.19
      vertex 113.409 82.941 12
    endloop
  endfacet
  facet normal 0.736245 -0.676715 0
    outer loop
      vertex 113.409 82.941 2.19
      vertex 113.276 82.7963 12
      vertex 113.276 82.7963 2.19
    endloop
  endfacet
  facet normal -0.610575 -0.791959 0
    outer loop
      vertex 116.291 83.1931 2.19
      vertex 116.446 83.0736 12
      vertex 116.291 83.1931 12
    endloop
  endfacet
  facet normal -0.610575 -0.791959 -0
    outer loop
      vertex 116.446 83.0736 12
      vertex 116.291 83.1931 2.19
      vertex 116.446 83.0736 2.19
    endloop
  endfacet
  facet normal 0.130165 0.991492 -0
    outer loop
      vertex 114.804 79.1086 2.19
      vertex 114.609 79.1342 12
      vertex 114.804 79.1086 12
    endloop
  endfacet
  facet normal 0.130165 0.991492 0
    outer loop
      vertex 114.609 79.1342 12
      vertex 114.804 79.1086 2.19
      vertex 114.609 79.1342 2.19
    endloop
  endfacet
  facet normal -0.299431 0.954118 0
    outer loop
      vertex 115.77 79.2357 2.19
      vertex 115.582 79.1767 12
      vertex 115.77 79.2357 12
    endloop
  endfacet
  facet normal -0.299431 0.954118 0
    outer loop
      vertex 115.582 79.1767 12
      vertex 115.77 79.2357 2.19
      vertex 115.582 79.1767 2.19
    endloop
  endfacet
  facet normal -0.991849 0.127421 0
    outer loop
      vertex 117.216 80.9593 2.19
      vertex 117.241 81.1539 12
      vertex 117.241 81.1539 2.19
    endloop
  endfacet
  facet normal -0.991849 0.127421 0
    outer loop
      vertex 117.241 81.1539 12
      vertex 117.216 80.9593 2.19
      vertex 117.216 80.9593 12
    endloop
  endfacet
  facet normal 0.888325 -0.459215 0
    outer loop
      vertex 112.961 82.3009 12
      vertex 113.051 82.475 2.19
      vertex 113.051 82.475 12
    endloop
  endfacet
  facet normal 0.888325 -0.459215 0
    outer loop
      vertex 113.051 82.475 2.19
      vertex 112.961 82.3009 12
      vertex 112.961 82.3009 2.19
    endloop
  endfacet
  facet normal -0.842087 -0.539342 0
    outer loop
      vertex 116.949 82.475 2.19
      vertex 116.843 82.6405 12
      vertex 116.843 82.6405 2.19
    endloop
  endfacet
  facet normal -0.842087 -0.539342 0
    outer loop
      vertex 116.843 82.6405 12
      vertex 116.949 82.475 2.19
      vertex 116.949 82.475 12
    endloop
  endfacet
  facet normal 0.674848 -0.737956 0
    outer loop
      vertex 113.409 82.941 2.19
      vertex 113.554 83.0736 12
      vertex 113.409 82.941 12
    endloop
  endfacet
  facet normal 0.674848 -0.737956 0
    outer loop
      vertex 113.554 83.0736 12
      vertex 113.409 82.941 2.19
      vertex 113.554 83.0736 2.19
    endloop
  endfacet
  facet normal -0.998948 0.0458467 0
    outer loop
      vertex 117.241 81.1539 2.19
      vertex 117.25 81.35 12
      vertex 117.25 81.35 2.19
    endloop
  endfacet
  facet normal -0.998948 0.0458467 0
    outer loop
      vertex 117.25 81.35 12
      vertex 117.241 81.1539 2.19
      vertex 117.241 81.1539 12
    endloop
  endfacet
  facet normal 0.610575 -0.791959 0
    outer loop
      vertex 113.554 83.0736 2.19
      vertex 113.709 83.1931 12
      vertex 113.554 83.0736 12
    endloop
  endfacet
  facet normal 0.610575 -0.791959 0
    outer loop
      vertex 113.709 83.1931 12
      vertex 113.554 83.0736 2.19
      vertex 113.709 83.1931 2.19
    endloop
  endfacet
  facet normal 0.991849 -0.127421 0
    outer loop
      vertex 112.759 81.5461 12
      vertex 112.784 81.7407 2.19
      vertex 112.784 81.7407 12
    endloop
  endfacet
  facet normal 0.991849 -0.127421 0
    outer loop
      vertex 112.784 81.7407 2.19
      vertex 112.759 81.5461 12
      vertex 112.759 81.5461 2.19
    endloop
  endfacet
  facet normal -0.794705 -0.606996 0
    outer loop
      vertex 116.843 82.6405 2.19
      vertex 116.724 82.7963 12
      vertex 116.724 82.7963 2.19
    endloop
  endfacet
  facet normal -0.794705 -0.606996 0
    outer loop
      vertex 116.724 82.7963 12
      vertex 116.843 82.6405 2.19
      vertex 116.843 82.6405 12
    endloop
  endfacet
  facet normal 0.299431 0.954118 -0
    outer loop
      vertex 114.418 79.1767 2.19
      vertex 114.23 79.2357 12
      vertex 114.418 79.1767 12
    endloop
  endfacet
  facet normal 0.299431 0.954118 0
    outer loop
      vertex 114.23 79.2357 12
      vertex 114.418 79.1767 2.19
      vertex 114.23 79.2357 2.19
    endloop
  endfacet
  facet normal 0.794705 0.606996 0
    outer loop
      vertex 113.276 79.9037 12
      vertex 113.157 80.0595 2.19
      vertex 113.157 80.0595 12
    endloop
  endfacet
  facet normal 0.794705 0.606996 0
    outer loop
      vertex 113.157 80.0595 2.19
      vertex 113.276 79.9037 12
      vertex 113.276 79.9037 2.19
    endloop
  endfacet
  facet normal -0.610575 0.791959 0
    outer loop
      vertex 116.446 79.6264 2.19
      vertex 116.291 79.5069 12
      vertex 116.446 79.6264 12
    endloop
  endfacet
  facet normal -0.610575 0.791959 0
    outer loop
      vertex 116.291 79.5069 12
      vertex 116.446 79.6264 2.19
      vertex 116.291 79.5069 2.19
    endloop
  endfacet
  facet normal 0.536382 -0.843975 0
    outer loop
      vertex 113.709 83.1931 2.19
      vertex 113.875 83.2986 12
      vertex 113.709 83.1931 12
    endloop
  endfacet
  facet normal 0.536382 -0.843975 0
    outer loop
      vertex 113.875 83.2986 12
      vertex 113.709 83.1931 2.19
      vertex 113.875 83.2986 2.19
    endloop
  endfacet
  facet normal 0.794705 -0.606996 0
    outer loop
      vertex 113.157 82.6405 12
      vertex 113.276 82.7963 2.19
      vertex 113.276 82.7963 12
    endloop
  endfacet
  facet normal 0.794705 -0.606996 0
    outer loop
      vertex 113.276 82.7963 2.19
      vertex 113.157 82.6405 12
      vertex 113.157 82.6405 2.19
    endloop
  endfacet
  facet normal 0.217201 0.976127 -0
    outer loop
      vertex 114.609 79.1342 2.19
      vertex 114.418 79.1767 12
      vertex 114.609 79.1342 12
    endloop
  endfacet
  facet normal 0.217201 0.976127 0
    outer loop
      vertex 114.418 79.1767 12
      vertex 114.609 79.1342 2.19
      vertex 114.418 79.1767 2.19
    endloop
  endfacet
  facet normal -0.674848 0.737956 0
    outer loop
      vertex 116.591 79.759 2.19
      vertex 116.446 79.6264 12
      vertex 116.591 79.759 12
    endloop
  endfacet
  facet normal -0.674848 0.737956 0
    outer loop
      vertex 116.446 79.6264 12
      vertex 116.591 79.759 2.19
      vertex 116.446 79.6264 2.19
    endloop
  endfacet
  facet normal -0.953752 -0.300595 0
    outer loop
      vertex 117.173 81.9323 2.19
      vertex 117.114 82.1195 12
      vertex 117.114 82.1195 2.19
    endloop
  endfacet
  facet normal -0.953752 -0.300595 0
    outer loop
      vertex 117.114 82.1195 12
      vertex 117.173 81.9323 2.19
      vertex 117.173 81.9323 12
    endloop
  endfacet
  facet normal 0.0438354 -0.999039 0
    outer loop
      vertex 114.804 83.5914 2.19
      vertex 115 83.6 12
      vertex 114.804 83.5914 12
    endloop
  endfacet
  facet normal 0.0438354 -0.999039 0
    outer loop
      vertex 115 83.6 12
      vertex 114.804 83.5914 2.19
      vertex 115 83.6 2.19
    endloop
  endfacet
  facet normal 0.97573 -0.218979 0
    outer loop
      vertex 112.784 81.7407 12
      vertex 112.827 81.9323 2.19
      vertex 112.827 81.9323 12
    endloop
  endfacet
  facet normal 0.97573 -0.218979 0
    outer loop
      vertex 112.827 81.9323 2.19
      vertex 112.784 81.7407 12
      vertex 112.784 81.7407 2.19
    endloop
  endfacet
  facet normal -0.674848 -0.737956 0
    outer loop
      vertex 116.446 83.0736 2.19
      vertex 116.591 82.941 12
      vertex 116.446 83.0736 12
    endloop
  endfacet
  facet normal -0.674848 -0.737956 -0
    outer loop
      vertex 116.591 82.941 12
      vertex 116.446 83.0736 2.19
      vertex 116.591 82.941 2.19
    endloop
  endfacet
  facet normal -0.461834 0.886966 0
    outer loop
      vertex 116.125 79.4014 2.19
      vertex 115.951 79.3108 12
      vertex 116.125 79.4014 12
    endloop
  endfacet
  facet normal -0.461834 0.886966 0
    outer loop
      vertex 115.951 79.3108 12
      vertex 116.125 79.4014 2.19
      vertex 115.951 79.3108 2.19
    endloop
  endfacet
  facet normal -0.924129 -0.382082 0
    outer loop
      vertex 117.114 82.1195 2.19
      vertex 117.039 82.3009 12
      vertex 117.039 82.3009 2.19
    endloop
  endfacet
  facet normal -0.924129 -0.382082 0
    outer loop
      vertex 117.039 82.3009 12
      vertex 117.114 82.1195 2.19
      vertex 117.114 82.1195 12
    endloop
  endfacet
  facet normal 0.610575 0.791959 -0
    outer loop
      vertex 113.709 79.5069 2.19
      vertex 113.554 79.6264 12
      vertex 113.709 79.5069 12
    endloop
  endfacet
  facet normal 0.610575 0.791959 0
    outer loop
      vertex 113.554 79.6264 12
      vertex 113.709 79.5069 2.19
      vertex 113.554 79.6264 2.19
    endloop
  endfacet
  facet normal -0.97573 0.218979 0
    outer loop
      vertex 117.173 80.7677 2.19
      vertex 117.216 80.9593 12
      vertex 117.216 80.9593 2.19
    endloop
  endfacet
  facet normal -0.97573 0.218979 0
    outer loop
      vertex 117.216 80.9593 12
      vertex 117.173 80.7677 2.19
      vertex 117.173 80.7677 12
    endloop
  endfacet
  facet normal 0.299431 -0.954118 0
    outer loop
      vertex 114.23 83.4643 2.19
      vertex 114.418 83.5233 12
      vertex 114.23 83.4643 12
    endloop
  endfacet
  facet normal 0.299431 -0.954118 0
    outer loop
      vertex 114.418 83.5233 12
      vertex 114.23 83.4643 2.19
      vertex 114.418 83.5233 2.19
    endloop
  endfacet
  facet normal -0.888325 -0.459215 0
    outer loop
      vertex 117.039 82.3009 2.19
      vertex 116.949 82.475 12
      vertex 116.949 82.475 2.19
    endloop
  endfacet
  facet normal -0.888325 -0.459215 0
    outer loop
      vertex 116.949 82.475 12
      vertex 117.039 82.3009 2.19
      vertex 117.039 82.3009 12
    endloop
  endfacet
  facet normal -0.953752 0.300595 0
    outer loop
      vertex 117.114 80.5805 2.19
      vertex 117.173 80.7677 12
      vertex 117.173 80.7677 2.19
    endloop
  endfacet
  facet normal -0.953752 0.300595 0
    outer loop
      vertex 117.173 80.7677 12
      vertex 117.114 80.5805 2.19
      vertex 117.114 80.5805 12
    endloop
  endfacet
  facet normal 0.383238 0.92365 -0
    outer loop
      vertex 114.23 79.2357 2.19
      vertex 114.049 79.3108 12
      vertex 114.23 79.2357 12
    endloop
  endfacet
  facet normal 0.383238 0.92365 0
    outer loop
      vertex 114.049 79.3108 12
      vertex 114.23 79.2357 2.19
      vertex 114.049 79.3108 2.19
    endloop
  endfacet
  facet normal 0.536382 0.843975 -0
    outer loop
      vertex 113.875 79.4014 2.19
      vertex 113.709 79.5069 12
      vertex 113.875 79.4014 12
    endloop
  endfacet
  facet normal 0.536382 0.843975 0
    outer loop
      vertex 113.709 79.5069 12
      vertex 113.875 79.4014 2.19
      vertex 113.709 79.5069 2.19
    endloop
  endfacet
  facet normal -0.383238 -0.92365 0
    outer loop
      vertex 115.77 83.4643 2.19
      vertex 115.951 83.3892 12
      vertex 115.77 83.4643 12
    endloop
  endfacet
  facet normal -0.383238 -0.92365 -0
    outer loop
      vertex 115.951 83.3892 12
      vertex 115.77 83.4643 2.19
      vertex 115.951 83.3892 2.19
    endloop
  endfacet
  facet normal 0.130165 -0.991492 0
    outer loop
      vertex 114.609 83.5658 2.19
      vertex 114.804 83.5914 12
      vertex 114.609 83.5658 12
    endloop
  endfacet
  facet normal 0.130165 -0.991492 0
    outer loop
      vertex 114.804 83.5914 12
      vertex 114.609 83.5658 2.19
      vertex 114.804 83.5914 2.19
    endloop
  endfacet
  facet normal -0.924129 0.382082 0
    outer loop
      vertex 117.039 80.3991 2.19
      vertex 117.114 80.5805 12
      vertex 117.114 80.5805 2.19
    endloop
  endfacet
  facet normal -0.924129 0.382082 0
    outer loop
      vertex 117.114 80.5805 12
      vertex 117.039 80.3991 2.19
      vertex 117.039 80.3991 12
    endloop
  endfacet
  facet normal 0.842087 0.539342 0
    outer loop
      vertex 113.157 80.0595 12
      vertex 113.051 80.225 2.19
      vertex 113.051 80.225 12
    endloop
  endfacet
  facet normal 0.842087 0.539342 0
    outer loop
      vertex 113.051 80.225 2.19
      vertex 113.157 80.0595 12
      vertex 113.157 80.0595 2.19
    endloop
  endfacet
  facet normal 0.217201 -0.976127 0
    outer loop
      vertex 114.418 83.5233 2.19
      vertex 114.609 83.5658 12
      vertex 114.418 83.5233 12
    endloop
  endfacet
  facet normal 0.217201 -0.976127 0
    outer loop
      vertex 114.609 83.5658 12
      vertex 114.418 83.5233 2.19
      vertex 114.609 83.5658 2.19
    endloop
  endfacet
  facet normal -0.842087 0.539342 0
    outer loop
      vertex 116.843 80.0595 2.19
      vertex 116.949 80.225 12
      vertex 116.949 80.225 2.19
    endloop
  endfacet
  facet normal -0.842087 0.539342 0
    outer loop
      vertex 116.949 80.225 12
      vertex 116.843 80.0595 2.19
      vertex 116.843 80.0595 12
    endloop
  endfacet
  facet normal -0.383238 0.92365 0
    outer loop
      vertex 115.951 79.3108 2.19
      vertex 115.77 79.2357 12
      vertex 115.951 79.3108 12
    endloop
  endfacet
  facet normal -0.383238 0.92365 0
    outer loop
      vertex 115.77 79.2357 12
      vertex 115.951 79.3108 2.19
      vertex 115.77 79.2357 2.19
    endloop
  endfacet
  facet normal 0.924129 0.382082 0
    outer loop
      vertex 112.961 80.3991 12
      vertex 112.886 80.5805 2.19
      vertex 112.886 80.5805 12
    endloop
  endfacet
  facet normal 0.924129 0.382082 0
    outer loop
      vertex 112.886 80.5805 2.19
      vertex 112.961 80.3991 12
      vertex 112.961 80.3991 2.19
    endloop
  endfacet
  facet normal 0.991849 0.127421 0
    outer loop
      vertex 112.784 80.9593 12
      vertex 112.759 81.1539 2.19
      vertex 112.759 81.1539 12
    endloop
  endfacet
  facet normal 0.991849 0.127421 0
    outer loop
      vertex 112.759 81.1539 2.19
      vertex 112.784 80.9593 12
      vertex 112.784 80.9593 2.19
    endloop
  endfacet
  facet normal -0.217201 -0.976127 0
    outer loop
      vertex 115.391 83.5658 2.19
      vertex 115.582 83.5233 12
      vertex 115.391 83.5658 12
    endloop
  endfacet
  facet normal -0.217201 -0.976127 -0
    outer loop
      vertex 115.582 83.5233 12
      vertex 115.391 83.5658 2.19
      vertex 115.582 83.5233 2.19
    endloop
  endfacet
  facet normal -0.0438354 -0.999039 0
    outer loop
      vertex 115 83.6 2.19
      vertex 115.196 83.5914 12
      vertex 115 83.6 12
    endloop
  endfacet
  facet normal -0.0438354 -0.999039 -0
    outer loop
      vertex 115.196 83.5914 12
      vertex 115 83.6 2.19
      vertex 115.196 83.5914 2.19
    endloop
  endfacet
  facet normal -0.217201 0.976127 0
    outer loop
      vertex 115.582 79.1767 2.19
      vertex 115.391 79.1342 12
      vertex 115.582 79.1767 12
    endloop
  endfacet
  facet normal -0.217201 0.976127 0
    outer loop
      vertex 115.391 79.1342 12
      vertex 115.582 79.1767 2.19
      vertex 115.391 79.1342 2.19
    endloop
  endfacet
  facet normal 0.842087 -0.539342 0
    outer loop
      vertex 113.051 82.475 12
      vertex 113.157 82.6405 2.19
      vertex 113.157 82.6405 12
    endloop
  endfacet
  facet normal 0.842087 -0.539342 0
    outer loop
      vertex 113.157 82.6405 2.19
      vertex 113.051 82.475 12
      vertex 113.051 82.475 2.19
    endloop
  endfacet
  facet normal -0.536382 0.843975 0
    outer loop
      vertex 116.291 79.5069 2.19
      vertex 116.125 79.4014 12
      vertex 116.291 79.5069 12
    endloop
  endfacet
  facet normal -0.536382 0.843975 0
    outer loop
      vertex 116.125 79.4014 12
      vertex 116.291 79.5069 2.19
      vertex 116.125 79.4014 2.19
    endloop
  endfacet
  facet normal 0.461834 -0.886966 0
    outer loop
      vertex 113.875 83.2986 2.19
      vertex 114.049 83.3892 12
      vertex 113.875 83.2986 12
    endloop
  endfacet
  facet normal 0.461834 -0.886966 0
    outer loop
      vertex 114.049 83.3892 12
      vertex 113.875 83.2986 2.19
      vertex 114.049 83.3892 2.19
    endloop
  endfacet
  facet normal -0.794705 0.606996 0
    outer loop
      vertex 116.724 79.9037 2.19
      vertex 116.843 80.0595 12
      vertex 116.843 80.0595 2.19
    endloop
  endfacet
  facet normal -0.794705 0.606996 0
    outer loop
      vertex 116.843 80.0595 12
      vertex 116.724 79.9037 2.19
      vertex 116.724 79.9037 12
    endloop
  endfacet
  facet normal 0.998948 -0.0458467 0
    outer loop
      vertex 112.75 81.35 12
      vertex 112.759 81.5461 2.19
      vertex 112.759 81.5461 12
    endloop
  endfacet
  facet normal 0.998948 -0.0458467 0
    outer loop
      vertex 112.759 81.5461 2.19
      vertex 112.75 81.35 12
      vertex 112.75 81.35 2.19
    endloop
  endfacet
  facet normal -0.888325 0.459215 0
    outer loop
      vertex 116.949 80.225 2.19
      vertex 117.039 80.3991 12
      vertex 117.039 80.3991 2.19
    endloop
  endfacet
  facet normal -0.888325 0.459215 0
    outer loop
      vertex 117.039 80.3991 12
      vertex 116.949 80.225 2.19
      vertex 116.949 80.225 12
    endloop
  endfacet
  facet normal 0.924129 -0.382082 0
    outer loop
      vertex 112.886 82.1195 12
      vertex 112.961 82.3009 2.19
      vertex 112.961 82.3009 12
    endloop
  endfacet
  facet normal 0.924129 -0.382082 0
    outer loop
      vertex 112.961 82.3009 2.19
      vertex 112.886 82.1195 12
      vertex 112.886 82.1195 2.19
    endloop
  endfacet
  facet normal 0.97573 0.218979 0
    outer loop
      vertex 112.827 80.7677 12
      vertex 112.784 80.9593 2.19
      vertex 112.784 80.9593 12
    endloop
  endfacet
  facet normal 0.97573 0.218979 0
    outer loop
      vertex 112.784 80.9593 2.19
      vertex 112.827 80.7677 12
      vertex 112.827 80.7677 2.19
    endloop
  endfacet
  facet normal 0.998948 0.0458467 0
    outer loop
      vertex 112.759 81.1539 12
      vertex 112.75 81.35 2.19
      vertex 112.75 81.35 12
    endloop
  endfacet
  facet normal 0.998948 0.0458467 0
    outer loop
      vertex 112.75 81.35 2.19
      vertex 112.759 81.1539 12
      vertex 112.759 81.1539 2.19
    endloop
  endfacet
  facet normal 0.953752 -0.300595 0
    outer loop
      vertex 112.827 81.9323 12
      vertex 112.886 82.1195 2.19
      vertex 112.886 82.1195 12
    endloop
  endfacet
  facet normal 0.953752 -0.300595 0
    outer loop
      vertex 112.886 82.1195 2.19
      vertex 112.827 81.9323 12
      vertex 112.827 81.9323 2.19
    endloop
  endfacet
  facet normal -0.736245 0.676715 0
    outer loop
      vertex 116.591 79.759 2.19
      vertex 116.724 79.9037 12
      vertex 116.724 79.9037 2.19
    endloop
  endfacet
  facet normal -0.736245 0.676715 0
    outer loop
      vertex 116.724 79.9037 12
      vertex 116.591 79.759 2.19
      vertex 116.591 79.759 12
    endloop
  endfacet
  facet normal 0.461834 0.886966 -0
    outer loop
      vertex 114.049 79.3108 2.19
      vertex 113.875 79.4014 12
      vertex 114.049 79.3108 12
    endloop
  endfacet
  facet normal 0.461834 0.886966 0
    outer loop
      vertex 113.875 79.4014 12
      vertex 114.049 79.3108 2.19
      vertex 113.875 79.4014 2.19
    endloop
  endfacet
  facet normal -0.461834 -0.886966 0
    outer loop
      vertex 115.951 83.3892 2.19
      vertex 116.125 83.2986 12
      vertex 115.951 83.3892 12
    endloop
  endfacet
  facet normal -0.461834 -0.886966 -0
    outer loop
      vertex 116.125 83.2986 12
      vertex 115.951 83.3892 2.19
      vertex 116.125 83.2986 2.19
    endloop
  endfacet
  facet normal -0.736245 -0.676715 0
    outer loop
      vertex 116.724 82.7963 2.19
      vertex 116.591 82.941 12
      vertex 116.591 82.941 2.19
    endloop
  endfacet
  facet normal -0.736245 -0.676715 0
    outer loop
      vertex 116.591 82.941 12
      vertex 116.724 82.7963 2.19
      vertex 116.724 82.7963 12
    endloop
  endfacet
  facet normal 0.301119 0.953587 -0
    outer loop
      vertex 113.835 77.0033 12
      vertex 113.461 77.1214 16
      vertex 113.835 77.0033 16
    endloop
  endfacet
  facet normal 0.301119 0.953587 0
    outer loop
      vertex 113.461 77.1214 16
      vertex 113.835 77.0033 12
      vertex 113.461 77.1214 12
    endloop
  endfacet
  facet normal -0.21588 0.97642 0
    outer loop
      vertex 116.165 77.0033 12
      vertex 115.781 76.9184 16
      vertex 116.165 77.0033 16
    endloop
  endfacet
  facet normal -0.21588 0.97642 0
    outer loop
      vertex 115.781 76.9184 16
      vertex 116.165 77.0033 12
      vertex 115.781 76.9184 12
    endloop
  endfacet
  facet normal -0.991524 -0.129927 0
    outer loop
      vertex 119.483 81.7422 12
      vertex 119.432 82.1314 16
      vertex 119.432 82.1314 12
    endloop
  endfacet
  facet normal -0.991524 -0.129927 0
    outer loop
      vertex 119.432 82.1314 16
      vertex 119.483 81.7422 12
      vertex 119.483 81.7422 16
    endloop
  endfacet
  facet normal -0.999062 -0.0433046 0
    outer loop
      vertex 119.5 81.35 12
      vertex 119.483 81.7422 16
      vertex 119.483 81.7422 12
    endloop
  endfacet
  facet normal -0.999062 -0.0433046 0
    outer loop
      vertex 119.483 81.7422 16
      vertex 119.5 81.35 12
      vertex 119.5 81.35 16
    endloop
  endfacet
  facet normal -0.976283 -0.216499 0
    outer loop
      vertex 119.432 82.1314 12
      vertex 119.347 82.5147 16
      vertex 119.347 82.5147 12
    endloop
  endfacet
  facet normal -0.976283 -0.216499 0
    outer loop
      vertex 119.347 82.5147 16
      vertex 119.432 82.1314 12
      vertex 119.432 82.1314 16
    endloop
  endfacet
  facet normal -0.301119 -0.953587 0
    outer loop
      vertex 116.165 85.6967 12
      vertex 116.539 85.5786 16
      vertex 116.165 85.6967 16
    endloop
  endfacet
  facet normal -0.301119 -0.953587 -0
    outer loop
      vertex 116.539 85.5786 16
      vertex 116.165 85.6967 12
      vertex 116.539 85.5786 12
    endloop
  endfacet
  facet normal 0.130745 -0.991416 0
    outer loop
      vertex 114.219 85.7816 12
      vertex 114.608 85.8329 16
      vertex 114.219 85.7816 16
    endloop
  endfacet
  facet normal 0.130745 -0.991416 0
    outer loop
      vertex 114.608 85.8329 16
      vertex 114.219 85.7816 12
      vertex 114.608 85.8329 12
    endloop
  endfacet
  facet normal -0.676117 0.736794 0
    outer loop
      vertex 118.182 78.168 12
      vertex 117.893 77.9028 16
      vertex 118.182 78.168 16
    endloop
  endfacet
  facet normal -0.676117 0.736794 0
    outer loop
      vertex 117.893 77.9028 16
      vertex 118.182 78.168 12
      vertex 117.893 77.9028 12
    endloop
  endfacet
  facet normal 0.301119 -0.953587 0
    outer loop
      vertex 113.461 85.5786 12
      vertex 113.835 85.6967 16
      vertex 113.461 85.5786 16
    endloop
  endfacet
  facet normal 0.301119 -0.953587 0
    outer loop
      vertex 113.835 85.6967 16
      vertex 113.461 85.5786 12
      vertex 113.835 85.6967 12
    endloop
  endfacet
  facet normal 0.843315 0.537419 0
    outer loop
      vertex 111.314 78.7689 16
      vertex 111.103 79.1 12
      vertex 111.103 79.1 16
    endloop
  endfacet
  facet normal 0.843315 0.537419 0
    outer loop
      vertex 111.103 79.1 12
      vertex 111.314 78.7689 16
      vertex 111.314 78.7689 12
    endloop
  endfacet
  facet normal 0.92319 0.384344 0
    outer loop
      vertex 110.922 79.4482 16
      vertex 110.771 79.8109 12
      vertex 110.771 79.8109 16
    endloop
  endfacet
  facet normal 0.92319 0.384344 0
    outer loop
      vertex 110.771 79.8109 12
      vertex 110.922 79.4482 16
      vertex 110.922 79.4482 12
    endloop
  endfacet
  facet normal -0.73763 -0.675205 0
    outer loop
      vertex 118.447 84.2425 12
      vertex 118.182 84.532 16
      vertex 118.182 84.532 12
    endloop
  endfacet
  facet normal -0.73763 -0.675205 0
    outer loop
      vertex 118.182 84.532 16
      vertex 118.447 84.2425 12
      vertex 118.447 84.2425 16
    endloop
  endfacet
  facet normal 0.976283 -0.216499 0
    outer loop
      vertex 110.568 82.1314 16
      vertex 110.653 82.5147 12
      vertex 110.653 82.5147 16
    endloop
  endfacet
  facet normal 0.976283 -0.216499 0
    outer loop
      vertex 110.653 82.5147 12
      vertex 110.568 82.1314 16
      vertex 110.568 82.1314 12
    endloop
  endfacet
  facet normal 0.130745 0.991416 -0
    outer loop
      vertex 114.608 76.8671 12
      vertex 114.219 76.9184 16
      vertex 114.608 76.8671 16
    endloop
  endfacet
  facet normal 0.130745 0.991416 0
    outer loop
      vertex 114.219 76.9184 16
      vertex 114.608 76.8671 12
      vertex 114.219 76.9184 12
    endloop
  endfacet
  facet normal -0.887284 0.461224 0
    outer loop
      vertex 118.897 79.1 12
      vertex 119.078 79.4482 16
      vertex 119.078 79.4482 12
    endloop
  endfacet
  facet normal -0.887284 0.461224 0
    outer loop
      vertex 119.078 79.4482 16
      vertex 118.897 79.1 12
      vertex 118.897 79.1 16
    endloop
  endfacet
  facet normal 0.21588 -0.97642 0
    outer loop
      vertex 113.835 85.6967 12
      vertex 114.219 85.7816 16
      vertex 113.835 85.6967 16
    endloop
  endfacet
  facet normal 0.21588 -0.97642 0
    outer loop
      vertex 114.219 85.7816 16
      vertex 113.835 85.6967 12
      vertex 114.219 85.7816 12
    endloop
  endfacet
  facet normal 0.887284 0.461224 0
    outer loop
      vertex 111.103 79.1 16
      vertex 110.922 79.4482 12
      vertex 110.922 79.4482 16
    endloop
  endfacet
  facet normal 0.887284 0.461224 0
    outer loop
      vertex 110.922 79.4482 12
      vertex 111.103 79.1 16
      vertex 111.103 79.1 12
    endloop
  endfacet
  facet normal -0.92319 0.384344 0
    outer loop
      vertex 119.078 79.4482 12
      vertex 119.229 79.8109 16
      vertex 119.229 79.8109 12
    endloop
  endfacet
  facet normal -0.92319 0.384344 0
    outer loop
      vertex 119.229 79.8109 16
      vertex 119.078 79.4482 12
      vertex 119.078 79.4482 16
    endloop
  endfacet
  facet normal 0 0 1
    outer loop
      vertex 119.483 81.7422 12
      vertex 117.241 81.5461 12
      vertex 117.25 81.35 12
    endloop
  endfacet
  facet normal 0 0 1
    outer loop
      vertex 117.581 85.0362 12
      vertex 117.216 81.7407 12
      vertex 117.241 81.5461 12
    endloop
  endfacet
  facet normal 0 0 1
    outer loop
      vertex 117.581 85.0362 12
      vertex 117.173 81.9323 12
      vertex 117.216 81.7407 12
    endloop
  endfacet
  facet normal 0 0 1
    outer loop
      vertex 117.581 85.0362 12
      vertex 117.114 82.1195 12
      vertex 117.173 81.9323 12
    endloop
  endfacet
  facet normal 0 0 1
    outer loop
      vertex 117.581 85.0362 12
      vertex 117.039 82.3009 12
      vertex 117.114 82.1195 12
    endloop
  endfacet
  facet normal 0 0 1
    outer loop
      vertex 117.581 85.0362 12
      vertex 116.949 82.475 12
      vertex 117.039 82.3009 12
    endloop
  endfacet
  facet normal 0 0 1
    outer loop
      vertex 116.125 83.2986 12
      vertex 117.25 85.2471 12
      vertex 116.902 85.4284 12
    endloop
  endfacet
  facet normal 0 0 1
    outer loop
      vertex 117.581 85.0362 12
      vertex 116.843 82.6405 12
      vertex 116.949 82.475 12
    endloop
  endfacet
  facet normal 0 0 1
    outer loop
      vertex 117.581 85.0362 12
      vertex 116.724 82.7963 12
      vertex 116.843 82.6405 12
    endloop
  endfacet
  facet normal 0 0 1
    outer loop
      vertex 117.581 85.0362 12
      vertex 116.591 82.941 12
      vertex 116.724 82.7963 12
    endloop
  endfacet
  facet normal 0 0 1
    outer loop
      vertex 115.951 83.3892 12
      vertex 116.902 85.4284 12
      vertex 116.539 85.5786 12
    endloop
  endfacet
  facet normal 0 0 1
    outer loop
      vertex 117.581 85.0362 12
      vertex 116.446 83.0736 12
      vertex 116.591 82.941 12
    endloop
  endfacet
  facet normal 0 0 1
    outer loop
      vertex 117.581 85.0362 12
      vertex 116.291 83.1931 12
      vertex 116.446 83.0736 12
    endloop
  endfacet
  facet normal 0 0 1
    outer loop
      vertex 115.77 83.4643 12
      vertex 116.539 85.5786 12
      vertex 116.165 85.6967 12
    endloop
  endfacet
  facet normal 0 0 1
    outer loop
      vertex 117.25 85.2471 12
      vertex 116.125 83.2986 12
      vertex 116.291 83.1931 12
    endloop
  endfacet
  facet normal 0 0 1
    outer loop
      vertex 116.902 85.4284 12
      vertex 115.951 83.3892 12
      vertex 116.125 83.2986 12
    endloop
  endfacet
  facet normal 0 0 1
    outer loop
      vertex 115.582 83.5233 12
      vertex 116.165 85.6967 12
      vertex 115.781 85.7816 12
    endloop
  endfacet
  facet normal 0 0 1
    outer loop
      vertex 116.539 85.5786 12
      vertex 115.77 83.4643 12
      vertex 115.951 83.3892 12
    endloop
  endfacet
  facet normal 0 0 1
    outer loop
      vertex 116.165 85.6967 12
      vertex 115.582 83.5233 12
      vertex 115.77 83.4643 12
    endloop
  endfacet
  facet normal 0 0 1
    outer loop
      vertex 115.391 83.5658 12
      vertex 115.781 85.7816 12
      vertex 115.392 85.8329 12
    endloop
  endfacet
  facet normal 0 0 1
    outer loop
      vertex 115.781 85.7816 12
      vertex 115.391 83.5658 12
      vertex 115.582 83.5233 12
    endloop
  endfacet
  facet normal 0 0 1
    outer loop
      vertex 115.392 85.8329 12
      vertex 115.196 83.5914 12
      vertex 115.391 83.5658 12
    endloop
  endfacet
  facet normal 0 0 1
    outer loop
      vertex 115 85.85 12
      vertex 115.196 83.5914 12
      vertex 115.392 85.8329 12
    endloop
  endfacet
  facet normal 0 0 1
    outer loop
      vertex 115 85.85 12
      vertex 115 83.6 12
      vertex 115.196 83.5914 12
    endloop
  endfacet
  facet normal 0 0 1
    outer loop
      vertex 115 85.85 12
      vertex 114.804 83.5914 12
      vertex 115 83.6 12
    endloop
  endfacet
  facet normal -0 0 1
    outer loop
      vertex 114.608 85.8329 12
      vertex 114.804 83.5914 12
      vertex 115 85.85 12
    endloop
  endfacet
  facet normal 0 0 1
    outer loop
      vertex 114.804 83.5914 12
      vertex 114.608 85.8329 12
      vertex 114.609 83.5658 12
    endloop
  endfacet
  facet normal -0 0 1
    outer loop
      vertex 114.219 85.7816 12
      vertex 114.609 83.5658 12
      vertex 114.608 85.8329 12
    endloop
  endfacet
  facet normal 0 0 1
    outer loop
      vertex 114.609 83.5658 12
      vertex 114.219 85.7816 12
      vertex 114.418 83.5233 12
    endloop
  endfacet
  facet normal -0 0 1
    outer loop
      vertex 113.835 85.6967 12
      vertex 114.418 83.5233 12
      vertex 114.219 85.7816 12
    endloop
  endfacet
  facet normal 0 0 1
    outer loop
      vertex 114.418 83.5233 12
      vertex 113.835 85.6967 12
      vertex 114.23 83.4643 12
    endloop
  endfacet
  facet normal -0 0 1
    outer loop
      vertex 113.461 85.5786 12
      vertex 114.23 83.4643 12
      vertex 113.835 85.6967 12
    endloop
  endfacet
  facet normal 0 0 1
    outer loop
      vertex 114.23 83.4643 12
      vertex 113.461 85.5786 12
      vertex 114.049 83.3892 12
    endloop
  endfacet
  facet normal -0 0 1
    outer loop
      vertex 113.098 85.4284 12
      vertex 114.049 83.3892 12
      vertex 113.461 85.5786 12
    endloop
  endfacet
  facet normal 0 0 1
    outer loop
      vertex 114.049 83.3892 12
      vertex 113.098 85.4284 12
      vertex 113.875 83.2986 12
    endloop
  endfacet
  facet normal -0 0 1
    outer loop
      vertex 112.75 85.2471 12
      vertex 113.875 83.2986 12
      vertex 113.098 85.4284 12
    endloop
  endfacet
  facet normal 0 0 1
    outer loop
      vertex 113.875 83.2986 12
      vertex 112.75 85.2471 12
      vertex 113.709 83.1931 12
    endloop
  endfacet
  facet normal -0 0 1
    outer loop
      vertex 112.419 85.0362 12
      vertex 113.709 83.1931 12
      vertex 112.75 85.2471 12
    endloop
  endfacet
  facet normal 0 0 1
    outer loop
      vertex 113.709 83.1931 12
      vertex 112.419 85.0362 12
      vertex 113.554 83.0736 12
    endloop
  endfacet
  facet normal -0 0 1
    outer loop
      vertex 112.107 84.7972 12
      vertex 113.554 83.0736 12
      vertex 112.419 85.0362 12
    endloop
  endfacet
  facet normal 0 0 1
    outer loop
      vertex 113.554 83.0736 12
      vertex 112.107 84.7972 12
      vertex 113.409 82.941 12
    endloop
  endfacet
  facet normal -0 0 1
    outer loop
      vertex 111.818 84.532 12
      vertex 113.409 82.941 12
      vertex 112.107 84.7972 12
    endloop
  endfacet
  facet normal 0 0 1
    outer loop
      vertex 113.409 82.941 12
      vertex 111.818 84.532 12
      vertex 113.276 82.7963 12
    endloop
  endfacet
  facet normal -0 0 1
    outer loop
      vertex 111.553 84.2425 12
      vertex 113.276 82.7963 12
      vertex 111.818 84.532 12
    endloop
  endfacet
  facet normal 0 0 1
    outer loop
      vertex 113.276 82.7963 12
      vertex 111.553 84.2425 12
      vertex 113.157 82.6405 12
    endloop
  endfacet
  facet normal -0 0 1
    outer loop
      vertex 111.314 83.9311 12
      vertex 113.157 82.6405 12
      vertex 111.553 84.2425 12
    endloop
  endfacet
  facet normal 0 0 1
    outer loop
      vertex 113.157 82.6405 12
      vertex 111.314 83.9311 12
      vertex 113.051 82.475 12
    endloop
  endfacet
  facet normal -0 0 1
    outer loop
      vertex 111.103 83.6 12
      vertex 113.051 82.475 12
      vertex 111.314 83.9311 12
    endloop
  endfacet
  facet normal 0 0 1
    outer loop
      vertex 113.051 82.475 12
      vertex 111.103 83.6 12
      vertex 112.961 82.3009 12
    endloop
  endfacet
  facet normal -0 0 1
    outer loop
      vertex 110.922 83.2518 12
      vertex 112.961 82.3009 12
      vertex 111.103 83.6 12
    endloop
  endfacet
  facet normal 0 0 1
    outer loop
      vertex 112.75 81.35 12
      vertex 112.419 77.6638 12
      vertex 112.75 77.4529 12
    endloop
  endfacet
  facet normal 0 0 1
    outer loop
      vertex 112.961 82.3009 12
      vertex 110.922 83.2518 12
      vertex 112.886 82.1195 12
    endloop
  endfacet
  facet normal 0 0 1
    outer loop
      vertex 112.75 81.35 12
      vertex 112.107 77.9028 12
      vertex 112.419 77.6638 12
    endloop
  endfacet
  facet normal -0 0 1
    outer loop
      vertex 110.771 82.8891 12
      vertex 112.886 82.1195 12
      vertex 110.922 83.2518 12
    endloop
  endfacet
  facet normal 0 0 1
    outer loop
      vertex 112.75 81.35 12
      vertex 111.818 78.168 12
      vertex 112.107 77.9028 12
    endloop
  endfacet
  facet normal 0 0 1
    outer loop
      vertex 112.886 82.1195 12
      vertex 110.771 82.8891 12
      vertex 112.827 81.9323 12
    endloop
  endfacet
  facet normal 0 0 1
    outer loop
      vertex 112.75 81.35 12
      vertex 111.553 78.4575 12
      vertex 111.818 78.168 12
    endloop
  endfacet
  facet normal -0 0 1
    outer loop
      vertex 110.653 82.5147 12
      vertex 112.827 81.9323 12
      vertex 110.771 82.8891 12
    endloop
  endfacet
  facet normal 0 0 1
    outer loop
      vertex 112.75 81.35 12
      vertex 111.314 78.7689 12
      vertex 111.553 78.4575 12
    endloop
  endfacet
  facet normal 0 0 1
    outer loop
      vertex 112.827 81.9323 12
      vertex 110.653 82.5147 12
      vertex 112.784 81.7407 12
    endloop
  endfacet
  facet normal 0 0 1
    outer loop
      vertex 112.75 81.35 12
      vertex 111.103 79.1 12
      vertex 111.314 78.7689 12
    endloop
  endfacet
  facet normal -0 0 1
    outer loop
      vertex 110.568 82.1314 12
      vertex 112.784 81.7407 12
      vertex 110.653 82.5147 12
    endloop
  endfacet
  facet normal 0 0 1
    outer loop
      vertex 112.75 81.35 12
      vertex 110.922 79.4482 12
      vertex 111.103 79.1 12
    endloop
  endfacet
  facet normal 0 0 1
    outer loop
      vertex 112.784 81.7407 12
      vertex 110.568 82.1314 12
      vertex 112.759 81.5461 12
    endloop
  endfacet
  facet normal 0 0 1
    outer loop
      vertex 112.75 81.35 12
      vertex 110.771 79.8109 12
      vertex 110.922 79.4482 12
    endloop
  endfacet
  facet normal -0 0 1
    outer loop
      vertex 110.517 81.7422 12
      vertex 112.759 81.5461 12
      vertex 110.568 82.1314 12
    endloop
  endfacet
  facet normal 0 0 1
    outer loop
      vertex 112.75 81.35 12
      vertex 110.653 80.1853 12
      vertex 110.771 79.8109 12
    endloop
  endfacet
  facet normal 0 0 1
    outer loop
      vertex 112.759 81.5461 12
      vertex 110.517 81.7422 12
      vertex 112.75 81.35 12
    endloop
  endfacet
  facet normal 0 0 1
    outer loop
      vertex 112.75 81.35 12
      vertex 110.568 80.5686 12
      vertex 110.653 80.1853 12
    endloop
  endfacet
  facet normal 0 0 1
    outer loop
      vertex 110.5 81.35 12
      vertex 112.75 81.35 12
      vertex 110.517 81.7422 12
    endloop
  endfacet
  facet normal 0 0 1
    outer loop
      vertex 112.75 81.35 12
      vertex 110.517 80.9578 12
      vertex 110.568 80.5686 12
    endloop
  endfacet
  facet normal 0 0 1
    outer loop
      vertex 112.75 81.35 12
      vertex 110.5 81.35 12
      vertex 110.517 80.9578 12
    endloop
  endfacet
  facet normal 0 0 1
    outer loop
      vertex 117.25 81.35 12
      vertex 119.5 81.35 12
      vertex 119.483 81.7422 12
    endloop
  endfacet
  facet normal 0 0 1
    outer loop
      vertex 117.241 81.5461 12
      vertex 119.483 81.7422 12
      vertex 119.432 82.1314 12
    endloop
  endfacet
  facet normal 0 0 1
    outer loop
      vertex 119.5 81.35 12
      vertex 117.25 81.35 12
      vertex 119.483 80.9578 12
    endloop
  endfacet
  facet normal 0 0 1
    outer loop
      vertex 117.241 81.5461 12
      vertex 119.432 82.1314 12
      vertex 119.347 82.5147 12
    endloop
  endfacet
  facet normal -0 0 1
    outer loop
      vertex 117.241 81.1539 12
      vertex 119.483 80.9578 12
      vertex 117.25 81.35 12
    endloop
  endfacet
  facet normal 0 0 1
    outer loop
      vertex 117.241 81.5461 12
      vertex 119.347 82.5147 12
      vertex 119.229 82.8891 12
    endloop
  endfacet
  facet normal 0 0 1
    outer loop
      vertex 119.483 80.9578 12
      vertex 117.241 81.1539 12
      vertex 119.432 80.5686 12
    endloop
  endfacet
  facet normal 0 0 1
    outer loop
      vertex 117.241 81.5461 12
      vertex 119.229 82.8891 12
      vertex 119.078 83.2518 12
    endloop
  endfacet
  facet normal -0 0 1
    outer loop
      vertex 117.216 80.9593 12
      vertex 119.432 80.5686 12
      vertex 117.241 81.1539 12
    endloop
  endfacet
  facet normal 0 0 1
    outer loop
      vertex 117.241 81.5461 12
      vertex 119.078 83.2518 12
      vertex 118.897 83.6 12
    endloop
  endfacet
  facet normal 0 0 1
    outer loop
      vertex 119.432 80.5686 12
      vertex 117.216 80.9593 12
      vertex 119.347 80.1853 12
    endloop
  endfacet
  facet normal 0 0 1
    outer loop
      vertex 117.241 81.5461 12
      vertex 118.897 83.6 12
      vertex 118.686 83.9311 12
    endloop
  endfacet
  facet normal -0 0 1
    outer loop
      vertex 117.173 80.7677 12
      vertex 119.347 80.1853 12
      vertex 117.216 80.9593 12
    endloop
  endfacet
  facet normal 0 0 1
    outer loop
      vertex 117.241 81.5461 12
      vertex 118.686 83.9311 12
      vertex 118.447 84.2425 12
    endloop
  endfacet
  facet normal 0 0 1
    outer loop
      vertex 119.347 80.1853 12
      vertex 117.173 80.7677 12
      vertex 119.229 79.8109 12
    endloop
  endfacet
  facet normal 0 0 1
    outer loop
      vertex 117.241 81.5461 12
      vertex 118.447 84.2425 12
      vertex 118.182 84.532 12
    endloop
  endfacet
  facet normal -0 0 1
    outer loop
      vertex 117.114 80.5805 12
      vertex 119.229 79.8109 12
      vertex 117.173 80.7677 12
    endloop
  endfacet
  facet normal 0 0 1
    outer loop
      vertex 117.241 81.5461 12
      vertex 118.182 84.532 12
      vertex 117.893 84.7972 12
    endloop
  endfacet
  facet normal 0 0 1
    outer loop
      vertex 119.229 79.8109 12
      vertex 117.114 80.5805 12
      vertex 119.078 79.4482 12
    endloop
  endfacet
  facet normal 0 0 1
    outer loop
      vertex 117.241 81.5461 12
      vertex 117.893 84.7972 12
      vertex 117.581 85.0362 12
    endloop
  endfacet
  facet normal -0 0 1
    outer loop
      vertex 117.039 80.3991 12
      vertex 119.078 79.4482 12
      vertex 117.114 80.5805 12
    endloop
  endfacet
  facet normal 0 0 1
    outer loop
      vertex 116.291 83.1931 12
      vertex 117.581 85.0362 12
      vertex 117.25 85.2471 12
    endloop
  endfacet
  facet normal 0 0 1
    outer loop
      vertex 119.078 79.4482 12
      vertex 117.039 80.3991 12
      vertex 118.897 79.1 12
    endloop
  endfacet
  facet normal -0 0 1
    outer loop
      vertex 116.949 80.225 12
      vertex 118.897 79.1 12
      vertex 117.039 80.3991 12
    endloop
  endfacet
  facet normal 0 0 1
    outer loop
      vertex 118.897 79.1 12
      vertex 116.949 80.225 12
      vertex 118.686 78.7689 12
    endloop
  endfacet
  facet normal -0 0 1
    outer loop
      vertex 116.843 80.0595 12
      vertex 118.686 78.7689 12
      vertex 116.949 80.225 12
    endloop
  endfacet
  facet normal 0 0 1
    outer loop
      vertex 118.686 78.7689 12
      vertex 116.843 80.0595 12
      vertex 118.447 78.4575 12
    endloop
  endfacet
  facet normal -0 0 1
    outer loop
      vertex 116.724 79.9037 12
      vertex 118.447 78.4575 12
      vertex 116.843 80.0595 12
    endloop
  endfacet
  facet normal 0 0 1
    outer loop
      vertex 118.447 78.4575 12
      vertex 116.724 79.9037 12
      vertex 118.182 78.168 12
    endloop
  endfacet
  facet normal -0 0 1
    outer loop
      vertex 116.591 79.759 12
      vertex 118.182 78.168 12
      vertex 116.724 79.9037 12
    endloop
  endfacet
  facet normal 0 0 1
    outer loop
      vertex 118.182 78.168 12
      vertex 116.591 79.759 12
      vertex 117.893 77.9028 12
    endloop
  endfacet
  facet normal -0 0 1
    outer loop
      vertex 116.446 79.6264 12
      vertex 117.893 77.9028 12
      vertex 116.591 79.759 12
    endloop
  endfacet
  facet normal 0 0 1
    outer loop
      vertex 117.893 77.9028 12
      vertex 116.446 79.6264 12
      vertex 117.581 77.6638 12
    endloop
  endfacet
  facet normal -0 0 1
    outer loop
      vertex 116.291 79.5069 12
      vertex 117.581 77.6638 12
      vertex 116.446 79.6264 12
    endloop
  endfacet
  facet normal 0 0 1
    outer loop
      vertex 117.581 77.6638 12
      vertex 116.291 79.5069 12
      vertex 117.25 77.4529 12
    endloop
  endfacet
  facet normal -0 0 1
    outer loop
      vertex 116.125 79.4014 12
      vertex 117.25 77.4529 12
      vertex 116.291 79.5069 12
    endloop
  endfacet
  facet normal 0 0 1
    outer loop
      vertex 117.25 77.4529 12
      vertex 116.125 79.4014 12
      vertex 116.902 77.2716 12
    endloop
  endfacet
  facet normal -0 0 1
    outer loop
      vertex 115.951 79.3108 12
      vertex 116.902 77.2716 12
      vertex 116.125 79.4014 12
    endloop
  endfacet
  facet normal 0 0 1
    outer loop
      vertex 116.902 77.2716 12
      vertex 115.951 79.3108 12
      vertex 116.539 77.1214 12
    endloop
  endfacet
  facet normal -0 0 1
    outer loop
      vertex 115.77 79.2357 12
      vertex 116.539 77.1214 12
      vertex 115.951 79.3108 12
    endloop
  endfacet
  facet normal 0 0 1
    outer loop
      vertex 116.539 77.1214 12
      vertex 115.77 79.2357 12
      vertex 116.165 77.0033 12
    endloop
  endfacet
  facet normal -0 0 1
    outer loop
      vertex 115.582 79.1767 12
      vertex 116.165 77.0033 12
      vertex 115.77 79.2357 12
    endloop
  endfacet
  facet normal 0 0 1
    outer loop
      vertex 116.165 77.0033 12
      vertex 115.582 79.1767 12
      vertex 115.781 76.9184 12
    endloop
  endfacet
  facet normal -0 0 1
    outer loop
      vertex 115.391 79.1342 12
      vertex 115.781 76.9184 12
      vertex 115.582 79.1767 12
    endloop
  endfacet
  facet normal 0 0 1
    outer loop
      vertex 115.781 76.9184 12
      vertex 115.391 79.1342 12
      vertex 115.392 76.8671 12
    endloop
  endfacet
  facet normal -0 0 1
    outer loop
      vertex 115.196 79.1086 12
      vertex 115.392 76.8671 12
      vertex 115.391 79.1342 12
    endloop
  endfacet
  facet normal -0 0 1
    outer loop
      vertex 115 79.1 12
      vertex 115.392 76.8671 12
      vertex 115.196 79.1086 12
    endloop
  endfacet
  facet normal 0 0 1
    outer loop
      vertex 115 79.1 12
      vertex 115 76.85 12
      vertex 115.392 76.8671 12
    endloop
  endfacet
  facet normal 0 0 1
    outer loop
      vertex 114.804 79.1086 12
      vertex 115 76.85 12
      vertex 115 79.1 12
    endloop
  endfacet
  facet normal 0 0 1
    outer loop
      vertex 114.608 76.8671 12
      vertex 114.804 79.1086 12
      vertex 114.609 79.1342 12
    endloop
  endfacet
  facet normal 0 0 1
    outer loop
      vertex 114.804 79.1086 12
      vertex 114.608 76.8671 12
      vertex 115 76.85 12
    endloop
  endfacet
  facet normal 0 0 1
    outer loop
      vertex 114.219 76.9184 12
      vertex 114.609 79.1342 12
      vertex 114.418 79.1767 12
    endloop
  endfacet
  facet normal 0 0 1
    outer loop
      vertex 113.835 77.0033 12
      vertex 114.418 79.1767 12
      vertex 114.23 79.2357 12
    endloop
  endfacet
  facet normal 0 0 1
    outer loop
      vertex 114.609 79.1342 12
      vertex 114.219 76.9184 12
      vertex 114.608 76.8671 12
    endloop
  endfacet
  facet normal 0 0 1
    outer loop
      vertex 113.461 77.1214 12
      vertex 114.23 79.2357 12
      vertex 114.049 79.3108 12
    endloop
  endfacet
  facet normal 0 0 1
    outer loop
      vertex 113.098 77.2716 12
      vertex 114.049 79.3108 12
      vertex 113.875 79.4014 12
    endloop
  endfacet
  facet normal 0 0 1
    outer loop
      vertex 114.418 79.1767 12
      vertex 113.835 77.0033 12
      vertex 114.219 76.9184 12
    endloop
  endfacet
  facet normal 0 0 1
    outer loop
      vertex 112.75 77.4529 12
      vertex 113.875 79.4014 12
      vertex 113.709 79.5069 12
    endloop
  endfacet
  facet normal 0 0 1
    outer loop
      vertex 112.75 77.4529 12
      vertex 113.709 79.5069 12
      vertex 113.554 79.6264 12
    endloop
  endfacet
  facet normal 0 0 1
    outer loop
      vertex 114.23 79.2357 12
      vertex 113.461 77.1214 12
      vertex 113.835 77.0033 12
    endloop
  endfacet
  facet normal 0 0 1
    outer loop
      vertex 112.75 77.4529 12
      vertex 113.554 79.6264 12
      vertex 113.409 79.759 12
    endloop
  endfacet
  facet normal 0 0 1
    outer loop
      vertex 112.75 77.4529 12
      vertex 113.409 79.759 12
      vertex 113.276 79.9037 12
    endloop
  endfacet
  facet normal 0 0 1
    outer loop
      vertex 112.75 77.4529 12
      vertex 113.276 79.9037 12
      vertex 113.157 80.0595 12
    endloop
  endfacet
  facet normal 0 0 1
    outer loop
      vertex 114.049 79.3108 12
      vertex 113.098 77.2716 12
      vertex 113.461 77.1214 12
    endloop
  endfacet
  facet normal 0 0 1
    outer loop
      vertex 112.75 77.4529 12
      vertex 113.157 80.0595 12
      vertex 113.051 80.225 12
    endloop
  endfacet
  facet normal 0 0 1
    outer loop
      vertex 112.75 77.4529 12
      vertex 113.051 80.225 12
      vertex 112.961 80.3991 12
    endloop
  endfacet
  facet normal 0 0 1
    outer loop
      vertex 112.75 77.4529 12
      vertex 112.961 80.3991 12
      vertex 112.886 80.5805 12
    endloop
  endfacet
  facet normal 0 0 1
    outer loop
      vertex 112.75 77.4529 12
      vertex 112.886 80.5805 12
      vertex 112.827 80.7677 12
    endloop
  endfacet
  facet normal 0 0 1
    outer loop
      vertex 112.75 77.4529 12
      vertex 112.827 80.7677 12
      vertex 112.784 80.9593 12
    endloop
  endfacet
  facet normal 0 0 1
    outer loop
      vertex 112.75 77.4529 12
      vertex 112.784 80.9593 12
      vertex 112.759 81.1539 12
    endloop
  endfacet
  facet normal 0 0 1
    outer loop
      vertex 113.875 79.4014 12
      vertex 112.75 77.4529 12
      vertex 113.098 77.2716 12
    endloop
  endfacet
  facet normal 0 0 1
    outer loop
      vertex 112.75 77.4529 12
      vertex 112.759 81.1539 12
      vertex 112.75 81.35 12
    endloop
  endfacet
  facet normal 0.991524 0.129927 0
    outer loop
      vertex 110.568 80.5686 16
      vertex 110.517 80.9578 12
      vertex 110.517 80.9578 16
    endloop
  endfacet
  facet normal 0.991524 0.129927 0
    outer loop
      vertex 110.517 80.9578 12
      vertex 110.568 80.5686 16
      vertex 110.568 80.5686 12
    endloop
  endfacet
  facet normal -0.043581 0.99905 0
    outer loop
      vertex 115.392 76.8671 12
      vertex 115 76.85 16
      vertex 115.392 76.8671 16
    endloop
  endfacet
  facet normal -0.043581 0.99905 0
    outer loop
      vertex 115 76.85 16
      vertex 115.392 76.8671 12
      vertex 115 76.85 12
    endloop
  endfacet
  facet normal -0.793286 0.608849 0
    outer loop
      vertex 118.447 78.4575 12
      vertex 118.686 78.7689 16
      vertex 118.686 78.7689 12
    endloop
  endfacet
  facet normal -0.793286 0.608849 0
    outer loop
      vertex 118.686 78.7689 16
      vertex 118.447 78.4575 12
      vertex 118.447 78.4575 16
    endloop
  endfacet
  facet normal -0.608111 -0.793852 0
    outer loop
      vertex 117.581 85.0362 12
      vertex 117.893 84.7972 16
      vertex 117.581 85.0362 16
    endloop
  endfacet
  facet normal -0.608111 -0.793852 -0
    outer loop
      vertex 117.893 84.7972 16
      vertex 117.581 85.0362 12
      vertex 117.893 84.7972 12
    endloop
  endfacet
  facet normal -0.301119 0.953587 0
    outer loop
      vertex 116.539 77.1214 12
      vertex 116.165 77.0033 16
      vertex 116.539 77.1214 16
    endloop
  endfacet
  facet normal -0.301119 0.953587 0
    outer loop
      vertex 116.165 77.0033 16
      vertex 116.539 77.1214 12
      vertex 116.165 77.0033 12
    endloop
  endfacet
  facet normal -0.608111 0.793852 0
    outer loop
      vertex 117.893 77.9028 12
      vertex 117.581 77.6638 16
      vertex 117.893 77.9028 16
    endloop
  endfacet
  facet normal -0.608111 0.793852 0
    outer loop
      vertex 117.581 77.6638 16
      vertex 117.893 77.9028 12
      vertex 117.581 77.6638 12
    endloop
  endfacet
  facet normal 0.043581 0.99905 -0
    outer loop
      vertex 115 76.85 12
      vertex 114.608 76.8671 16
      vertex 115 76.85 16
    endloop
  endfacet
  facet normal 0.043581 0.99905 0
    outer loop
      vertex 114.608 76.8671 16
      vertex 115 76.85 12
      vertex 114.608 76.8671 12
    endloop
  endfacet
  facet normal 0.887284 -0.461224 0
    outer loop
      vertex 110.922 83.2518 16
      vertex 111.103 83.6 12
      vertex 111.103 83.6 16
    endloop
  endfacet
  facet normal 0.887284 -0.461224 0
    outer loop
      vertex 111.103 83.6 12
      vertex 110.922 83.2518 16
      vertex 110.922 83.2518 12
    endloop
  endfacet
  facet normal -0.92319 -0.384344 0
    outer loop
      vertex 119.229 82.8891 12
      vertex 119.078 83.2518 16
      vertex 119.078 83.2518 12
    endloop
  endfacet
  facet normal -0.92319 -0.384344 0
    outer loop
      vertex 119.078 83.2518 16
      vertex 119.229 82.8891 12
      vertex 119.229 82.8891 16
    endloop
  endfacet
  facet normal -0.843315 -0.537419 0
    outer loop
      vertex 118.897 83.6 12
      vertex 118.686 83.9311 16
      vertex 118.686 83.9311 12
    endloop
  endfacet
  facet normal -0.843315 -0.537419 0
    outer loop
      vertex 118.686 83.9311 16
      vertex 118.897 83.6 12
      vertex 118.897 83.6 16
    endloop
  endfacet
  facet normal -0.462035 -0.886862 0
    outer loop
      vertex 116.902 85.4284 12
      vertex 117.25 85.2471 16
      vertex 116.902 85.4284 16
    endloop
  endfacet
  facet normal -0.462035 -0.886862 -0
    outer loop
      vertex 117.25 85.2471 16
      vertex 116.902 85.4284 12
      vertex 117.25 85.2471 12
    endloop
  endfacet
  facet normal 0.382337 -0.924023 0
    outer loop
      vertex 113.098 85.4284 12
      vertex 113.461 85.5786 16
      vertex 113.098 85.4284 16
    endloop
  endfacet
  facet normal 0.382337 -0.924023 0
    outer loop
      vertex 113.461 85.5786 16
      vertex 113.098 85.4284 12
      vertex 113.461 85.5786 12
    endloop
  endfacet
  facet normal -0.793286 -0.608849 0
    outer loop
      vertex 118.686 83.9311 12
      vertex 118.447 84.2425 16
      vertex 118.447 84.2425 12
    endloop
  endfacet
  facet normal -0.793286 -0.608849 0
    outer loop
      vertex 118.447 84.2425 16
      vertex 118.686 83.9311 12
      vertex 118.686 83.9311 16
    endloop
  endfacet
  facet normal -0.887284 -0.461224 0
    outer loop
      vertex 119.078 83.2518 12
      vertex 118.897 83.6 16
      vertex 118.897 83.6 12
    endloop
  endfacet
  facet normal -0.887284 -0.461224 0
    outer loop
      vertex 118.897 83.6 16
      vertex 119.078 83.2518 12
      vertex 119.078 83.2518 16
    endloop
  endfacet
  facet normal -0.953752 -0.300595 0
    outer loop
      vertex 119.347 82.5147 12
      vertex 119.229 82.8891 16
      vertex 119.229 82.8891 12
    endloop
  endfacet
  facet normal -0.953752 -0.300595 0
    outer loop
      vertex 119.229 82.8891 16
      vertex 119.347 82.5147 12
      vertex 119.347 82.5147 16
    endloop
  endfacet
  facet normal -0.130745 0.991416 0
    outer loop
      vertex 115.781 76.9184 12
      vertex 115.392 76.8671 16
      vertex 115.781 76.9184 16
    endloop
  endfacet
  facet normal -0.130745 0.991416 0
    outer loop
      vertex 115.392 76.8671 16
      vertex 115.781 76.9184 12
      vertex 115.392 76.8671 12
    endloop
  endfacet
  facet normal -0.462035 0.886862 0
    outer loop
      vertex 117.25 77.4529 12
      vertex 116.902 77.2716 16
      vertex 117.25 77.4529 16
    endloop
  endfacet
  facet normal -0.462035 0.886862 0
    outer loop
      vertex 116.902 77.2716 16
      vertex 117.25 77.4529 12
      vertex 116.902 77.2716 12
    endloop
  endfacet
  facet normal -0.991524 0.129927 0
    outer loop
      vertex 119.432 80.5686 12
      vertex 119.483 80.9578 16
      vertex 119.483 80.9578 12
    endloop
  endfacet
  facet normal -0.991524 0.129927 0
    outer loop
      vertex 119.483 80.9578 16
      vertex 119.432 80.5686 12
      vertex 119.432 80.5686 16
    endloop
  endfacet
  facet normal -0.999062 0.0433046 0
    outer loop
      vertex 119.483 80.9578 12
      vertex 119.5 81.35 16
      vertex 119.5 81.35 12
    endloop
  endfacet
  facet normal -0.999062 0.0433046 0
    outer loop
      vertex 119.5 81.35 16
      vertex 119.483 80.9578 12
      vertex 119.483 80.9578 16
    endloop
  endfacet
  facet normal -0.537354 -0.843357 0
    outer loop
      vertex 117.25 85.2471 12
      vertex 117.581 85.0362 16
      vertex 117.25 85.2471 16
    endloop
  endfacet
  facet normal -0.537354 -0.843357 -0
    outer loop
      vertex 117.581 85.0362 16
      vertex 117.25 85.2471 12
      vertex 117.581 85.0362 12
    endloop
  endfacet
  facet normal 0.043581 -0.99905 0
    outer loop
      vertex 114.608 85.8329 12
      vertex 115 85.85 16
      vertex 114.608 85.8329 16
    endloop
  endfacet
  facet normal 0.043581 -0.99905 0
    outer loop
      vertex 115 85.85 16
      vertex 114.608 85.8329 12
      vertex 115 85.85 12
    endloop
  endfacet
  facet normal 0.793286 -0.608849 0
    outer loop
      vertex 111.314 83.9311 16
      vertex 111.553 84.2425 12
      vertex 111.553 84.2425 16
    endloop
  endfacet
  facet normal 0.793286 -0.608849 0
    outer loop
      vertex 111.553 84.2425 12
      vertex 111.314 83.9311 16
      vertex 111.314 83.9311 12
    endloop
  endfacet
  facet normal -0.976283 0.216499 0
    outer loop
      vertex 119.347 80.1853 12
      vertex 119.432 80.5686 16
      vertex 119.432 80.5686 12
    endloop
  endfacet
  facet normal -0.976283 0.216499 0
    outer loop
      vertex 119.432 80.5686 16
      vertex 119.347 80.1853 12
      vertex 119.347 80.1853 16
    endloop
  endfacet
  facet normal -0.382337 0.924023 0
    outer loop
      vertex 116.902 77.2716 12
      vertex 116.539 77.1214 16
      vertex 116.902 77.2716 16
    endloop
  endfacet
  facet normal -0.382337 0.924023 0
    outer loop
      vertex 116.539 77.1214 16
      vertex 116.902 77.2716 12
      vertex 116.539 77.1214 12
    endloop
  endfacet
  facet normal 0.953752 -0.300595 0
    outer loop
      vertex 110.653 82.5147 16
      vertex 110.771 82.8891 12
      vertex 110.771 82.8891 16
    endloop
  endfacet
  facet normal 0.953752 -0.300595 0
    outer loop
      vertex 110.771 82.8891 12
      vertex 110.653 82.5147 16
      vertex 110.653 82.5147 12
    endloop
  endfacet
  facet normal -0.676117 -0.736794 0
    outer loop
      vertex 117.893 84.7972 12
      vertex 118.182 84.532 16
      vertex 117.893 84.7972 16
    endloop
  endfacet
  facet normal -0.676117 -0.736794 -0
    outer loop
      vertex 118.182 84.532 16
      vertex 117.893 84.7972 12
      vertex 118.182 84.532 12
    endloop
  endfacet
  facet normal 0.676117 -0.736794 0
    outer loop
      vertex 111.818 84.532 12
      vertex 112.107 84.7972 16
      vertex 111.818 84.532 16
    endloop
  endfacet
  facet normal 0.676117 -0.736794 0
    outer loop
      vertex 112.107 84.7972 16
      vertex 111.818 84.532 12
      vertex 112.107 84.7972 12
    endloop
  endfacet
  facet normal 0.73763 0.675205 0
    outer loop
      vertex 111.818 78.168 16
      vertex 111.553 78.4575 12
      vertex 111.553 78.4575 16
    endloop
  endfacet
  facet normal 0.73763 0.675205 0
    outer loop
      vertex 111.553 78.4575 12
      vertex 111.818 78.168 16
      vertex 111.818 78.168 12
    endloop
  endfacet
  facet normal 0.676117 0.736794 -0
    outer loop
      vertex 112.107 77.9028 12
      vertex 111.818 78.168 16
      vertex 112.107 77.9028 16
    endloop
  endfacet
  facet normal 0.676117 0.736794 0
    outer loop
      vertex 111.818 78.168 16
      vertex 112.107 77.9028 12
      vertex 111.818 78.168 12
    endloop
  endfacet
  facet normal -0.73763 0.675205 0
    outer loop
      vertex 118.182 78.168 12
      vertex 118.447 78.4575 16
      vertex 118.447 78.4575 12
    endloop
  endfacet
  facet normal -0.73763 0.675205 0
    outer loop
      vertex 118.447 78.4575 16
      vertex 118.182 78.168 12
      vertex 118.182 78.168 16
    endloop
  endfacet
  facet normal 0.382337 0.924023 -0
    outer loop
      vertex 113.461 77.1214 12
      vertex 113.098 77.2716 16
      vertex 113.461 77.1214 16
    endloop
  endfacet
  facet normal 0.382337 0.924023 0
    outer loop
      vertex 113.098 77.2716 16
      vertex 113.461 77.1214 12
      vertex 113.098 77.2716 12
    endloop
  endfacet
  facet normal -0.953752 0.300595 0
    outer loop
      vertex 119.229 79.8109 12
      vertex 119.347 80.1853 16
      vertex 119.347 80.1853 12
    endloop
  endfacet
  facet normal -0.953752 0.300595 0
    outer loop
      vertex 119.347 80.1853 16
      vertex 119.229 79.8109 12
      vertex 119.229 79.8109 16
    endloop
  endfacet
  facet normal -0.21588 -0.97642 0
    outer loop
      vertex 115.781 85.7816 12
      vertex 116.165 85.6967 16
      vertex 115.781 85.7816 16
    endloop
  endfacet
  facet normal -0.21588 -0.97642 -0
    outer loop
      vertex 116.165 85.6967 16
      vertex 115.781 85.7816 12
      vertex 116.165 85.6967 12
    endloop
  endfacet
  facet normal 0.73763 -0.675205 0
    outer loop
      vertex 111.553 84.2425 16
      vertex 111.818 84.532 12
      vertex 111.818 84.532 16
    endloop
  endfacet
  facet normal 0.73763 -0.675205 0
    outer loop
      vertex 111.818 84.532 12
      vertex 111.553 84.2425 16
      vertex 111.553 84.2425 12
    endloop
  endfacet
  facet normal -0.382337 -0.924023 0
    outer loop
      vertex 116.539 85.5786 12
      vertex 116.902 85.4284 16
      vertex 116.539 85.5786 16
    endloop
  endfacet
  facet normal -0.382337 -0.924023 -0
    outer loop
      vertex 116.902 85.4284 16
      vertex 116.539 85.5786 12
      vertex 116.902 85.4284 12
    endloop
  endfacet
  facet normal -0.043581 -0.99905 0
    outer loop
      vertex 115 85.85 12
      vertex 115.392 85.8329 16
      vertex 115 85.85 16
    endloop
  endfacet
  facet normal -0.043581 -0.99905 -0
    outer loop
      vertex 115.392 85.8329 16
      vertex 115 85.85 12
      vertex 115.392 85.8329 12
    endloop
  endfacet
  facet normal 0.537354 -0.843357 0
    outer loop
      vertex 112.419 85.0362 12
      vertex 112.75 85.2471 16
      vertex 112.419 85.0362 16
    endloop
  endfacet
  facet normal 0.537354 -0.843357 0
    outer loop
      vertex 112.75 85.2471 16
      vertex 112.419 85.0362 12
      vertex 112.75 85.2471 12
    endloop
  endfacet
  facet normal 0.462035 -0.886862 0
    outer loop
      vertex 112.75 85.2471 12
      vertex 113.098 85.4284 16
      vertex 112.75 85.2471 16
    endloop
  endfacet
  facet normal 0.462035 -0.886862 0
    outer loop
      vertex 113.098 85.4284 16
      vertex 112.75 85.2471 12
      vertex 113.098 85.4284 12
    endloop
  endfacet
  facet normal 0.608111 0.793852 -0
    outer loop
      vertex 112.419 77.6638 12
      vertex 112.107 77.9028 16
      vertex 112.419 77.6638 16
    endloop
  endfacet
  facet normal 0.608111 0.793852 0
    outer loop
      vertex 112.107 77.9028 16
      vertex 112.419 77.6638 12
      vertex 112.107 77.9028 12
    endloop
  endfacet
  facet normal 0.537354 0.843357 -0
    outer loop
      vertex 112.75 77.4529 12
      vertex 112.419 77.6638 16
      vertex 112.75 77.4529 16
    endloop
  endfacet
  facet normal 0.537354 0.843357 0
    outer loop
      vertex 112.419 77.6638 16
      vertex 112.75 77.4529 12
      vertex 112.419 77.6638 12
    endloop
  endfacet
  facet normal 0.608111 -0.793852 0
    outer loop
      vertex 112.107 84.7972 12
      vertex 112.419 85.0362 16
      vertex 112.107 84.7972 16
    endloop
  endfacet
  facet normal 0.608111 -0.793852 0
    outer loop
      vertex 112.419 85.0362 16
      vertex 112.107 84.7972 12
      vertex 112.419 85.0362 12
    endloop
  endfacet
  facet normal 0.462035 0.886862 -0
    outer loop
      vertex 113.098 77.2716 12
      vertex 112.75 77.4529 16
      vertex 113.098 77.2716 16
    endloop
  endfacet
  facet normal 0.462035 0.886862 0
    outer loop
      vertex 112.75 77.4529 16
      vertex 113.098 77.2716 12
      vertex 112.75 77.4529 12
    endloop
  endfacet
  facet normal 0.793286 0.608849 0
    outer loop
      vertex 111.553 78.4575 16
      vertex 111.314 78.7689 12
      vertex 111.314 78.7689 16
    endloop
  endfacet
  facet normal 0.793286 0.608849 0
    outer loop
      vertex 111.314 78.7689 12
      vertex 111.553 78.4575 16
      vertex 111.553 78.4575 12
    endloop
  endfacet
  facet normal 0.999062 -0.0433046 0
    outer loop
      vertex 110.5 81.35 16
      vertex 110.517 81.7422 12
      vertex 110.517 81.7422 16
    endloop
  endfacet
  facet normal 0.999062 -0.0433046 0
    outer loop
      vertex 110.517 81.7422 12
      vertex 110.5 81.35 16
      vertex 110.5 81.35 12
    endloop
  endfacet
  facet normal -0.130745 -0.991416 0
    outer loop
      vertex 115.392 85.8329 12
      vertex 115.781 85.7816 16
      vertex 115.392 85.8329 16
    endloop
  endfacet
  facet normal -0.130745 -0.991416 -0
    outer loop
      vertex 115.781 85.7816 16
      vertex 115.392 85.8329 12
      vertex 115.781 85.7816 12
    endloop
  endfacet
  facet normal 0.999062 0.0433046 0
    outer loop
      vertex 110.517 80.9578 16
      vertex 110.5 81.35 12
      vertex 110.5 81.35 16
    endloop
  endfacet
  facet normal 0.999062 0.0433046 0
    outer loop
      vertex 110.5 81.35 12
      vertex 110.517 80.9578 16
      vertex 110.517 80.9578 12
    endloop
  endfacet
  facet normal -0.537354 0.843357 0
    outer loop
      vertex 117.581 77.6638 12
      vertex 117.25 77.4529 16
      vertex 117.581 77.6638 16
    endloop
  endfacet
  facet normal -0.537354 0.843357 0
    outer loop
      vertex 117.25 77.4529 16
      vertex 117.581 77.6638 12
      vertex 117.25 77.4529 12
    endloop
  endfacet
  facet normal -0.843315 0.537419 0
    outer loop
      vertex 118.686 78.7689 12
      vertex 118.897 79.1 16
      vertex 118.897 79.1 12
    endloop
  endfacet
  facet normal -0.843315 0.537419 0
    outer loop
      vertex 118.897 79.1 16
      vertex 118.686 78.7689 12
      vertex 118.686 78.7689 16
    endloop
  endfacet
  facet normal 0.953752 0.300595 0
    outer loop
      vertex 110.771 79.8109 16
      vertex 110.653 80.1853 12
      vertex 110.653 80.1853 16
    endloop
  endfacet
  facet normal 0.953752 0.300595 0
    outer loop
      vertex 110.653 80.1853 12
      vertex 110.771 79.8109 16
      vertex 110.771 79.8109 12
    endloop
  endfacet
  facet normal 0.976283 0.216499 0
    outer loop
      vertex 110.653 80.1853 16
      vertex 110.568 80.5686 12
      vertex 110.568 80.5686 16
    endloop
  endfacet
  facet normal 0.976283 0.216499 0
    outer loop
      vertex 110.568 80.5686 12
      vertex 110.653 80.1853 16
      vertex 110.653 80.1853 12
    endloop
  endfacet
  facet normal 0.843315 -0.537419 0
    outer loop
      vertex 111.103 83.6 16
      vertex 111.314 83.9311 12
      vertex 111.314 83.9311 16
    endloop
  endfacet
  facet normal 0.843315 -0.537419 0
    outer loop
      vertex 111.314 83.9311 12
      vertex 111.103 83.6 16
      vertex 111.103 83.6 12
    endloop
  endfacet
  facet normal 0.21588 0.97642 -0
    outer loop
      vertex 114.219 76.9184 12
      vertex 113.835 77.0033 16
      vertex 114.219 76.9184 16
    endloop
  endfacet
  facet normal 0.21588 0.97642 0
    outer loop
      vertex 113.835 77.0033 16
      vertex 114.219 76.9184 12
      vertex 113.835 77.0033 12
    endloop
  endfacet
  facet normal 0.991524 -0.129927 0
    outer loop
      vertex 110.517 81.7422 16
      vertex 110.568 82.1314 12
      vertex 110.568 82.1314 16
    endloop
  endfacet
  facet normal 0.991524 -0.129927 0
    outer loop
      vertex 110.568 82.1314 12
      vertex 110.517 81.7422 16
      vertex 110.517 81.7422 12
    endloop
  endfacet
  facet normal 0.92319 -0.384344 0
    outer loop
      vertex 110.771 82.8891 16
      vertex 110.922 83.2518 12
      vertex 110.922 83.2518 16
    endloop
  endfacet
  facet normal 0.92319 -0.384344 0
    outer loop
      vertex 110.922 83.2518 12
      vertex 110.771 82.8891 16
      vertex 110.771 82.8891 12
    endloop
  endfacet
endsolid OpenSCAD_Model
